epochMs,elapsedMs,statusCode,error
1790447749649,172.55,200,
1790447749744,75.6127,200,
1790447749848,101.308,200,
1790447750136,286.4875,200,
1790447750452,315.859,200,
1790447751375,921.1078,200,
1790447751444,67.0163,200,
1790447752069,624.1715,200,
1790447752148,76.343,200,
1790447752273,124.7333,200,
1790447752462,187.2889,200,
1790447752545,81.5709,200,
1790447752680,133.0784,200,
1790447752751,69.8094,200,
1790447752845,91.8402,200,
1790447753066,220.3718,200,
1790447753178,110.1717,200,
1790447753454,274.4206,200,
1790447753640,184.7506,200,
1790447753774,131.4255,200,
1790447753969,193.526,200,
1790447754161,190.3386,200,
1790447754330,167.8862,200,
1790447754375,43.9708,200,
1790447754635,257.803,200,
1790447754877,241.3703,200,
1790447754944,66.1672,200,
1790447755476,531.3339,200,
1790447755727,249.2187,200,
1790447755972,243.8613,200,
1790447756074,100.3944,200,
1790447756145,69.3676,200,
1790447756181,34.8546,200,
1790447756953,771.4152,200,
1790447757147,193.0217,200,
1790447757478,329.4514,200,
1790447757552,72.1482,200,
1790447757938,384.6422,200,
1790447758133,194.7307,200,
1790447758181,45.9553,200,
1790447758362,180.1722,200,
1790447758730,366.8586,200,
1790447758939,207.2343,200,
1790447759143,201.9085,200,
1790447759185,41.3614,200,
1790447759247,60.6495,200,
1790447759354,105.5666,200,
1790447759446,90.6573,200,
1790447759480,33.0437,200,
1790447759636,155.2634,200,
1790447759937,299.4944,200,
1790447760230,292.0792,200,
1790447760967,734.5266,200,
1790447761374,406.3025,200,
1790447761482,106.4251,200,
1790447761661,177.3734,200,
1790447761773,110.6173,200,
1790447761847,72.6533,200,
1790447761958,110.0399,200,
1790447762039,79.7772,200,
1790447762135,95.2499,200,
1790447762270,133.3414,200,
1790447762376,104.5319,200,
1790447762444,66.4668,200,
1790447762547,100.4145,200,
1790447762649,99.8774,200,
1790447762843,192.7141,200,
1790447762881,36.7166,200,
1790447762939,56.2547,200,
1790447763046,104.8745,200,
1790447763074,28.4666,200,
1790447763135,58.2203,200,
1790447763170,34.7019,200,
1790447763275,102.8523,200,
1790447763380,104.959,200,
1790447763779,396.9216,200,
1790447764086,306.127,200,
1790447764247,159.6909,200,
1790447764477,228.1606,200,
1790447764634,155.986,200,
1790447764859,224.3865,200,
1790447764898,37.234,200,
1790447765039,139.4927,200,
1790447765235,194.9318,200,
1790447765565,328.7235,200,
1790447765647,80.8817,200,
1790447765778,129.864,200,
1790447765855,75.7914,200,
1790447765882,26.2133,200,
1790447766035,152.6224,200,
1790447766176,139.594,200,
1790447766277,100.5467,200,
1790447766448,169.461,200,
1790447766478,28.371,200,
1790447766580,100.6668,200,
1790447766859,277.8261,200,
1790447766969,109.4069,200,
1790447767130,159.1471,200,
1790447767167,35.3428,200,
1790447767197,28.5135,200,
1790447767380,181.3123,200,
1790447767446,65.3687,200,
1790447767540,93.4763,200,
1790447767641,96.3125,200,
1790447767840,197.9091,200,
1790447767942,99.6793,200,
1790447767980,37.17,200,
1790447768275,294.5307,200,
1790447768476,198.5186,200,
1790447768543,65.5195,200,
1790447768645,100.624,200,
1790447768753,106.7225,200,
1790447768840,86.0928,200,
1790447768970,128.8636,200,
1790447769046,74.9373,200,
1790447769146,98.993,200,
1790447769240,92.4165,200,
1790447769373,132.5459,200,
1790447769441,65.606,200,
1790447769477,34.3663,200,
1790447769580,101.6465,200,
1790447769639,58.7927,200,
1790447769743,102.7773,200,
1790447769844,99.4863,200,
1790447769942,94.9338,200,
1790447769975,32.1372,200,
1790447770069,92.8438,200,
1790447770571,500.1036,200,
1790447770686,114.3098,200,
1790447770875,188.9787,200,
1790447771079,201.5361,200,
1790447771176,97.4519,200,
1790447771279,100.1749,200,
1790447771480,200.1367,200,
1790447771570,89.27,200,
1790447771686,115.2254,200,
1790447771781,93.4929,200,
1790447771885,103.0623,200,
1790447771950,63.747,200,
1790447772038,87.0151,200,
1790447772080,40.428,200,
1790447772143,62.0996,200,
1790447772340,192.7517,200,
1790447772452,110.8102,200,
1790447772543,88.5426,200,
1790447772647,103.036,200,
1790447772744,95.0589,200,
1790447772847,100.9564,200,
1790447772886,37.5675,200,
1790447773068,181.9154,200,
1790447773144,74.4539,200,
1790447773173,28.3043,200,
1790447773370,195.9997,200,
1790447773447,75.0135,200,
1790447773568,119.2722,200,
1790447773732,162.8575,200,
1790447773776,42.7787,200,
1790447773876,98.9234,200,
1790447773942,63.7336,200,
1790447774039,95.3983,200,
1790447774137,98.1451,200,
1790447774237,98.102,200,
1790447774278,39.7906,200,
1790447774343,64.3147,200,
1790447774440,94.7026,200,
1790447774548,107.0394,200,
1790447774641,91.4767,200,
1790447774673,31.2938,200,
1790447774740,65.1038,200,
1790447774779,38.2181,200,
1790447774974,193.3287,200,
1790447775168,192.6584,200,
1790447775240,70.3085,200,
1790447775367,125.5548,200,
1790447775439,71.6233,200,
1790447775476,35.2342,200,
1790447775576,98.0204,200,
1790447775637,60.2513,200,
1790447775749,111.6074,200,
1790447776063,312.0036,200,
1790447776155,90.9075,200,
1790447776249,91.4623,200,
1790447776563,312.615,200,
1790447776680,116.5829,200,
1790447776786,104.8792,200,
1790447776874,87.1447,200,
1790447777074,198.8024,200,
1790447777147,71.6465,200,
1790447777335,187.0604,200,
1790447777445,108.4263,200,
1790447777479,32.3741,200,
1790447777591,110.5801,200,
1790447777670,77.746,200,
1790447777768,97.3259,200,
1790447777851,83.0451,200,
1790447777944,90.6723,200,
1790447778051,104.6115,200,
1790447778142,90.3481,200,
1790447778249,105.9061,200,
1790447778279,29.2527,200,
1790447778339,58.2015,200,
1790447778531,190.1158,200,
1790447778577,45.1902,200,
1790447778682,103.8816,200,
1790447778786,102.4155,200,
1790447778870,82.8808,200,
1790447778959,87.8176,200,
1790447779043,83.2332,200,
1790447779131,86.1059,200,
1790447779169,36.6958,200,
1790447779242,71.6858,200,
1790447779345,101.934,200,
1790447779445,99.8031,200,
1790447779546,98.7199,200,
1790447779583,35.114,200,
1790447779675,90.7421,200,
1790447779747,71.3321,200,
1790447779838,89.5803,200,
1790447779942,102.9672,200,
1790447780046,102.6577,200,
1790447780142,93.9946,200,
1790447780267,124.9638,200,
1790447780480,210.8657,200,
1790447780545,64.1113,200,
1790447780581,34.5534,200,
1790447780651,65.5589,200,
1790447780748,96.6377,200,
1790447780878,127.7487,200,
1790447780946,67.2909,200,
1790447781041,92.9797,200,
1790447781141,98.3229,200,
1790447781263,121.6388,200,
1790447781347,82.6181,200,
1790447781445,96.8033,200,
1790447781537,91.0611,200,
1790447781576,36.9417,200,
1790447781646,68.9054,200,
1790447781732,84.7975,200,
1790447781846,112.8051,200,
1790447781876,28.3208,200,
1790447781981,104.2143,200,
1790447782046,63.5713,200,
1790447782079,31.9901,200,
1790447782137,56.5917,200,
1790447782239,100.4681,200,
1790447782348,107.9567,200,
1790447782390,40.7424,200,
1790447782471,79.456,200,
1790447782536,63.4459,200,
1790447782639,102.2024,200,
1790447782671,30.7975,200,
1790447782698,26.2464,200,
1790447782745,44.7028,200,
1790447782870,124.9179,200,
1790447782938,67.2631,200,
1790447783061,120.7014,200,
1790447783086,23.9569,200,
1790447783164,76.6901,200,
1790447783338,172.0929,200,
1790447783464,124.5887,200,
1790447783575,109.5638,200,
1790447783671,95.965,200,
1790447783786,114.4098,200,
1790447783883,96.3219,200,
1790447783933,48.8626,200,
1790447784041,107.2841,200,
1790447784142,98.7816,200,
1790447784287,143.8405,200,
1790447784483,196.4836,200,
1790447784681,196.2269,200,
1790447784781,98.9542,200,
1790447784846,63.0646,200,
1790447784936,89.26,200,
1790447785179,239.5874,200,
1790447785462,281.8699,200,
1790447785536,73.8615,200,
1790447785670,132.2127,200,
1790447785737,65.7733,200,
1790447785838,99.5154,200,
1790447785930,90.7526,200,
1790447785968,36.8351,200,
1790447786031,63.0091,200,
1790447786081,47.9244,200,
1790447786130,48.4894,200,
1790447786165,33.8591,200,
1790447786193,25.8417,200,
1790447786239,46.1925,200,
1790447786562,320.9279,200,
1790447786645,82.2144,200,
1790447786757,109.8364,200,
1790447786839,81.8189,200,
1790447786948,107.1969,200,
1790447787172,222.9743,200,
1790447787369,195.5621,200,
1790447787518,149.008,200,
1790447787752,232.1251,200,
1790447788053,299.7686,200,
1790447788253,197.9452,200,
1790447788555,300.8667,200,
1790447788588,30.0251,200,
1790447788686,98.0799,200,
1790447788768,80.2778,200,
1790447788879,109.9037,200,
1790447788979,99.2266,200,
1790447789079,98.7456,200,
1790447789364,284.7613,200,
1790447789763,397.9417,200,
1790447789870,105.7515,200,
1790447789971,100.5405,200,
1790447790576,603.8694,200,
1790447791228,651.1854,200,
1790447791275,44.7022,200,
1790447791340,64.3306,200,
1790447791470,128.1688,200,
1790447791546,75.2075,200,
1790447791574,26.8258,200,
1790447791641,66.8663,200,
1790447791734,90.8712,200,
1790447791768,33.8012,200,
1790447791839,69.3561,200,
1790447791942,101.1426,200,
1790447791987,44.3187,200,
1790447792073,84.0692,200,
1790447792166,91.4383,200,
1790447792196,28.5632,200,
1790447792226,29.0794,200,
1790447792259,31.5558,200,
1790447792377,116.8016,200,
1790447792487,110.0356,200,
1790447792573,84.0073,200,
1790447792636,62.5885,200,
1790447792735,97.4928,200,
1790447792773,36.4441,200,
1790447792847,72.8453,200,
1790447792882,34.4296,200,
1790447792936,52.2477,200,
1790447792976,38.6013,200,
1790447793068,90.0712,200,
1790447793090,21.9417,200,
1790447793147,56.4067,200,
1790447793238,89.4431,200,
1790447793272,33.1994,200,
1790447793338,64.1393,200,
1790447793455,116.5063,200,
1790447793550,92.8899,200,
1790447793576,24.8712,200,
1790447793645,68.3847,200,
1790447793680,33.53,200,
1790447793775,94.1938,200,
1790447793843,66.0262,200,
1790447793876,32.2988,200,
1790447793962,84.6396,200,
1790447793995,31.0526,200,
1790447794047,51.0509,200,
1790447794081,32.8827,200,
1790447794130,48.049,200,
1790447794175,43.2095,200,
1790447794271,95.5365,200,
1790447794339,64.4896,200,
1790447794427,84.1711,200,
1790447794476,47.8552,200,
1790447794534,57.3614,200,
1790447794576,40.0178,200,
1790447794680,102.8794,200,
1790447794771,91.12,200,
1790447794799,26.5882,200,
1790447794839,38.8801,200,
1790447794874,33.4034,200,
1790447794936,60.8673,200,
1790447794980,42.6804,200,
1790447795037,56.1172,200,
1790447795073,35.2926,200,
1790447795103,27.3122,200,
1790447795172,67.4375,200,
1790447795207,34.4146,200,
1790447795262,53.9676,200,
1790447795362,98.5492,200,
1790447795390,26.4092,200,
1790447795476,85.6144,200,
1790447795580,102.8778,200,
1790447795641,59.9627,200,
1790447795749,106.3706,200,
1790447795839,89.0326,200,
1790447795940,99.4181,200,
1790447796043,102.6471,200,
1790447796143,97.3168,200,
1790447796229,84.4157,200,
1790447796282,52.9103,200,
1790447796344,60.9241,200,
1790447796382,36.0978,200,
1790447796473,88.7029,200,
1790447796502,28.7151,200,
1790447796528,25.5903,200,
1790447796557,27.3051,200,
1790447796588,29.3748,200,
1790447796682,92.7441,200,
1790447796711,27.8938,200,
1790447796739,28.019,200,
1790447796772,31.3898,200,
1790447796835,61.773,200,
1790447796869,34.0731,200,
1790447796968,97.5004,200,
1790447797003,33.2561,200,
1790447797041,36.406,200,
1790447797080,37.6608,200,
1790447797108,26.5486,200,
1790447797141,31.4098,200,
1790447797169,28.0303,200,
1790447797205,34.3385,200,
1790447797234,27.1335,200,
1790447797267,32.8545,200,
1790447797299,30.6342,200,
1790447797334,33.2208,200,
1790447797367,32.0821,200,
1790447797394,25.2471,200,
1790447797422,26.7678,200,
1790447797454,30.3927,200,
1790447797488,32.5556,200,
1790447797537,48.0165,200,
1790447797569,30.7532,200,
1790447797599,28.5052,200,
1790447797667,66.4635,200,
1790447797737,69.8364,200,
1790447797768,27.844,200,
1790447797800,31.9683,200,
1790447797834,33.0159,200,
1790447797874,40.5778,200,
1790447797941,64.2378,200,
1790447797975,33.2674,200,
1790447798005,29.1393,200,
1790447798073,67.2753,200,
1790447798103,28.7812,200,
1790447798167,63.5785,200,
1790447798199,30.9006,200,
1790447798277,76.8423,200,
1790447798307,28.9766,200,
1790447798336,28.1693,200,
1790447798366,28.6182,200,
1790447798397,29.0086,200,
1790447798440,40.9561,200,
1790447798468,28.4628,200,
1790447798499,28.8909,200,
1790447798530,31.0344,200,
1790447798560,27.4059,200,
1790447798593,31.7639,200,
1790447798621,26.3876,200,
1790447798650,27.8934,200,
1790447798678,27.46,200,
1790447798707,27.7387,200,
1790447798730,22.7862,200,
1790447798755,23.5871,200,
1790447798783,27.2678,200,
1790447798811,28.068,200,
1790447798839,25.2587,200,
1790447798871,31.0709,200,
1790447798899,27.4039,200,
1790447798927,27.2237,200,
1790447798955,26.5006,200,
1790447798982,25.871,200,
1790447799010,27.167,200,
1790447799033,22.3804,200,
1790447799066,31.6463,200,
1790447799099,31.2429,200,
1790447799125,25.5392,200,
1790447799176,49.4999,200,
1790447799259,82.4411,200,
1790447799289,27.8216,200,
1790447799363,72.906,200,
1790447799397,32.4491,200,
1790447799469,70.4903,200,
1790447799566,95.1376,200,
1790447799634,67.963,200,
1790447799668,32.5512,200,
1790447799736,67.1275,200,
1790447799770,31.9861,200,
1790447799804,32.9034,200,
1790447799830,24.2152,200,
1790447799869,38.9569,200,
1790447799896,24.504,200,
1790447799919,23.3745,200,
1790447799941,20.4622,200,
1790447799970,27.8952,200,
1790447800000,28.4233,200,
1790447800040,38.8134,200,
1790447800067,25.6803,200,
1790447800111,42.5863,200,
1790447800137,25.1038,200,
1790447800166,27.9317,200,
1790447800198,29.7037,200,
1790447800227,28.4544,200,
1790447800290,61.2273,200,
1790447800339,47.7745,200,
1790447800386,46.0718,200,
1790447800448,61.4708,200,
1790447800482,32.2547,200,
1790447800511,28.0488,200,
1790447800537,24.9441,200,
1790447800577,38.6489,200,
1790447800606,27.6961,200,
1790447800635,27.942,200,
1790447800666,30.0643,200,
1790447800703,35.7555,200,
1790447800732,27.4425,200,
1790447800780,46.7638,200,
1790447800815,34.0458,200,
1790447800844,27.9254,200,
1790447800876,31.3544,200,
1790447800912,34.5684,200,
1790447800940,27.165,200,
1790447800974,33.7699,200,
1790447801010,34.1332,200,
1790447801034,23.123,200,
1790447801065,29.6837,200,
1790447801102,35.429,200,
1790447801127,24.0421,200,
1790447801155,26.7728,200,
1790447801184,28.4117,200,
1790447801213,27.1754,200,
1790447801259,45.1583,200,
1790447801289,28.8991,200,
1790447801317,26.8275,200,
1790447801349,31.0948,200,
1790447801392,42.3562,200,
1790447801433,39.7668,200,
1790447801471,36.6878,200,
1790447801539,66.5041,200,
1790447801568,27.7965,200,
1790447801601,32.676,200,
1790447801641,38.8038,200,
1790447801680,37.7306,200,
1790447801782,100.9612,200,
1790447801838,54.3056,200,
1790447801880,40.2554,200,
1790447801911,30.0891,200,
1790447802060,147.7788,200,
1790447802090,29.9107,200,
1790447802117,24.9472,200,
1790447802171,52.9438,200,
1790447802200,28.2411,200,
1790447802228,27.6255,200,
1790447802254,25.4832,200,
1790447802284,27.5342,200,
1790447802322,37.1574,200,
1790447802353,29.3874,200,
1790447802385,31.3229,200,
1790447802416,29.915,200,
1790447802454,36.683,200,
1790447802490,34.3806,200,
1790447802522,31.4799,200,
1790447802552,28.5787,200,
1790447802587,33.0003,200,
1790447802621,33.558,200,
1790447802658,35.7581,200,
1790447802699,40.5111,200,
1790447802725,24.488,200,
1790447802755,29.2165,200,
1790447802787,30.2637,200,
1790447802815,26.7177,200,
1790447802852,36.0194,200,
1790447802883,29.4331,200,
1790447802910,26.6271,200,
1790447802941,29.2427,200,
1790447802974,31.8417,200,
1790447803003,27.7107,200,
1790447803028,23.924,200,
1790447803056,27.7409,200,
1790447803080,23.1299,200,
1790447803103,22.2101,200,
1790447803127,22.6649,200,
1790447803162,33.5156,200,
1790447803188,24.6905,200,
1790447803217,26.9936,200,
1790447803250,31.6221,200,
1790447803288,37.3527,200,
1790447803316,26.2897,200,
1790447803342,25.4239,200,
1790447803379,36.4319,200,
1790447803410,28.8111,200,
1790447803440,28.485,200,
1790447803467,26.6371,200,
1790447803496,27.5186,200,
1790447803527,30.2649,200,
1790447803556,27.9183,200,
1790447803591,33.8021,200,
1790447803626,33.1132,200,
1790447803667,39.642,200,
1790447803697,29.3746,200,
1790447803735,36.1638,200,
1790447803765,29.3239,200,
1790447803795,29.1474,200,
1790447803826,30.1359,200,
1790447803859,30.6575,200,
1790447803893,32.5133,200,
1790447803921,27.1832,200,
1790447803949,28.0018,200,
1790447803981,29.6573,200,
1790447804007,26.1319,200,
1790447804034,25.0907,200,
1790447804061,27.1506,200,
1790447804093,30.8907,200,
1790447804123,28.909,200,
1790447804159,34.1119,200,
1790447804191,29.8082,200,
1790447804221,29.4465,200,
1790447804259,34.4867,200,
1790447804292,31.5708,200,
1790447804339,45.5046,200,
1790447804439,99.4075,200,
1790447804545,103.8986,200,
1790447804634,86.9971,200,
1790447804669,35.1629,200,
1790447804733,62.2266,200,
1790447804762,27.7915,200,
1790447804792,29.21,200,
1790447804821,28.7649,200,
1790447804853,30.4018,200,
1790447804885,30.3495,200,
1790447804914,28.5641,200,
1790447804943,26.6083,200,
1790447804969,24.8432,200,
1790447804998,28.8721,200,
1790447805024,25.8916,200,
1790447805053,27.1696,200,
1790447805080,26.2239,200,
1790447805107,25.307,200,
1790447805139,30.3283,200,
1790447805169,29.1975,200,
1790447805215,44.3536,200,
1790447805248,30.5687,200,
1790447805280,31.7388,200,
1790447805312,29.874,200,
1790447805343,30.1501,200,
1790447805374,29.2018,200,
1790447805401,25.8684,200,
1790447805429,27.0516,200,
1790447805459,28.4673,200,
1790447805487,28.0447,200,
1790447805515,25.6497,200,
1790447805543,27.0589,200,
1790447805578,33.9622,200,
1790447805614,35.2439,200,
1790447805648,32.7177,200,
1790447805686,35.9766,200,
1790447805716,28.8622,200,
1790447805749,31.5953,200,
1790447805778,28.1171,200,
1790447805807,28.3703,200,
1790447805870,62.327,200,
1790447805897,25.316,200,
1790447805931,33.0793,200,
1790447805967,33.9575,200,
1790447805999,30.8401,200,
1790447806026,26.8219,200,
1790447806057,29.6648,200,
1790447806085,26.8087,200,
1790447806122,37.2601,200,
1790447806153,29.4208,200,
1790447806186,31.8109,200,
1790447806215,27.3554,200,
1790447806247,30.6937,200,
1790447806288,40.5064,200,
1790447806318,29.0761,200,
1790447806348,29.4783,200,
1790447806378,28.2158,200,
1790447806407,29.0981,200,
1790447806438,29.6165,200,
1790447806466,27.3769,200,
1790447806500,33.029,200,
1790447806530,28.6686,200,
1790447806559,27.7744,200,
1790447806587,26.4458,200,
1790447806624,35.9422,200,
1790447806655,29.4885,200,
1790447806683,27.0075,200,
1790447806713,29.5667,200,
1790447806745,30.4539,200,
1790447806773,27.759,200,
1790447806804,29.6775,200,
1790447806832,26.6316,200,
1790447806867,29.712,200,
1790447806902,33.4657,200,
1790447806934,30.3231,200,
1790447806963,27.84,200,
1790447806992,28.5761,200,
1790447807024,30.8322,200,
1790447807057,31.6705,200,
1790447807089,30.8028,200,
1790447807121,31.1047,200,
1790447807154,32.105,200,
1790447807185,30.377,200,
1790447807216,30.9088,200,
1790447807247,28.7411,200,
1790447807280,31.5162,200,
1790447807315,30.859,200,
1790447807343,27.3365,200,
1790447807372,26.9228,200,
1790447807404,31.0972,200,
1790447807436,29.4784,200,
1790447807476,38.842,200,
1790447807504,27.7624,200,
1790447807532,27.2433,200,
1790447807562,28.6413,200,
1790447807592,29.0537,200,
1790447807626,32.1403,200,
1790447807656,29.0322,200,
1790447807688,31.0116,200,
1790447807718,28.7537,200,
1790447807749,29.4414,200,
1790447807781,30.8971,200,
1790447807817,33.9561,200,
1790447807848,29.7384,200,
1790447807880,31.3884,200,
1790447807910,28.8839,200,
1790447807963,52.6372,200,
1790447807997,33.0883,200,
1790447808066,66.7799,200,
1790447808093,25.5974,200,
1790447808126,31.7971,200,
1790447808155,27.4477,200,
1790447808183,28.1725,200,
1790447808213,28.6871,200,
1790447808246,31.4566,200,
1790447808273,26.5572,200,
1790447808307,32.3303,200,
1790447808339,30.8614,200,
1790447808366,25.9648,200,
1790447808393,26.8934,200,
1790447808426,31.1048,200,
1790447808457,30.9897,200,
1790447808490,31.1336,200,
1790447808524,32.4394,200,
1790447808554,28.5427,200,
1790447808582,28.2601,200,
1790447808614,29.6493,200,
1790447808662,46.7456,200,
1790447808763,100.637,200,
1790447808796,31.2006,200,
1790447808824,26.5606,200,
1790447808854,28.4638,200,
1790447808883,28.2726,200,
1790447808912,26.9839,200,
1790447808938,25.9408,200,
1790447808973,33.3603,200,
1790447808999,25.3265,200,
1790447809027,27.1705,200,
1790447809058,30.1503,200,
1790447809087,26.7621,200,
1790447809117,28.9121,200,
1790447809145,27.2943,200,
1790447809174,27.6854,200,
1790447809204,28.0239,200,
1790447809261,56.2819,200,
1790447809290,28.1648,200,
1790447809319,27.3582,200,
1790447809345,25.0793,200,
1790447809373,27.0694,200,
1790447809406,30.9469,200,
1790447809489,82.164,200,
1790447809517,26.5604,200,
1790447809571,53.1148,200,
1790447809604,32.6895,200,
1790447809775,169.7091,200,
1790447809804,28.367,200,
1790447809880,73.6117,200,
1790447809969,88.3432,200,
1790447810004,33.6068,200,
1790447810033,27.5374,200,
1790447810078,44.5133,200,
1790447810108,28.4718,200,
1790447810137,27.7097,200,
1790447810166,28.2388,200,
1790447810201,33.4808,200,
1790447810225,24.5912,200,
1790447810257,29.9188,200,
1790447810333,74.2731,200,
1790447810387,53.285,200,
1790447810449,59.7815,200,
1790447810479,29.1333,200,
1790447810507,26.126,200,
1790447810579,72.0664,200,
1790447810690,108.9039,200,
1790447810864,173.0699,200,
1790447810940,75.0346,200,
1790447810986,44.9702,200,
1790447811056,68.5266,200,
1790447811090,33.525,200,
1790447811120,28.436,200,
1790447811149,28.3923,200,
1790447811185,34.8897,200,
1790447811226,39.6785,200,
1790447811252,25.3581,200,
1790447811284,30.5392,200,
1790447811315,29.5536,200,
1790447811343,26.8261,200,
1790447811370,26.6134,200,
1790447811401,29.6126,200,
1790447811430,27.2356,200,
1790447811462,31.3337,200,
1790447811494,30.9486,200,
1790447811527,32.0859,200,
1790447811548,20.0256,200,
1790447811574,24.2975,200,
1790447811605,30.4946,200,
1790447811638,32.441,200,
1790447811683,43.5766,200,
1790447811729,45.173,200,
1790447811759,26.9376,200,
1790447811792,33.0745,200,
1790447811821,27.6339,200,
1790447811852,29.7614,200,
1790447811889,36.3095,200,
1790447811923,31.9547,200,
1790447811952,28.2482,200,
1790447811983,30.4174,200,
1790447812021,37.0337,200,
1790447812053,30.1432,200,
1790447812094,39.7382,200,
1790447812119,24.6087,200,
1790447812148,27.0307,200,
1790447812174,25.7955,200,
1790447812205,29.7401,200,
1790447812236,30.4593,200,
1790447812264,26.5876,200,
1790447812299,32.3369,200,
1790447812322,22.6421,200,
1790447812350,26.8326,200,
1790447812384,33.767,200,
1790447812473,86.4705,200,
1790447812512,37.5226,200,
1790447812578,65.0146,200,
1790447812609,29.6614,200,
1790447812635,24.8427,200,
1790447812677,40.9566,200,
1790447812708,29.4391,200,
1790447812734,24.2067,200,
1790447812781,46.2958,200,
1790447812879,97.9114,200,
1790447812910,28.6117,200,
1790447812933,22.4474,200,
1790447812962,28.6859,200,
1790447812995,30.8157,200,
1790447813062,66.291,200,
1790447813100,36.3942,200,
1790447813284,182.5041,200,
1790447813311,27.1121,200,
1790447813377,64.5462,200,
1790447813405,27.4674,200,
1790447813482,74.917,200,
1790447813511,28.1456,200,
1790447813535,22.7381,200,
1790447813573,36.5261,200,
1790447813606,31.8069,200,
1790447813634,27.6665,200,
1790447813663,27.4578,200,
1790447813694,29.8425,200,
1790447813719,23.754,200,
1790447813748,27.8659,200,
1790447813775,26.4337,200,
1790447813806,29.7631,200,
1790447813833,25.7209,200,
1790447813860,25.4194,200,
1790447813889,28.1338,200,
1790447813920,29.7312,200,
1790447813945,25.2491,200,
1790447813975,27.9424,200,
1790447814007,31.4252,200,
1790447814037,28.7694,200,
1790447814067,28.7241,200,
1790447814092,24.2124,200,
1790447814125,30.8544,200,
1790447814153,27.6358,200,
1790447814183,27.933,200,
1790447814212,28.0831,200,
1790447814242,28.4549,200,
1790447814270,27.6141,200,
1790447814301,29.6436,200,
1790447814334,31.7556,200,
1790447814373,38.5341,200,
1790447814400,25.6192,200,
1790447814429,28.4207,200,
1790447814464,32.6944,200,
1790447814494,28.1624,200,
1790447814523,28.5043,200,
1790447814552,28.4226,200,
1790447814582,25.4559,200,
1790447814612,28.4253,200,
1790447814644,29.367,200,
1790447814674,28.0848,200,
1790447814744,69.6671,200,
1790447814776,30.3563,200,
1790447814805,27.5601,200,
1790447814834,28.3095,200,
1790447814864,28.9539,200,
1790447814900,34.1049,200,
1790447814930,28.944,200,
1790447814959,28.2155,200,
1790447814990,29.5552,200,
1790447815020,29.2192,200,
1790447815045,24.4795,200,
1790447815075,28.415,200,
1790447815104,28.0309,200,
1790447815134,28.8989,200,
1790447815166,30.5361,200,
1790447815196,28.9838,200,
1790447815235,37.7625,200,
1790447815275,39.9725,200,
1790447815306,29.1186,200,
1790447815341,33.4724,200,
1790447815371,29.5182,200,
1790447815403,29.9505,200,
1790447815432,28.6116,200,
1790447815462,29.3537,200,
1790447815489,24.3018,200,
1790447815516,26.4941,200,
1790447815540,23.881,200,
1790447815573,30.9827,200,
1790447815610,35.8318,200,
1790447815646,34.9832,200,
1790447815679,30.7054,200,
1790447815709,28.5381,200,
1790447815735,25.7318,200,
1790447815768,30.6998,200,
1790447815797,28.6077,200,
1790447815829,30.7776,200,
1790447815862,32.9287,200,
1790447815898,33.4602,200,
1790447815928,29.5192,200,
1790447815964,34.3488,200,
1790447816037,73.3505,200,
1790447816071,31.2396,200,
1790447816096,24.4,200,
1790447816132,35.287,200,
1790447816160,26.4338,200,
1790447816191,30.2014,200,
1790447816220,27.7059,200,
1790447816251,29.7646,200,
1790447816286,33.5649,200,
1790447816322,34.7884,200,
1790447816348,25.4464,200,
1790447816376,26.6632,200,
1790447816406,28.6514,200,
1790447816436,30.4065,200,
1790447816470,32.2168,200,
1790447816545,73.7389,200,
1790447816578,32.3395,200,
1790447816639,60.0635,200,
1790447816672,31.8924,200,
1790447816709,35.8816,200,
1790447816736,26.6307,200,
1790447816769,31.1228,200,
1790447816797,26.6717,200,
1790447816823,26.0446,200,
1790447816853,28.3737,200,
1790447816885,31.7321,200,
1790447816917,30.6356,200,
1790447816947,28.6201,200,
1790447816974,26.8686,200,
1790447817002,26.7211,200,
1790447817027,24.058,200,
1790447817059,30.4985,200,
1790447817088,28.4112,200,
1790447817120,31.2855,200,
1790447817154,32.221,200,
1790447817181,26.1163,200,
1790447817210,27.4891,200,
1790447817242,31.2763,200,
1790447817270,27.7176,200,
1790447817305,32.2915,200,
1790447817343,37.2094,200,
1790447817372,27.287,200,
1790447817400,27.1439,200,
1790447817433,31.5389,200,
1790447817465,31.3118,200,
1790447817495,28.6579,200,
1790447817528,31.9847,200,
1790447817563,33.4916,200,
1790447817589,25.7495,200,
1790447817618,26.5262,200,
1790447817645,27.2883,200,
1790447817673,26.8109,200,
1790447817706,29.8786,200,
1790447817732,25.4163,200,
1790447817762,28.9798,200,
1790447817793,28.5893,200,
1790447817827,31.7907,200,
1790447817855,27.9812,200,
1790447817886,29.7052,200,
1790447817915,27.1299,200,
1790447817943,27.4831,200,
1790447817980,35.709,200,
1790447818011,29.2879,200,
1790447818039,27.0939,200,
1790447818062,22.2758,200,
1790447818093,29.755,200,
1790447818121,27.1959,200,
1790447818153,31.2536,200,
1790447818186,32.7119,200,
1790447818214,26.1015,200,
1790447818247,31.3276,200,
1790447818285,37.5628,200,
1790447818312,26.3346,200,
1790447818342,28.5636,200,
1790447818368,24.3842,200,
1790447818395,26.8218,200,
1790447818435,38.3049,200,
1790447818468,31.8159,200,
1790447818496,27.0692,200,
1790447818529,30.9352,200,
1790447818559,30.0058,200,
1790447818588,27.3692,200,
1790447818618,29.2201,200,
1790447818651,32.1066,200,
1790447818681,28.2277,200,
1790447818738,55.3334,200,
1790447818770,30.2867,200,
1790447818799,27.8301,200,
1790447818825,25.6887,200,
1790447818860,33.8237,200,
1790447818888,26.4312,200,
1790447818915,26.0202,200,
1790447818945,29.2807,200,
1790447818974,27.6898,200,
1790447819001,26.502,200,
1790447819029,26.7856,200,
1790447819054,23.965,200,
1790447819085,29.3609,200,
1790447819117,31.2825,200,
1790447819146,27.7333,200,
1790447819179,31.2802,200,
1790447819215,35.3305,200,
1790447819241,25.3924,200,
1790447819273,30.3072,200,
1790447819306,31.8488,200,
1790447819377,70.6918,200,
1790447819413,32.3665,200,
1790447819449,34.2378,200,
1790447819482,32.8058,200,
1790447819517,33.2133,200,
1790447819545,26.4647,200,
1790447819573,27.2089,200,
1790447819603,29.8406,200,
1790447819634,29.2642,200,
1790447819661,26.9587,200,
1790447819694,32.226,200,
1790447819724,29.1532,200,
1790447819759,32.2214,200,
1790447819787,27.4619,200,
1790447819815,26.8277,200,
1790447819847,30.4106,200,
1790447819878,29.3635,200,
1790447819906,26.7805,200,
1790447819933,25.0744,200,
1790447819967,32.7685,200,
1790447819999,30.2265,200,
1790447820029,29.1885,200,
1790447820056,25.9517,200,
1790447820088,30.8022,200,
1790447820118,27.444,200,
1790447820148,28.7972,200,
1790447820175,25.9612,200,
1790447820200,24.3589,200,
1790447820233,30.61,200,
1790447820268,34.0972,200,
1790447820303,32.4066,200,
1790447820349,44.3136,200,
1790447820411,61.31,200,
1790447820458,45.5595,200,
1790447820488,28.8807,200,
1790447820516,27.1748,200,
1790447820546,28.4201,200,
1790447820578,30.5785,200,
1790447820609,30.1996,200,
1790447820652,41.7837,200,
1790447820689,35.8872,200,
1790447820724,34.0872,200,
1790447820771,43.7113,200,
1790447820849,76.4958,200,
1790447820884,33.4961,200,
1790447820913,28.1824,200,
1790447820955,41.8017,200,
1790447820988,32.7985,200,
1790447821050,59.5021,200,
1790447821074,23.9892,200,
1790447821132,55.6099,200,
1790447821166,32.8165,200,
1790447821206,37.9453,200,
1790447821247,39.6957,200,
1790447821279,31.8238,200,
1790447821312,31.1652,200,
1790447821351,38.2233,200,
1790447821379,25.1649,200,
1790447821416,36.4455,200,
1790447821446,29.0456,200,
1790447821479,31.4693,200,
1790447821525,44.3421,200,
1790447821558,32.0974,200,
1790447821586,26.9229,200,
1790447821620,33.1428,200,
1790447821674,52.2022,200,
1790447821711,36.3168,200,
1790447821774,61.6158,200,
1790447821806,30.8982,200,
1790447821836,29.0549,200,
1790447821866,29.186,200,
1790447821939,72.2373,200,
1790447821975,35.5333,200,
1790447822005,27.8069,200,
1790447822034,27.9191,200,
1790447822062,27.5362,200,
1790447822091,28.5929,200,
1790447822118,25.8518,200,
1790447822148,28.8092,200,
1790447822178,28.5675,200,
1790447822214,35.2204,200,
1790447822242,27.2514,200,
1790447822274,30.4904,200,
1790447822302,26.5982,200,
1790447822330,26.6585,200,
1790447822360,28.9975,200,
1790447822386,25.2324,200,
1790447822424,36.4788,200,
1790447822458,33.4889,200,
1790447822488,28.5137,200,
1790447822526,36.164,200,
1790447822558,31.5108,200,
1790447822588,29.2246,200,
1790447822621,31.7735,200,
1790447822657,34.5837,200,
1790447822687,29.3405,200,
1790447822717,28.5383,200,
1790447822748,28.9685,200,
1790447822773,23.6834,200,
1790447822805,30.8974,200,
1790447822840,33.6933,200,
1790447822868,27.1666,200,
1790447822897,27.5717,200,
1790447822929,31.1671,200,
1790447822962,32.2015,200,
1790447822996,31.8408,200,
1790447823028,31.2612,200,
1790447823071,40.6903,200,
1790447823101,29.2337,200,
1790447823126,23.9229,200,
1790447823154,26.8787,200,
1790447823185,29.5665,200,
1790447823215,29.6561,200,
1790447823278,61.9489,200,
1790447823304,26.0289,200,
1790447823334,28.5415,200,
1790447823367,31.8403,200,
1790447823404,36.2865,200,
1790447823437,31.1261,200,
1790447823467,29.7211,200,
1790447823495,27.1551,200,
1790447823522,25.4549,200,
1790447823553,30.4807,200,
1790447823580,25.9966,200,
1790447823614,31.6804,200,
1790447823641,26.8747,200,
1790447823679,36.5432,200,
1790447823719,37.9271,200,
1790447823748,27.5806,200,
1790447823780,30.9622,200,
1790447823810,28.779,200,
1790447823840,28.5575,200,
1790447823871,29.5857,200,
1790447823901,28.3638,200,
1790447823927,26.0454,200,
1790447823954,24.8491,200,
1790447823989,34.5145,200,
1790447824016,24.6231,200,
1790447824040,24.2097,200,
1790447824071,28.555,200,
1790447824097,25.0977,200,
1790447824126,28.7011,200,
1790447824154,26.2972,200,
1790447824185,29.0218,200,
1790447824212,26.4937,200,
1790447824237,23.9122,200,
1790447824266,28.4958,200,
1790447824299,31.7322,200,
1790447824325,25.1905,200,
1790447824351,24.813,200,
1790447824378,25.8202,200,
1790447824406,27.4333,200,
1790447824434,26.3008,200,
1790447824461,26.0668,200,
1790447824493,30.5895,200,
1790447824519,25.5855,200,
1790447824553,33.272,200,
1790447824585,31.172,200,
1790447824630,44.0294,200,
1790447824657,25.61,200,
1790447824690,31.7023,200,
1790447824715,24.0801,200,
1790447824749,33.0726,200,
1790447824776,25.4075,200,
1790447824805,27.5879,200,
1790447824830,24.2738,200,
1790447824857,26.4801,200,
1790447824890,30.999,200,
1790447824918,26.806,200,
1790447824943,24.5727,200,
1790447824972,27.771,200,
1790447825002,28.6805,200,
1790447825028,24.9585,200,
1790447825054,25.6489,200,
1790447825083,27.6102,200,
1790447825113,27.4321,200,
1790447825138,24.1993,200,
1790447825166,26.8827,200,
1790447825197,30.3027,200,
1790447825224,26.2967,200,
1790447825250,24.4957,200,
1790447825285,34.6649,200,
1790447825313,26.8006,200,
1790447825351,36.8165,200,
1790447825381,28.8917,200,
1790447825414,31.1727,200,
1790447825441,25.9176,200,
1790447825467,26.1363,200,
1790447825497,28.2602,200,
1790447825524,25.1306,200,
1790447825551,26.4728,200,
1790447825582,29.3424,200,
1790447825612,28.4451,200,
1790447825640,27.2716,200,
1790447825669,27.8709,200,
1790447825699,28.8975,200,
1790447825724,24.3711,200,
1790447825754,28.4047,200,
1790447825784,28.8331,200,
1790447825812,28.0104,200,
1790447825838,24.7581,200,
1790447825868,28.2709,200,
1790447825898,28.9846,200,
1790447825926,26.2332,200,
1790447825950,23.3606,200,
1790447825982,31.8449,200,
1790447826016,31.6107,200,
1790447826046,28.7543,200,
1790447826074,27.4095,200,
1790447826103,27.5069,200,
1790447826130,26.7385,200,
1790447826163,30.8438,200,
1790447826200,36.3883,200,
1790447826232,30.7927,200,
1790447826265,32.7093,200,
1790447826296,28.4656,200,
1790447826324,27.0728,200,
1790447826350,25.6721,200,
1790447826380,28.5248,200,
1790447826410,28.5598,200,
1790447826440,29.1124,200,
1790447826463,22.5802,200,
1790447826499,32.831,200,
1790447826530,29.4623,200,
1790447826558,27.5944,200,
1790447826586,26.7902,200,
1790447826614,27.0742,200,
1790447826647,31.1078,200,
1790447826679,30.4561,200,
1790447826714,34.2089,200,
1790447826744,28.5299,200,
1790447826773,28.2929,200,
1790447826805,31.0899,200,
1790447826830,24.7511,200,
1790447826865,31.7796,200,
1790447826899,32.5381,200,
1790447826928,27.7457,200,
1790447826959,30.3221,200,
1790447826987,26.3108,200,
1790447827018,30.0631,200,
1790447827049,29.8472,200,
1790447827076,26.0926,200,
1790447827105,26.9248,200,
1790447827142,35.0152,200,
1790447827182,38.8733,200,
1790447827212,28.949,200,
1790447827242,26.8805,200,
1790447827277,29.4826,200,
1790447827309,30.5934,200,
1790447827337,27.2658,200,
1790447827367,27.9412,200,
1790447827400,31.6398,200,
1790447827435,33.6529,200,
1790447827467,30.3625,200,
1790447827499,31.3104,200,
1790447827538,35.4936,200,
1790447827570,30.7552,200,
1790447827604,30.3888,200,
1790447827643,37.5381,200,
1790447827675,29.7044,200,
1790447827707,29.4359,200,
1790447827750,42.1923,200,
1790447827779,28.177,200,
1790447827814,28.6207,200,
1790447827844,29.2877,200,
1790447827880,33.5502,200,
1790447827910,29.5328,200,
1790447827942,29.4461,200,
1790447827974,29.5528,200,
1790447828003,25.6502,200,
1790447828033,26.1661,200,
1790447828070,35.1171,200,
1790447828099,28.5404,200,
1790447828125,24.8272,200,
1790447828151,25.4503,200,
1790447828183,30.6342,200,
1790447828210,26.7761,200,
1790447828239,28.0636,200,
1790447828277,35.9002,200,
1790447828312,33.5872,200,
1790447828363,50.1586,200,
1790447828392,27.2433,200,
1790447828418,25.6495,200,
1790447828448,28.0587,200,
1790447828481,31.4649,200,
1790447828512,30.0096,200,
1790447828539,25.7593,200,
1790447828568,27.901,200,
1790447828605,35.3352,200,
1790447828640,34.1127,200,
1790447828671,29.8128,200,
1790447828701,28.9867,200,
1790447828732,30.4204,200,
1790447828763,28.7062,200,
1790447828791,27.5278,200,
1790447828819,26.4555,200,
1790447828849,26.1488,200,
1790447828878,28.5967,200,
1790447828905,26.0059,200,
1790447828940,33.1857,200,
1790447828969,28.295,200,
1790447828997,26.9411,200,
1790447829035,36.0467,200,
1790447829068,32.4364,200,
1790447829094,24.127,200,
1790447829126,30.6359,200,
1790447829157,30.1968,200,
1790447829186,27.1097,200,
1790447829216,29.4029,200,
1790447829245,28.0494,200,
1790447829273,27.7392,200,
1790447829306,31.2968,200,
1790447829336,28.8965,200,
1790447829365,28.1915,200,
1790447829394,28.5158,200,
1790447829462,66.9661,200,
1790447829493,29.2429,200,
1790447829525,30.7842,200,
1790447829553,28.7106,200,
1790447829583,28.1052,200,
1790447829614,29.4074,200,
1790447829648,32.4754,200,
1790447829676,26.7325,200,
1790447829721,44.9775,200,
1790447829751,27.8121,200,
1790447829780,28.8506,200,
1790447829807,25.7722,200,
1790447829834,26.2596,200,
1790447829864,29.104,200,
1790447829896,30.0401,200,
1790447829931,33.8063,200,
1790447829971,38.7134,200,
1790447830001,29.2459,200,
1790447830028,26.61,200,
1790447830057,26.7183,200,
1790447830086,28.4749,200,
1790447830112,24.2459,200,
1790447830140,25.4631,200,
1790447830179,38.5936,200,
1790447830206,25.9348,200,
1790447830239,32.5556,200,
1790447830272,31.2978,200,
1790447830351,77.7741,200,
1790447830397,45.2332,200,
1790447830475,76.0406,200,
1790447830507,31.3658,200,
1790447830548,39.7492,200,
1790447830583,33.4478,200,
1790447830624,39.7336,200,
1790447830665,39.2982,200,
1790447830701,34.4774,200,
1790447830737,35.3627,200,
1790447830768,28.9267,200,
1790447830798,29.0616,200,
1790447830826,27.6105,200,
1790447830855,28.5803,200,
1790447830887,30.0839,200,
1790447830918,29.5909,200,
1790447830948,29.2933,200,
1790447830982,32.0747,200,
1790447831009,26.411,200,
1790447831042,31.297,200,
1790447831077,34.0926,200,
1790447831113,35.5606,200,
1790447831145,30.1303,200,
1790447831181,34.3027,200,
1790447831210,29.5582,200,
1790447831241,29.0846,200,
1790447831272,28.2321,200,
1790447831306,32.5837,200,
1790447831336,28.6865,200,
1790447831373,35.2729,200,
1790447831403,28.7536,200,
1790447831432,27.792,200,
1790447831463,30.0187,200,
1790447831492,28.6251,200,
1790447831521,27.8388,200,
1790447831545,24.1396,200,
1790447831581,34.126,200,
1790447831615,33.1768,200,
1790447831647,29.8594,200,
1790447831679,31.6694,200,
1790447831717,36.4346,200,
1790447831746,28.6762,200,
1790447831776,29.2465,200,
1790447831808,30.661,200,
1790447831840,31.1003,200,
1790447831869,28.7832,200,
1790447831899,27.7104,200,
1790447831929,29.7741,200,
1790447831963,31.5365,200,
1790447831994,30.1198,200,
1790447832025,30.2047,200,
1790447832055,28.7299,200,
1790447832086,29.7155,200,
1790447832120,33.8787,200,
1790447832149,27.9173,200,
1790447832177,26.437,200,
1790447832203,26.1548,200,
1790447832233,28.4418,200,
1790447832273,32.7613,200,
1790447832304,30.1352,200,
1790447832332,27.1733,200,
1790447832367,33.437,200,
1790447832392,24.1252,200,
1790447832429,35.7647,200,
1790447832469,38.9134,200,
1790447832498,28.3958,200,
1790447832527,27.6276,200,
1790447832572,43.1764,200,
1790447832611,36.7475,200,
1790447832643,30.341,200,
1790447832675,30.7338,200,
1790447832708,32.2902,200,
1790447832739,29.4716,200,
1790447832769,28.5193,200,
1790447832795,26.1181,200,
1790447832829,31.8,200,
1790447832861,30.8323,200,
1790447832890,28.1069,200,
1790447832919,26.8151,200,
1790447832948,28.8113,200,
1790447832979,30.095,200,
1790447833009,28.6234,200,
1790447833038,28.455,200,
1790447833069,29.873,200,
1790447833094,24.5201,200,
1790447833124,27.9335,200,
1790447833153,27.7561,200,
1790447833197,43.3347,200,
1790447833227,27.929,200,
1790447833256,28.076,200,
1790447833284,27.5956,200,
1790447833320,35.1502,200,
1790447833351,28.5244,200,
1790447833385,32.7765,200,
1790447833415,29.5093,200,
1790447833445,28.407,200,
1790447833476,30.3156,200,
1790447833512,34.7051,200,
1790447833541,27.8954,200,
1790447833574,31.5604,200,
1790447833602,27.0388,200,
1790447833628,24.2842,200,
1790447833656,26.5748,200,
1790447833685,28.322,200,
1790447833717,31.0439,200,
1790447833744,26.3888,200,
1790447833770,25.0666,200,
1790447833798,26.3062,200,
1790447833825,26.7042,200,
1790447833856,27.7862,200,
1790447833894,37.4593,200,
1790447833925,29.5234,200,
1790447833955,28.7649,200,
1790447833983,26.9441,200,
1790447834009,25.2851,200,
1790447834036,26.2638,200,
1790447834068,29.6078,200,
1790447834102,32.9467,200,
1790447834130,27.8805,200,
1790447834165,32.4316,200,
1790447834197,30.0076,200,
1790447834229,31.5966,200,
1790447834259,29.3193,200,
1790447834294,33.0653,200,
1790447834320,25.9634,200,
1790447834349,28.003,200,
1790447834381,30.6773,200,
1790447834407,26.3516,200,
1790447834436,27.4092,200,
1790447834478,40.7795,200,
1790447834512,32.5667,200,
1790447834546,32.9968,200,
1790447834579,31.7893,200,
1790447834610,29.5462,200,
1790447834640,29.6565,200,
1790447834671,29.8186,200,
1790447834700,28.5944,200,
1790447834727,25.0299,200,
1790447834758,29.8975,200,
1790447834791,32.8145,200,
1790447834820,26.5778,200,
1790447834848,27.6166,200,
1790447834881,31.3055,200,
1790447834911,28.8837,200,
1790447834940,27.6476,200,
1790447834968,27.5057,200,
1790447834997,27.5607,200,
1790447835026,28.1082,200,
1790447835054,26.2311,200,
1790447835083,28.5083,200,
1790447835113,27.6726,200,
1790447835143,29.8881,200,
1790447835172,27.8466,200,
1790447835203,30.0096,200,
1790447835233,27.7583,200,
1790447835269,34.3535,200,
1790447835305,34.5958,200,
1790447835337,31.4937,200,
1790447835365,27.0603,200,
1790447835392,25.2669,200,
1790447835419,25.9939,200,
1790447835457,36.6737,200,
1790447835489,31.0833,200,
1790447835518,28.5504,200,
1790447835544,24.3368,200,
1790447835573,28.388,200,
1790447835602,27.3337,200,
1790447835636,32.4943,200,
1790447835665,27.9484,200,
1790447835696,29.8496,200,
1790447835723,26.9151,200,
1790447835757,32.5266,200,
1790447835789,31.0063,200,
1790447835820,29.3438,200,
1790447835847,26.4887,200,
1790447835880,31.5787,200,
1790447835914,33.545,200,
1790447835948,32.4752,200,
1790447835975,25.2915,200,
1790447836011,34.7607,200,
1790447836041,29.3268,200,
1790447836070,28.0099,200,
1790447836108,37.0189,200,
1790447836137,28.6686,200,
1790447836168,28.3949,200,
1790447836198,30.0178,200,
1790447836233,32.6957,200,
1790447836260,26.6294,200,
1790447836292,30.5608,200,
1790447836329,36.1455,200,
1790447836362,31.7914,200,
1790447836401,36.9507,200,
1790447836427,25.8507,200,
1790447836457,28.6168,200,
1790447836529,70.3188,200,
1790447836552,23.3318,200,
1790447836581,27.5969,200,
1790447836609,26.6515,200,
1790447836638,27.9138,200,
1790447836666,27.5669,200,
1790447836697,29.5695,200,
1790447836735,36.3408,200,
1790447836763,26.3681,200,
1790447836793,29.277,200,
1790447836820,26.379,200,
1790447836848,25.5037,200,
1790447836883,34.2999,200,
1790447836911,26.7311,200,
1790447836939,25.6831,200,
1790447836969,29.448,200,
1790447836997,27.5576,200,
1790447837024,24.9522,200,
1790447837049,24.8404,200,
1790447837080,28.682,200,
1790447837107,25.5062,200,
1790447837135,26.1505,200,
1790447837162,26.5718,200,
1790447837193,30.2474,200,
1790447837225,30.0453,200,
1790447837253,27.2517,200,
1790447837285,31.2647,200,
1790447837314,28.4975,200,
1790447837341,25.9505,200,
1790447837365,23.4323,200,
1790447837393,25.9905,200,
1790447837419,24.7021,200,
1790447837454,33.8846,200,
1790447837484,28.7756,200,
1790447837510,25.8323,200,
1790447837543,31.0524,200,
1790447837571,27.2804,200,
1790447837603,30.1384,200,
1790447837642,37.4332,200,
1790447837674,31.172,200,
1790447837720,45.0682,200,
1790447837755,32.6644,200,
1790447837785,29.9769,200,
1790447837812,25.6521,200,
1790447837840,26.3341,200,
1790447837866,26.8289,200,
1790447837900,31.757,200,
1790447837924,23.4979,200,
1790447837949,22.9691,200,
1790447837978,28.0642,200,
1790447838007,27.5188,200,
1790447838032,23.9538,200,
1790447838060,27.6856,200,
1790447838087,25.4528,200,
1790447838120,31.8681,200,
1790447838152,31.3206,200,
1790447838181,28.4561,200,
1790447838208,24.9314,200,
1790447838237,28.3639,200,
1790447838264,25.5893,200,
1790447838296,30.6457,200,
1790447838319,22.8577,200,
1790447838351,30.1787,200,
1790447838381,29.2693,200,
1790447838406,23.6429,200,
1790447838438,30.8816,200,
1790447838463,24.7344,200,
1790447838492,27.9956,200,
1790447838519,25.3173,200,
1790447838545,24.7959,200,
1790447838633,86.7304,200,
1790447838657,23.6329,200,
1790447838691,32.368,200,
1790447838733,40.7444,200,
1790447838761,26.956,200,
1790447838789,27.3469,200,
1790447838816,25.1704,200,
1790447838856,39.4583,200,
1790447838886,28.5356,200,
1790447838911,24.3841,200,
1790447838942,30.4208,200,
1790447838972,29.0242,200,
1790447839000,26.7637,200,
1790447839024,22.5875,200,
1790447839051,26.686,200,
1790447839077,24.9269,200,
1790447839103,24.3315,200,
1790447839129,24.8087,200,
1790447839162,31.6693,200,
1790447839190,28.0823,200,
1790447839217,25.728,200,
1790447839248,29.5177,200,
1790447839286,37.6214,200,
1790447839323,35.4522,200,
1790447839352,27.3127,200,
1790447839381,28.6937,200,
1790447839411,29.0067,200,
1790447839439,27.1174,200,
1790447839470,29.853,200,
1790447839497,25.7752,200,
1790447839524,25.691,200,
1790447839578,52.6901,200,
1790447839606,26.8974,200,
1790447839665,58.7272,200,
1790447839697,28.679,200,
1790447839731,32.7771,200,
1790447839762,30.5654,200,
1790447839787,24.9639,200,
1790447839814,24.8564,200,
1790447839838,24.1989,200,
1790447839866,25.9747,200,
1790447839895,27.866,200,
1790447839937,40.5844,200,
1790447839966,27.6657,200,
1790447839997,30.5745,200,
1790447840066,67.8002,200,
1790447840100,32.3059,200,
1790447840127,26.8828,200,
1790447840155,26.8272,200,
1790447840184,29.1559,200,
1790447840213,26.4568,200,
1790447840254,40.3552,200,
1790447840298,41.6082,200,
1790447840337,38.1669,200,
1790447840379,41.1487,200,
1790447840419,38.921,200,
1790447840461,39.9608,200,
1790447840497,34.7005,200,
1790447840547,48.5601,200,
1790447840582,33.5418,200,
1790447840615,31.6689,200,
1790447840648,32.5235,200,
1790447840686,36.7562,200,
1790447840720,33.3908,200,
1790447840757,34.7974,200,
1790447840788,29.0822,200,
1790447840821,32.3208,200,
1790447840848,26.7412,200,
1790447840880,30.121,200,
1790447840910,29.6178,200,
1790447840937,26.5398,200,
1790447840970,30.6708,200,
1790447841001,30.4679,200,
1790447841035,32.7084,200,
1790447841062,25.8508,200,
1790447841093,28.8197,200,
1790447841126,30.946,200,
1790447841158,31.9632,200,
1790447841187,27.8249,200,
1790447841220,31.8119,200,
1790447841253,31.4774,200,
1790447841286,32.9046,200,
1790447841324,37.0835,200,
1790447841355,29.9794,200,
1790447841387,30.733,200,
1790447841425,37.7187,200,
1790447841455,28.1479,200,
1790447841488,32.3234,200,
1790447841514,25.3401,200,
1790447841542,26.3812,200,
1790447841571,29.0594,200,
1790447841606,32.5701,200,
1790447841640,32.8015,200,
1790447841670,29.0986,200,
1790447841699,28.2349,200,
1790447841728,28.1576,200,
1790447841761,31.0392,200,
1790447841789,27.9048,200,
1790447841819,28.1381,200,
1790447841848,28.3578,200,
1790447841881,31.4121,200,
1790447841912,30.0471,200,
1790447841960,47.5675,200,
1790447841990,28.9145,200,
1790447842017,26.8393,200,
1790447842049,29.92,200,
1790447842079,29.0037,200,
1790447842110,29.9898,200,
1790447842154,42.4418,200,
1790447842185,30.9045,200,
1790447842213,27.2342,200,
1790447842241,26.329,200,
1790447842269,27.2918,200,
1790447842297,26.7368,200,
1790447842327,29.4226,200,
1790447842356,28.7063,200,
1790447842386,28.646,200,
1790447842411,24.1519,200,
1790447842448,35.0926,200,
1790447842489,40.5562,200,
1790447842521,30.6915,200,
1790447842546,24.1142,200,
1790447842576,29.2007,200,
1790447842604,26.9835,200,
1790447842627,22.3559,200,
1790447842653,24.5541,200,
1790447842676,22.7072,200,
1790447842701,23.8418,200,
1790447842727,24.5656,200,
1790447842753,24.0272,200,
1790447842776,22.9061,200,
1790447842803,25.4504,200,
1790447842833,28.6395,200,
1790447842872,35.8887,200,
1790447842898,25.3121,200,
1790447842936,36.3843,200,
1790447842964,26.955,200,
1790447842992,26.2043,200,
1790447843019,27.0986,200,
1790447843047,25.6975,200,
1790447843079,31.1046,200,
1790447843114,33.0972,200,
1790447843165,50.1252,200,
1790447843192,26.1666,200,
1790447843219,25.7881,200,
1790447843245,25.7538,200,
1790447843272,26.6976,200,
1790447843303,29.285,200,
1790447843332,28.3018,200,
1790447843365,31.9022,200,
1790447843391,25.715,200,
1790447843418,25.6491,200,
1790447843451,30.9114,200,
1790447843482,29.7523,200,
1790447843517,33.9657,200,
1790447843546,27.7696,200,
1790447843576,28.9825,200,
1790447843603,26.1538,200,
1790447843628,24.5119,200,
1790447843672,41.7556,200,
1790447843704,31.0904,200,
1790447843760,53.6023,200,
1790447843791,30.391,200,
1790447843821,29.8671,200,
1790447843849,26.3305,200,
1790447843875,24.3759,200,
1790447843907,30.3684,200,
1790447843938,30.1117,200,
1790447843968,28.9067,200,
1790447843995,25.9768,200,
1790447844023,26.6159,200,
1790447844052,29.0665,200,
1790447844088,33.921,200,
1790447844115,26.0505,200,
1790447844139,23.5395,200,
1790447844171,29.7886,200,
1790447844201,29.1719,200,
1790447844230,28.6931,200,
1790447844259,27.4022,200,
1790447844291,31.3811,200,
1790447844319,27.4281,200,
1790447844352,31.5624,200,
1790447844385,31.9974,200,
1790447844413,27.1464,200,
1790447844443,28.6884,200,
1790447844476,32.851,200,
1790447844537,60.6737,200,
1790447844564,25.7478,200,
1790447844602,36.543,200,
1790447844635,31.4627,200,
1790447844667,30.3594,200,
1790447844699,30.7087,200,
1790447844727,26.4948,200,
1790447844759,31.7748,200,
1790447844790,30.2345,200,
1790447844818,26.3272,200,
1790447844848,28.8384,200,
1790447844875,24.5813,200,
1790447844909,32.7539,200,
1790447844942,31.4049,200,
1790447844973,30.6355,200,
1790447845000,25.8809,200,
1790447845029,28.7114,200,
1790447845058,27.8065,200,
1790447845083,23.2914,200,
1790447845108,24.5042,200,
1790447845140,31.3855,200,
1790447845173,31.6765,200,
1790447845198,24.8664,200,
1790447845234,33.9671,200,
1790447845271,35.6813,200,
1790447845301,28.3258,200,
1790447845331,29.4964,200,
1790447845360,28.3931,200,
1790447845390,28.425,200,
1790447845419,28.5127,200,
1790447845449,29.1798,200,
1790447845475,24.7391,200,
1790447845502,26.9108,200,
1790447845538,33.9224,200,
1790447845568,29.0537,200,
1790447845598,29.3378,200,
1790447845630,29.7414,200,
1790447845661,30.1254,200,
1790447845685,23.7033,200,
1790447845716,29.18,200,
1790447845751,32.4022,200,
1790447845777,25.548,200,
1790447845805,27.0781,200,
1790447845840,33.8468,200,
1790447845875,33.9768,200,
1790447845904,27.875,200,
1790447845932,25.8767,200,
1790447845968,34.3658,200,
1790447845996,27.7209,200,
1790447846025,27.5343,200,
1790447846053,26.0829,200,
1790447846080,26.2879,200,
1790447846119,37.2027,200,
1790447846151,30.9772,200,
1790447846180,28.8104,200,
1790447846231,49.673,200,
1790447846271,38.8698,200,
1790447846372,100.1903,200,
1790447846466,92.423,200,
1790447846501,33.3864,200,
1790447846528,27.074,200,
1790447846560,30.5793,200,
1790447846606,44.1577,200,
1790447846633,26.294,200,
1790447846686,51.391,200,
1790447846782,95.45,200,
1790447846886,102.6808,200,
1790447846912,25.1864,200,
1790447846975,61.8984,200,
1790447847010,33.6363,200,
1790447847060,50.3387,200,
1790447847101,39.2063,200,
1790447847194,91.8754,200,
1790447847278,82.0884,200,
1790447847310,30.9906,200,
1790447847336,25.2313,200,
1790447847363,25.6171,200,
1790447847391,26.8511,200,
1790447847417,26.1296,200,
1790447847449,30.3343,200,
1790447847480,28.7989,200,
1790447847508,26.4871,200,
1790447847533,24.6613,200,
1790447847562,27.4769,200,
1790447847591,28.2782,200,
1790447847619,25.9804,200,
1790447847647,27.7142,200,
1790447847678,28.7583,200,
1790447847713,34.55,200,
1790447847761,46.9012,200,
1790447847797,35.1776,200,
1790447847824,26.1748,200,
1790447847853,27.804,200,
1790447847881,28.1006,200,
1790447847912,28.8281,200,
1790447847940,27.0925,200,
1790447847968,26.561,200,
1790447847994,25.2603,200,
1790447848019,24.9748,200,
1790447848048,27.5119,200,
1790447848078,29.1749,200,
1790447848103,23.6047,200,
1790447848134,29.7866,200,
1790447848165,29.5373,200,
1790447848193,26.3145,200,
1790447848232,38.6522,200,
1790447848262,29.0637,200,
1790447848294,31.085,200,
1790447848334,38.9155,200,
1790447848368,31.9752,200,
1790447848400,31.0889,200,
1790447848426,23.9687,200,
1790447848475,49.4055,200,
1790447848582,105.0635,200,
1790447848610,28.0004,200,
1790447848640,27.6281,200,
1790447848679,37.983,200,
1790447848712,31.4913,200,
1790447848745,31.7796,200,
1790447848779,32.9084,200,
1790447848809,28.5921,200,
1790447848834,24.756,200,
1790447848867,32.3038,200,
1790447848914,26.6283,200,
1790447848975,36.6402,200,
1790447849019,24.9031,200,
1790447849074,31.5096,200,
1790447849124,25.2969,200,
1790447849159,26.0129,200,
1790447849203,30.5406,200,
1790447849241,31.2157,200,
1790447849280,33.0072,200,
1790447849313,27.4599,200,
1790447849347,25.9148,200,
1790447849388,29.613,200,
1790447849421,22.7872,200,
1790447849455,24.9023,200,
1790447849501,35.1753,200,
1790447849542,35.2214,200,
1790447849576,32.7189,200,
1790447849610,27.5744,200,
1790447849646,34.5157,200,
1790447849755,107.4276,200,
1790447849789,33.0969,200,
1790447849818,29.032,200,
1790447849850,29.6658,200,
1790447849882,30.9138,200,
1790447849915,31.5362,200,
1790447849947,31.1291,200,
1790447849985,36.6274,200,
1790447850013,27.3662,200,
1790447850057,42.6016,200,
1790447850086,29.0683,200,
1790447850115,26.7492,200,
1790447850142,25.8466,200,
1790447850172,29.0565,200,
1790447850206,33.428,200,
1790447850238,30.5048,200,
1790447850269,29.7852,200,
1790447850303,32.3883,200,
1790447850332,28.1777,200,
1790447850368,34.7343,200,
1790447850459,89.8634,200,
1790447850493,32.376,200,
1790447850524,29.9794,200,
1790447850550,24.8529,200,
1790447850585,34.3437,200,
1790447850616,28.9246,200,
1790447850648,31.4709,200,
1790447850680,30.988,200,
1790447850707,26.2459,200,
1790447850731,22.7378,200,
1790447850759,27.1289,200,
1790447850791,30.3781,200,
1790447850817,25.107,200,
1790447850844,25.5957,200,
1790447850874,29.5025,200,
1790447850899,24.3046,200,
1790447850927,26.6975,200,
1790447850956,27.8876,200,
1790447850985,28.2444,200,
1790447851011,24.4411,200,
1790447851036,24.2391,200,
1790447851066,29.2476,200,
1790447851094,27.1267,200,
1790447851121,26.0292,200,
1790447851160,37.7826,200,
1790447851193,32.0926,200,
1790447851217,23.791,200,
1790447851252,33.1617,200,
1790447851294,40.8756,200,
1790447851325,29.675,200,
1790447851356,29.9783,200,
1790447851387,29.2165,200,
1790447851419,30.9931,200,
1790447851449,28.5452,200,
1790447851483,33.6874,200,
1790447851512,27.0076,200,
1790447851536,23.8666,200,
1790447851563,26.507,200,
1790447851603,37.7109,200,
1790447851630,26.4051,200,
1790447851660,28.7366,200,
1790447851691,29.5465,200,
1790447851724,31.8427,200,
1790447851759,33.4703,200,
1790447851791,31.2126,200,
1790447851820,27.2126,200,
1790447851851,29.7895,200,
1790447851881,28.7809,200,
1790447851913,31.0933,200,
1790447851941,27.2088,200,
1790447851973,31.3773,200,
1790447852001,27.3239,200,
1790447852029,27.2875,200,
1790447852059,27.9051,200,
1790447852097,37.8681,200,
1790447852172,74.1084,200,
1790447852264,90.6192,200,
1790447852374,108.5259,200,
1790447852570,195.3056,200,
1790447852672,101.321,200,
1790447852771,97.8088,200,
1790447852855,82.2011,200,
1790447852964,108.2888,200,
1790447853150,184.2838,200,
1790447853180,28.5583,200,
1790447853462,281.078,200,
1790447853570,106.7468,200,
1790447853672,101.8527,200,
1790447853767,92.6708,200,
1790447853851,83.0762,200,
1790447853975,122.7049,200,
1790447854074,97.7267,200,
1790447854251,175.6152,200,
1790447854361,109.526,200,
1790447854451,88.4255,200,
1790447854571,118.2632,200,
1790447854761,189.7438,200,
1790447854867,104.049,200,
1790447854968,100.6897,200,
1790447855056,86.5707,200,
1790447855162,104.7358,200,
1790447855373,210.858,200,
1790447855466,91.0834,200,
1790447855558,91.159,200,
1790447855672,111.9473,200,
1790447855763,89.8277,200,
1790447855861,97.8134,200,
1790447856049,186.8415,200,
1790447856080,28.326,200,
1790447856105,25.5069,200,
1790447856132,25.6108,200,
1790447856163,29.2086,200,
1790447856194,28.6498,200,
1790447856221,24.9139,200,
1790447856253,30.5675,200,
1790447856356,102.27,200,
1790447856390,32.7484,200,
1790447856418,26.7039,200,
1790447856451,31.9228,200,
1790447856481,29.1209,200,
1790447856514,32.6043,200,
1790447856546,29.5889,200,
1790447856577,30.0739,200,
1790447856609,31.1675,200,
1790447856644,33.8272,200,
1790447856672,26.6803,200,
1790447856703,30.7162,200,
1790447856739,33.7831,200,
1790447856769,29.2883,200,
1790447856798,28.1787,200,
1790447856827,27.0094,200,
1790447856857,29.0472,200,
1790447856886,27.8146,200,
1790447856919,31.6568,200,
1790447856946,27.166,200,
1790447856985,37.2765,200,
1790447857019,32.3011,200,
1790447857049,29.8435,200,
1790447857085,34.2827,200,
1790447857118,30.8527,200,
1790447857146,27.9861,200,
1790447857174,26.6556,200,
1790447857203,28.234,200,
1790447857230,26.412,200,
1790447857262,30.8986,200,
1790447857296,31.8191,200,
1790447857330,33.3619,200,
1790447857363,31.6612,200,
1790447857393,28.7488,200,
1790447857423,29.6923,200,
1790447857453,28.7037,200,
1790447857484,28.2713,200,
1790447857516,31.4921,200,
1790447857545,28.3031,200,
1790447857572,25.9907,200,
1790447857609,35.8741,200,
1790447857639,29.2835,200,
1790447857669,28.4058,200,
1790447857698,28.5133,200,
1790447857730,30.7875,200,
1790447857761,30.0028,200,
1790447857788,26.1476,200,
1790447857822,30.9697,200,
1790447857854,31.14,200,
1790447857891,36.3785,200,
1790447857921,28.4667,200,
1790447857954,32.0237,200,
1790447857985,29.6362,200,
1790447858009,23.0285,200,
1790447858036,26.2318,200,
1790447858064,26.6672,200,
1790447858095,30.8221,200,
1790447858125,28.6629,200,
1790447858155,28.8659,200,
1790447858183,27.1171,200,
1790447858212,26.82,200,
1790447858241,28.3059,200,
1790447858273,30.9285,200,
1790447858312,38.8214,200,
1790447858342,28.2179,200,
1790447858370,26.8063,200,
1790447858400,29.0474,200,
1790447858425,23.4463,200,
1790447858457,30.126,200,
1790447858486,28.7678,200,
1790447858517,29.7807,200,
1790447858546,28.3896,200,
1790447858573,25.9951,200,
1790447858602,27.8332,200,
1790447858634,30.389,200,
1790447858666,31.6533,200,
1790447858692,24.3344,200,
1790447858720,26.9856,200,
1790447858750,29.0146,200,
1790447858776,25.0942,200,
1790447858805,28.1474,200,
1790447858833,27.2026,200,
1790447858863,28.0024,200,
1790447858892,27.9206,200,
1790447858921,27.9916,200,
1790447858948,26.1892,200,
1790447858977,28.0546,200,
1790447859007,29.1634,200,
1790447859035,26.9925,200,
1790447859064,27.5075,200,
1790447859088,23.3975,200,
1790447859116,27.1763,200,
1790447859148,29.8638,200,
1790447859180,30.7106,200,
1790447859208,27.3557,200,
1790447859235,25.7004,200,
1790447859262,26.6571,200,
1790447859297,33.2302,200,
1790447859328,29.4317,200,
1790447859355,26.5294,200,
1790447859384,28.0022,200,
1790447859413,26.6783,200,
1790447859440,24.4728,200,
1790447859472,31.0227,200,
1790447859505,32.6002,200,
1790447859535,28.366,200,
1790447859563,27.2094,200,
1790447859601,37.233,200,
1790447859630,26.9001,200,
1790447859663,31.6394,200,
1790447859692,28.0218,200,
1790447859726,33.1675,200,
1790447859766,38.42,200,
1790447859854,86.88,200,
1790447859882,27.5985,200,
1790447859908,24.9503,200,
1790447859941,31.5879,200,
1790447859975,32.9025,200,
1790447860000,23.931,200,
1790447860030,29.2506,200,
1790447860060,28.8578,200,
1790447860090,29.7911,200,
1790447860120,28.281,200,
1790447860147,26.3117,200,
1790447860175,27.2846,200,
1790447860207,31.0547,200,
1790447860249,40.0826,200,
1790447860275,25.4126,200,
1790447860347,70.1263,200,
1790447860379,30.975,200,
1790447860415,34.5252,200,
1790447860474,57.171,200,
1790447860506,31.0963,200,
1790447860536,28.8837,200,
1790447860570,32.0968,200,
1790447860600,29.9056,200,
1790447860632,30.9848,200,
1790447860685,51.0564,200,
1790447860725,39.1278,200,
1790447860753,26.8489,200,
1790447860782,28.5695,200,
1790447860812,28.5268,200,
1790447860842,28.8846,200,
1790447860873,30.2131,200,
1790447860903,28.5503,200,
1790447860932,28.6439,200,
1790447860965,31.562,200,
1790447860993,28.6964,200,
1790447861025,29.3874,200,
1790447861050,25.206,200,
1790447861080,27.8489,200,
1790447861107,26.0767,200,
1790447861138,29.2786,200,
1790447861169,29.4817,200,
1790447861205,35.3741,200,
1790447861232,26.4068,200,
1790447861262,29.4962,200,
1790447861291,28.2489,200,
1790447861325,32.0549,200,
1790447861362,35.1645,200,
1790447861401,38.1665,200,
1790447861427,25.4383,200,
1790447861457,29.118,200,
1790447861489,30.4462,200,
1790447861521,30.82,200,
1790447861546,25.1316,200,
1790447861584,35.9321,200,
1790447861621,35.3978,200,
1790447861651,29.718,200,
1790447861686,33.3642,200,
1790447861717,30.3911,200,
1790447861744,27.0392,200,
1790447861777,30.2196,200,
1790447861825,46.8571,200,
1790447861855,28.8067,200,
1790447861886,31.1779,200,
1790447861918,29.0665,200,
1790447861946,27.9649,200,
1790447861977,30.1051,200,
1790447862006,27.2449,200,
1790447862029,21.9903,200,
1790447862059,29.3338,200,
1790447862085,25.2135,200,
1790447862112,25.8761,200,
1790447862142,27.4042,200,
1790447862170,26.2045,200,
1790447862201,29.7473,200,
1790447862225,22.6589,200,
1790447862257,31.415,200,
1790447862289,29.0913,200,
1790447862317,26.7759,200,
1790447862346,27.8978,200,
1790447862376,29.6646,200,
1790447862403,25.3772,200,
1790447862435,31.3595,200,
1790447862472,35.0047,200,
1790447862507,34.3717,200,
1790447862534,25.5261,200,
1790447862563,28.4244,200,
1790447862596,31.6909,200,
1790447862625,28.5715,200,
1790447862653,26.3693,200,
1790447862683,29.3707,200,
1790447862715,29.5453,200,
1790447862742,26.3789,200,
1790447862771,29.3601,200,
1790447862802,29.2664,200,
1790447862827,22.9783,200,
1790447862856,28.8927,200,
1790447862886,28.0565,200,
1790447862914,26.9285,200,
1790447862965,49.5762,200,
1790447862996,29.8356,200,
1790447863024,23.8723,200,
1790447863054,23.9919,200,
1790447863092,32.8326,200,
1790447863123,26.0975,200,
1790447863152,26.7268,200,
1790447863187,31.3578,200,
1790447863213,24.0027,200,
1790447863241,24.1633,200,
1790447863271,28.7944,200,
1790447863301,27.3425,200,
1790447863329,27.1949,200,
1790447863355,25.3293,200,
1790447863387,30.2224,200,
1790447863410,22.9839,200,
1790447863432,20.7676,200,
1790447863471,37.2894,200,
1790447863500,27.9547,200,
1790447863524,23.6697,200,
1790447863555,29.8166,200,
1790447863598,41.3618,200,
1790447863628,29.0797,200,
1790447863653,24.183,200,
1790447863685,31.4619,200,
1790447863713,26.0233,200,
1790447863742,28.8599,200,
1790447863773,28.421,200,
1790447863803,27.9528,200,
1790447863829,25.3274,200,
1790447863858,28.0246,200,
1790447863888,29.4889,200,
1790447863914,24.5175,200,
1790447863956,41.2238,200,
1790447863986,29.4248,200,
1790447864014,25.9962,200,
1790447864044,29.5807,200,
1790447864072,26.6595,200,
1790447864106,32.3229,200,
1790447864138,30.2814,200,
1790447864167,28.1676,200,
1790447864199,31.171,200,
1790447864228,28.9216,200,
1790447864260,30.3825,200,
1790447864289,27.9112,200,
1790447864321,30.1877,200,
1790447864350,27.3494,200,
1790447864376,24.6979,200,
1790447864403,25.9535,200,
1790447864434,31.02,200,
1790447864477,41.0864,200,
1790447864514,35.1947,200,
1790447864545,29.4523,200,
1790447864578,33.1525,200,
1790447864614,34.9239,200,
1790447864641,25.3664,200,
1790447864677,35.1418,200,
1790447864708,29.5347,200,
1790447864735,26.8113,200,
1790447864764,28.4206,200,
1790447864799,32.5432,200,
1790447864829,28.2871,200,
1790447864857,27.2137,200,
1790447864886,28.2993,200,
1790447864916,29.6049,200,
1790447864948,30.4222,200,
1790447864977,29.1053,200,
1790447865014,35.0823,200,
1790447865044,28.6028,200,
1790447865074,29.24,200,
1790447865108,30.8383,200,
1790447865135,26.8964,200,
1790447865163,26.4156,200,
1790447865198,33.0612,200,
1790447865230,30.6117,200,
1790447865262,31.0948,200,
1790447865297,32.2564,200,
1790447865330,31.8481,200,
1790447865362,30.2574,200,
1790447865389,26.4753,200,
1790447865416,26.6869,200,
1790447865447,29.0028,200,
1790447865478,30.0204,200,
1790447865504,25.3509,200,
1790447865533,27.9301,200,
1790447865562,27.2565,200,
1790447865590,27.0414,200,
1790447865622,31.4082,200,
1790447865649,26.4812,200,
1790447865678,28.5746,200,
1790447865710,30.429,200,
1790447865738,27.0077,200,
1790447865770,30.568,200,
1790447865808,36.905,200,
1790447865839,29.9619,200,
1790447865865,25.7699,200,
1790447865895,27.9969,200,
1790447865930,33.3185,200,
1790447865959,28.8645,200,
1790447865990,29.9333,200,
1790447866020,28.5085,200,
1790447866050,29.8793,200,
1790447866075,24.3899,200,
1790447866105,27.6448,200,
1790447866136,30.7029,200,
1790447866165,26.6227,200,
1790447866195,29.9149,200,
1790447866226,29.7905,200,
1790447866258,30.7623,200,
1790447866287,28.3367,200,
1790447866316,27.1275,200,
1790447866345,28.4787,200,
1790447866383,37.4648,200,
1790447866411,26.2181,200,
1790447866439,26.9336,200,
1790447866470,29.5969,200,
1790447866500,29.1282,200,
1790447866529,28.1917,200,
1790447866562,31.5249,200,
1790447866594,31.3703,200,
1790447866620,25.5441,200,
1790447866649,28.3588,200,
1790447866681,29.8785,200,
1790447866716,34.4656,200,
1790447866746,28.6765,200,
1790447866776,28.7839,200,
1790447866803,26.8106,200,
1790447866838,33.62,200,
1790447866867,28.4355,200,
1790447866896,27.3572,200,
1790447866929,32.3461,200,
1790447866959,27.2561,200,
1790447866990,30.1804,200,
1790447867017,26.3823,200,
1790447867043,24.4134,200,
1790447867074,29.9858,200,
1790447867103,29.2469,200,
1790447867135,30.0025,200,
1790447867162,25.7951,200,
1790447867197,35.1987,200,
1790447867230,29.9845,200,
1790447867259,28.3481,200,
1790447867289,28.2861,200,
1790447867316,26.7898,200,
1790447867348,30.095,200,
1790447867381,31.9741,200,
1790447867412,30.4418,200,
1790447867443,29.1341,200,
1790447867472,28.1826,200,
1790447867502,28.6973,200,
1790447867536,32.5304,200,
1790447867565,27.7684,200,
1790447867596,30.1547,200,
1790447867629,31.1564,200,
1790447867655,25.0968,200,
1790447867684,27.0333,200,
1790447867714,28.6965,200,
1790447867745,29.9019,200,
1790447867776,30.9821,200,
1790447867802,24.7201,200,
1790447867829,26.3748,200,
1790447867863,31.9011,200,
1790447867892,28.049,200,
1790447867925,32.3911,200,
1790447867967,40.456,200,
1790447867995,25.9354,200,
1790447868026,30.5705,200,
1790447868056,28.4791,200,
1790447868082,24.7878,200,
1790447868112,29.0882,200,
1790447868143,30.277,200,
1790447868169,25.2539,200,
1790447868202,31.1597,200,
1790447868236,33.6782,200,
1790447868265,27.8295,200,
1790447868295,28.7701,200,
1790447868327,30.3115,200,
1790447868361,32.5704,200,
1790447868390,28.2351,200,
1790447868420,28.6378,200,
1790447868448,27.4144,200,
1790447868475,26.3103,200,
1790447868507,31.3341,200,
1790447868541,31.7592,200,
1790447868573,31.5032,200,
1790447868605,30.7474,200,
1790447868635,29.2758,200,
1790447868664,27.7112,200,
1790447868692,26.3816,200,
1790447868722,28.6247,200,
1790447868753,30.325,200,
1790447868781,27.6638,200,
1790447868813,29.4458,200,
1790447868842,27.6143,200,
1790447868877,33.8211,200,
1790447868907,28.7281,200,
1790447868939,31.6576,200,
1790447868969,28.7532,200,
1790447868995,25.2856,200,
1790447869023,27.8502,200,
1790447869051,26.0816,200,
1790447869076,24.4131,200,
1790447869104,26.4226,200,
1790447869139,34.0077,200,
1790447869172,31.4217,200,
1790447869202,28.9925,200,
1790447869231,28.6415,200,
1790447869260,27.7772,200,
1790447869290,28.7453,200,
1790447869316,25.4716,200,
1790447869345,28.1117,200,
1790447869378,31.685,200,
1790447869403,25.0801,200,
1790447869433,27.2015,200,
1790447869464,30.9348,200,
1790447869496,30.5577,200,
1790447869523,26.2655,200,
1790447869565,40.0299,200,
1790447869595,29.563,200,
1790447869624,28.1444,200,
1790447869656,30.525,200,
1790447869684,26.7897,200,
1790447869715,29.8315,200,
1790447869741,24.0824,200,
1790447869768,26.1252,200,
1790447869801,32.0964,200,
1790447869839,37.7788,200,
1790447869871,29.7036,200,
1790447869900,28.0265,200,
1790447869966,65.8211,200,
1790447869991,23.6467,200,
1790447870016,24.4849,200,
1790447870048,31.2798,200,
1790447870074,24.1012,200,
1790447870099,25.1447,200,
1790447870139,37.4536,200,
1790447870171,31.1568,200,
1790447870200,27.1389,200,
1790447870271,70.2646,200,
1790447870345,72.5386,200,
1790447870384,38.4461,200,
1790447870442,56.3924,200,
1790447870489,45.457,200,
1790447870525,34.4427,200,
1790447870554,28.0829,200,
1790447870587,31.8491,200,
1790447870618,29.3994,200,
1790447870651,31.871,200,
1790447870695,43.1579,200,
1790447870729,32.9453,200,
1790447870760,28.967,200,
1790447870793,32.473,200,
1790447870828,33.1856,200,
1790447870857,27.1372,200,
1790447870888,30.0518,200,
1790447870915,25.4276,200,
1790447870943,26.5859,200,
1790447870974,30.2383,200,
1790447871004,28.9006,200,
1790447871029,24.1968,200,
1790447871060,30.3337,200,
1790447871084,23.2816,200,
1790447871111,25.9593,200,
1790447871139,26.2859,200,
1790447871171,31.9234,200,
1790447871209,35.7552,200,
1790447871238,28.8545,200,
1790447871274,34.0549,200,
1790447871301,26.441,200,
1790447871328,25.5376,200,
1790447871357,27.6469,200,
1790447871389,30.3911,200,
1790447871437,46.9092,200,
1790447871467,29.5222,200,
1790447871495,27.0134,200,
1790447871527,31.2592,200,
1790447871555,27.5172,200,
1790447871589,31.9906,200,
1790447871617,26.4537,200,
1790447871648,29.7455,200,
1790447871677,28.6009,200,
1790447871706,27.222,200,
1790447871734,28.1659,200,
1790447871766,29.9444,200,
1790447871802,34.6337,200,
1790447871832,29.4302,200,
1790447871860,27.6006,200,
1790447871895,33.9301,200,
1790447871934,36.9075,200,
1790447871961,26.7731,200,
1790447871991,29.0064,200,
1790447872020,27.4229,200,
1790447872049,27.0686,200,
1790447872079,29.7687,200,
1790447872106,25.9493,200,
1790447872135,27.6528,200,
1790447872161,24.8549,200,
1790447872188,26.6598,200,
1790447872219,28.9078,200,
1790447872255,34.5819,200,
1790447872285,29.0766,200,
1790447872317,30.6777,200,
1790447872346,27.6737,200,
1790447872373,26.2391,200,
1790447872400,27.0315,200,
1790447872432,30.9718,200,
1790447872479,44.6663,200,
1790447872509,29.2809,200,
1790447872540,29.3061,200,
1790447872581,39.6803,200,
1790447872613,31.6742,200,
1790447872646,31.1327,200,
1790447872672,25.1118,200,
1790447872702,28.3847,200,
1790447872732,28.7355,200,
1790447872763,29.3469,200,
1790447872795,30.557,200,
1790447872824,28.174,200,
1790447872853,27.5191,200,
1790447872897,41.4113,200,
1790447872928,29.9722,200,
1790447872957,27.7752,200,
1790447872988,30.5837,200,
1790447873018,28.5341,200,
1790447873047,28.1376,200,
1790447873074,27.6909,200,
1790447873103,26.602,200,
1790447873142,36.2759,200,
1790447873169,27.3324,200,
1790447873217,45.7618,200,
1790447873247,28.9854,200,
1790447873273,24.3535,200,
1790447873301,26.0768,200,
1790447873331,29.0135,200,
1790447873369,36.3872,200,
1790447873397,27.5446,200,
1790447873423,24.0683,200,
1790447873450,26.0519,200,
1790447873483,32.0817,200,
1790447873514,29.2808,200,
1790447873543,28.2848,200,
1790447873574,30.1976,200,
1790447873603,28.1085,200,
1790447873633,28.7616,200,
1790447873661,26.0617,200,
1790447873688,25.8731,200,
1790447873717,28.5139,200,
1790447873747,29.6708,200,
1790447873785,35.005,200,
1790447873819,34.0209,200,
1790447873848,28.1735,200,
1790447873889,39.8842,200,
1790447873920,29.0474,200,
1790447873956,33.3517,200,
1790447873988,31.6612,200,
1790447874015,25.14,200,
1790447874041,25.9512,200,
1790447874070,26.2917,200,
1790447874099,28.1642,200,
1790447874131,30.7779,200,
1790447874165,33.1755,200,
1790447874195,28.8119,200,
1790447874233,36.3712,200,
1790447874264,29.0519,200,
1790447874306,41.5492,200,
1790447874332,25.2356,200,
1790447874365,31.0973,200,
1790447874398,31.3079,200,
1790447874423,24.0541,200,
1790447874453,29.8814,200,
1790447874484,28.9822,200,
1790447874512,28.2895,200,
1790447874541,28.0471,200,
1790447874571,29.1321,200,
1790447874605,32.0117,200,
1790447874632,26.1324,200,
1790447874659,26.0966,200,
1790447874691,30.1293,200,
1790447874721,28.8168,200,
1790447874749,27.5927,200,
1790447874780,28.6949,200,
1790447874812,31.4767,200,
1790447874836,22.5856,200,
1790447874863,26.4003,200,
1790447874889,25.955,200,
1790447874916,24.8718,200,
1790447874939,23.0512,200,
1790447874975,32.9693,200,
1790447875003,27.4574,200,
1790447875027,23.1271,200,
1790447875050,22.8931,200,
1790447875077,24.8865,200,
1790447875103,25.5607,200,
1790447875128,23.2363,200,
1790447875158,29.0958,200,
1790447875188,28.3741,200,
1790447875212,22.9852,200,
1790447875243,29.4769,200,
1790447875271,27.2491,200,
1790447875305,33.2175,200,
1790447875334,27.0389,200,
1790447875367,31.4312,200,
1790447875395,26.2214,200,
1790447875420,24.4044,200,
1790447875443,21.4969,200,
1790447875476,32.136,200,
1790447875504,26.9352,200,
1790447875530,25.0295,200,
1790447875556,25.7163,200,
1790447875587,29.4523,200,
1790447875612,23.9093,200,
1790447875639,25.8272,200,
1790447875672,30.8872,200,
1790447875705,32.0619,200,
1790447875732,26.704,200,
1790447875761,27.4697,200,
1790447875790,27.9427,200,
1790447875817,26.027,200,
1790447875847,28.9976,200,
1790447875875,27.5801,200,
1790447875904,26.5006,200,
1790447875927,22.5681,200,
1790447875958,29.203,200,
1790447875988,27.8775,200,
1790447876015,26.9365,200,
1790447876041,24.7088,200,
1790447876069,28.698,200,
1790447876097,25.5045,200,
1790447876127,27.7779,200,
1790447876153,24.9443,200,
1790447876183,28.6851,200,
1790447876216,32.1102,200,
1790447876242,25.4395,200,
1790447876273,29.3663,200,
1790447876304,30.6128,200,
1790447876332,26.6631,200,
1790447876360,26.9075,200,
1790447876390,29.6568,200,
1790447876420,27.4779,200,
1790447876446,26.1426,200,
1790447876476,28.4844,200,
1790447876506,28.9263,200,
1790447876528,22.3549,200,
1790447876560,28.9178,200,
1790447876591,30.0524,200,
1790447876618,26.7933,200,
1790447876644,24.7413,200,
1790447876673,28.3259,200,
1790447876707,31.1495,200,
1790447876738,29.3254,200,
1790447876767,28.4191,200,
1790447876798,30.2532,200,
1790447876830,30.8816,200,
1790447876862,30.6322,200,
1790447876894,31.4617,200,
1790447876926,30.5409,200,
1790447876959,31.8617,200,
1790447876987,26.8872,200,
1790447877017,29.516,200,
1790447877044,25.9625,200,
1790447877068,24.1891,200,
1790447877115,44.2045,200,
1790447877145,29.0253,200,
1790447877172,25.4314,200,
1790447877203,29.9697,200,
1790447877228,25.0741,200,
1790447877257,27.38,200,
1790447877296,37.398,200,
1790447877327,30.1967,200,
1790447877361,32.8341,200,
1790447877390,27.043,200,
1790447877422,31.8929,200,
1790447877456,32.4964,200,
1790447877486,27.9242,200,
1790447877519,31.9584,200,
1790447877550,30.1652,200,
1790447877577,25.8114,200,
1790447877602,24.0979,200,
1790447877629,26.2273,200,
1790447877658,28.5326,200,
1790447877687,27.5644,200,
1790447877715,27.1086,200,
1790447877745,27.8639,200,
1790447877777,31.1735,200,
1790447877803,24.9307,200,
1790447877830,25.927,200,
1790447877859,27.9112,200,
1790447877889,29.2037,200,
1790447877916,25.8716,200,
1790447877948,30.0612,200,
1790447877974,24.9196,200,
1790447878005,29.8438,200,
1790447878033,27.187,200,
1790447878066,31.6196,200,
1790447878097,30.1477,200,
1790447878134,36.5305,200,
1790447878171,35.2771,200,
1790447878210,38.8836,200,
1790447878256,42.1402,200,
1790447878284,26.7109,200,
1790447878309,23.5283,200,
1790447878342,31.6854,200,
1790447878375,31.8438,200,
1790447878408,31.3002,200,
1790447878438,29.0085,200,
1790447878471,31.597,200,
1790447878497,25.2984,200,
1790447878528,29.5448,200,
1790447878558,29.2377,200,
1790447878592,32.9981,200,
1790447878620,26.8045,200,
1790447878647,26.8217,200,
1790447878678,28.6592,200,
1790447878708,29.9601,200,
1790447878738,28.3277,200,
1790447878771,31.8525,200,
1790447878806,33.0888,200,
1790447878834,26.5009,200,
1790447878863,27.6336,200,
1790447878890,26.6367,200,
1790447878922,31.6408,200,
1790447878953,29.7182,200,
1790447878982,27.9,200,
1790447879012,29.7341,200,
1790447879046,31.8032,200,
1790447879072,25.3085,200,
1790447879098,24.7685,200,
1790447879128,28.6536,200,
1790447879174,44.9247,200,
1790447879200,25.16,200,
1790447879231,30.4945,200,
1790447879265,33.0798,200,
1790447879291,25.8925,200,
1790447879321,28.1771,200,
1790447879353,31.0633,200,
1790447879388,33.2347,200,
1790447879418,28.5736,200,
1790447879448,28.8933,200,
1790447879475,26.8481,200,
1790447879504,27.3058,200,
1790447879534,29.1211,200,
1790447879568,32.9105,200,
1790447879600,31.4841,200,
1790447879631,29.8328,200,
1790447879659,27.1332,200,
1790447879691,31.1697,200,
1790447879720,28.4469,200,
1790447879753,31.2516,200,
1790447879782,28.9311,200,
1790447879815,30.7815,200,
1790447879845,28.6832,200,
1790447879873,26.9033,200,
1790447879906,32.9727,200,
1790447879937,29.5788,200,
1790447879971,32.411,200,
1790447880003,31.2624,200,
1790447880052,46.6587,200,
1790447880075,22.9021,200,
1790447880106,29.4625,200,
1790447880136,29.0984,200,
1790447880165,27.6958,200,
1790447880195,29.3936,200,
1790447880224,27.8561,200,
1790447880257,31.9876,200,
1790447880295,35.5404,200,
1790447880347,51.0503,200,
1790447880390,42.433,200,
1790447880444,52.2641,200,
1790447880490,44.0383,200,
1790447880523,31.6747,200,
1790447880550,26.5449,200,
1790447880581,29.5215,200,
1790447880615,33.6624,200,
1790447880650,34.1488,200,
1790447880681,29.5941,200,
1790447880717,34.8431,200,
1790447880753,34.042,200,
1790447880800,46.1463,200,
1790447880831,30.438,200,
1790447880861,29.2328,200,
1790447880889,26.1226,200,
1790447880916,26.6126,200,
1790447880947,28.9132,200,
1790447880974,26.9451,200,
1790447881002,25.7729,200,
1790447881030,27.7367,200,
1790447881071,38.6961,200,
1790447881097,25.2789,200,
1790447881134,35.7183,200,
1790447881163,28.0332,200,
1790447881191,27.3016,200,
1790447881220,28.4488,200,
1790447881248,26.5766,200,
1790447881278,28.9595,200,
1790447881310,30.6209,200,
1790447881341,29.5644,200,
1790447881371,28.4867,200,
1790447881411,38.7833,200,
1790447881451,38.9644,200,
1790447881481,28.5939,200,
1790447881512,29.8769,200,
1790447881541,27.3309,200,
1790447881571,30.3726,200,
1790447881600,27.9896,200,
1790447881629,27.1811,200,
1790447881661,30.285,200,
1790447881693,31.9612,200,
1790447881722,26.902,200,
1790447881755,32.5102,200,
1790447881785,28.9677,200,
1790447881819,32.3196,200,
1790447881848,28.5063,200,
1790447881878,29.1561,200,
1790447881912,32.7348,200,
1790447881949,35.3324,200,
1790447881982,30.8286,200,
1790447882019,37.4553,200,
1790447882054,32.8526,200,
1790447882084,28.5385,200,
1790447882111,25.7015,200,
1790447882143,30.1135,200,
1790447882167,23.6901,200,
1790447882197,28.6984,200,
1790447882228,29.3762,200,
1790447882255,26.5176,200,
1790447882281,25.5367,200,
1790447882316,33.4128,200,
1790447882346,29.1739,200,
1790447882377,29.4027,200,
1790447882411,32.7956,200,
1790447882442,28.5239,200,
1790447882473,30.4747,200,
1790447882517,42.0793,200,
1790447882548,29.7896,200,
1790447882574,25.0395,200,
1790447882604,28.096,200,
1790447882639,33.7774,200,
1790447882675,34.7773,200,
1790447882704,28.2175,200,
1790447882739,33.7747,200,
1790447882768,27.9342,200,
1790447882801,31.5027,200,
1790447882832,31.015,200,
1790447882867,33.4805,200,
1790447882894,25.7054,200,
1790447882928,33.3051,200,
1790447882963,32.5457,200,
1790447882993,29.0319,200,
1790447883019,24.9426,200,
1790447883050,30.5058,200,
1790447883075,23.9934,200,
1790447883106,29.2853,200,
1790447883149,42.4309,200,
1790447883178,27.0241,200,
1790447883206,26.6896,200,
1790447883232,25.0488,200,
1790447883267,34.1292,200,
1790447883298,30.1475,200,
1790447883330,30.7946,200,
1790447883364,32.1356,200,
1790447883395,30.9537,200,
1790447883426,27.6475,200,
1790447883455,27.4711,200,
1790447883485,29.0014,200,
1790447883510,25.2743,200,
1790447883539,26.4574,200,
1790447883571,30.4602,200,
1790447883610,37.4184,200,
1790447883638,27.9193,200,
1790447883667,27.9153,200,
1790447883691,23.0918,200,
1790447883717,25.1503,200,
1790447883746,27.9005,200,
1790447883781,32.7204,200,
1790447883814,32.3034,200,
1790447883843,27.2635,200,
1790447883869,25.775,200,
1790447883895,24.9847,200,
1790447883923,27.2125,200,
1790447883953,29.1983,200,
1790447883981,26.5507,200,
1790447884008,25.8423,200,
1790447884038,28.5658,200,
1790447884064,24.6952,200,
1790447884091,25.6708,200,
1790447884115,23.6308,200,
1790447884146,30.3394,200,
1790447884177,29.9108,200,
1790447884204,25.9526,200,
1790447884233,27.8116,200,
1790447884262,28.2854,200,
1790447884293,30.6436,200,
1790447884328,33.1531,200,
1790447884356,26.3973,200,
1790447884387,29.6855,200,
1790447884420,30.8855,200,
1790447884447,26.486,200,
1790447884476,27.6025,200,
1790447884505,28.4781,200,
1790447884541,35.1976,200,
1790447884576,33.1584,200,
1790447884635,58.6658,200,
1790447884662,25.5833,200,
1790447884694,29.6617,200,
1790447884721,26.6698,200,
1790447884753,30.89,200,
1790447884780,26.0015,200,
1790447884808,26.535,200,
1790447884837,29.1895,200,
1790447884869,30.3389,200,
1790447884899,28.2391,200,
1790447884926,25.5951,200,
1790447884955,28.5009,200,
1790447884987,31.1179,200,
1790447885011,23.5074,200,
1790447885038,25.6805,200,
1790447885064,24.8322,200,
1790447885090,25.0964,200,
1790447885118,27.3617,200,
1790447885145,25.004,200,
1790447885174,26.9643,200,
1790447885202,27.1382,200,
1790447885249,46.0283,200,
1790447885278,27.6398,200,
1790447885312,32.9338,200,
1790447885347,33.1947,200,
1790447885376,28.3596,200,
1790447885404,26.5772,200,
1790447885433,26.9371,200,
1790447885468,33.2705,200,
1790447885501,31.5895,200,
1790447885529,27.273,200,
1790447885561,31.102,200,
1790447885589,27.379,200,
1790447885617,25.6753,200,
1790447885643,25.7451,200,
1790447885673,29.0748,200,
1790447885702,28.5173,200,
1790447885730,26.6471,200,
1790447885756,25.0515,200,
1790447885796,38.3881,200,
1790447885827,29.2735,200,
1790447885854,25.8887,200,
1790447885883,28.827,200,
1790447885910,25.6179,200,
1790447885937,25.7127,200,
1790447885968,29.8476,200,
1790447885998,29.1294,200,
1790447886027,28.4526,200,
1790447886055,26.5811,200,
1790447886086,29.9562,200,
1790447886119,32.8536,200,
1790447886149,28.1857,200,
1790447886173,23.4289,200,
1790447886200,26.0805,200,
1790447886233,31.5934,200,
1790447886265,29.6375,200,
1790447886292,26.5462,200,
1790447886328,35.1524,200,
1790447886358,28.7063,200,
1790447886397,38.1918,200,
1790447886426,28.0846,200,
1790447886458,30.6724,200,
1790447886486,26.5299,200,
1790447886516,29.0534,200,
1790447886544,27.3643,200,
1790447886569,24.1947,200,
1790447886603,32.3584,200,
1790447886632,27.6288,200,
1790447886665,31.9701,200,
1790447886695,28.8201,200,
1790447886720,24.2136,200,
1790447886745,23.5974,200,
1790447886772,26.6584,200,
1790447886799,26.7459,200,
1790447886825,24.4376,200,
1790447886851,24.0515,200,
1790447886876,24.2131,200,
1790447886908,31.3115,200,
1790447886934,25.165,200,
1790447886959,24.9583,200,
1790447886989,27.1738,200,
1790447887022,31.732,200,
1790447887053,29.7862,200,
1790447887084,31.7769,200,
1790447887121,34.3599,200,
1790447887148,26.3075,200,
1790447887178,29.1078,200,
1790447887218,39.3894,200,
1790447887243,23.2244,200,
1790447887272,27.7386,200,
1790447887299,26.4348,200,
1790447887326,25.5693,200,
1790447887353,25.9774,200,
1790447887428,73.9091,200,
1790447887452,22.9366,200,
1790447887483,30.024,200,
1790447887514,29.192,200,
1790447887544,28.9219,200,
1790447887574,29.3863,200,
1790447887606,30.5844,200,
1790447887633,26.3795,200,
1790447887660,25.7827,200,
1790447887689,27.2935,200,
1790447887714,24.0636,200,
1790447887745,29.9511,200,
1790447887776,30.1678,200,
1790447887806,28.8764,200,
1790447887834,26.7459,200,
1790447887865,29.9437,200,
1790447887896,30.1045,200,
1790447887923,26.0942,200,
1790447887948,24.8503,200,
1790447887979,30.1303,200,
1790447888010,28.6495,200,
1790447888035,24.2938,200,
1790447888062,26.4503,200,
1790447888091,27.584,200,
1790447888119,26.4201,200,
1790447888147,27.3916,200,
1790447888178,30.2911,200,
1790447888204,24.1383,200,
1790447888235,30.3393,200,
1790447888269,32.5904,200,
1790447888301,31.5903,200,
1790447888328,25.0854,200,
1790447888361,31.6497,200,
1790447888394,31.8746,200,
1790447888422,27.9106,200,
1790447888450,26.6735,200,
1790447888481,29.499,200,
1790447888506,23.8256,200,
1790447888533,26.2522,200,
1790447888561,28.0127,200,
1790447888597,33.9807,200,
1790447888625,27.0944,200,
1790447888651,25.0444,200,
1790447888682,29.7632,200,
1790447888711,28.1479,200,
1790447888734,22.1368,200,
1790447888762,26.8206,200,
1790447888793,29.7705,200,
1790447888819,25.8679,200,
1790447888843,22.3247,200,
1790447888871,27.1893,200,
1790447888899,27.4021,200,
1790447888921,21.175,200,
1790447888952,29.5999,200,
1790447888983,29.2342,200,
1790447889006,22.9301,200,
1790447889034,26.539,200,
1790447889061,26.1286,200,
1790447889088,26.0325,200,
1790447889117,27.4723,200,
1790447889144,26.0778,200,
1790447889175,30.7084,200,
1790447889204,27.2984,200,
1790447889229,24.7417,200,
1790447889258,26.3955,200,
1790447889294,35.7273,200,
1790447889325,30.0179,200,
1790447889352,25.75,200,
1790447889389,34.3693,200,
1790447889422,31.7329,200,
1790447889450,27.1796,200,
1790447889479,27.4602,200,
1790447889506,26.7283,200,
1790447889536,28.0889,200,
1790447889563,27.2017,200,
1790447889595,30.8798,200,
1790447889623,27.3288,200,
1790447889651,27.3464,200,
1790447889682,29.188,200,
1790447889719,36.0366,200,
1790447889759,38.4397,200,
1790447889787,27.5825,200,
1790447889822,32.2735,200,
1790447889856,33.3926,200,
1790447889885,27.9193,200,
1790447889913,27.7694,200,
1790447889945,31.3044,200,
1790447889974,27.6194,200,
1790447890005,30.3299,200,
1790447890035,28.0335,200,
1790447890066,29.8599,200,
1790447890091,23.7412,200,
1790447890118,26.8465,200,
1790447890157,36.7788,200,
1790447890188,29.743,200,
1790447890216,27.209,200,
1790447890244,26.7183,200,
1790447890287,41.3291,200,
1790447890377,88.8775,200,
1790447890413,34.7328,200,
1790447890452,37.2853,200,
1790447890498,44.0049,200,
1790447890534,35.32,200,
1790447890566,30.1202,200,
1790447890596,29.6869,200,
1790447890629,31.6579,200,
1790447890661,29.8749,200,
1790447890695,33.9959,200,
1790447890725,28.5383,200,
1790447890761,34.6585,200,
1790447890788,26.8181,200,
1790447890822,32.9366,200,
1790447890856,32.4324,200,
1790447890889,31.367,200,
1790447890920,30.3278,200,
1790447890951,29.3476,200,
1790447890982,30.239,200,
1790447891010,26.0955,200,
1790447891041,30.7051,200,
1790447891069,26.339,200,
1790447891099,29.4896,200,
1790447891130,30.6418,200,
1790447891164,32.6115,200,
1790447891194,28.4708,200,
1790447891221,27.1856,200,
1790447891251,28.8409,200,
1790447891284,32.2625,200,
1790447891331,44.9808,200,
1790447891361,28.7582,200,
1790447891394,31.7859,200,
1790447891423,28.0189,200,
1790447891458,33.9532,200,
1790447891487,27.0801,200,
1790447891521,32.3645,200,
1790447891550,28.2693,200,
1790447891581,29.775,200,
1790447891618,35.5286,200,
1790447891650,30.0454,200,
1790447891680,28.9676,200,
1790447891710,29.451,200,
1790447891740,28.6382,200,
1790447891773,31.6685,200,
1790447891805,30.7692,200,
1790447891834,28.3689,200,
1790447891864,27.9864,200,
1790447891893,28.2548,200,
1790447891927,31.9408,200,
1790447891958,31.5315,200,
1790447891990,30.27,200,
1790447892021,30.0287,200,
1790447892045,24.7463,200,
1790447892072,23.1053,200,
1790447892102,29.7516,200,
1790447892134,30.6812,200,
1790447892161,26.4962,200,
1790447892184,21.8815,200,
1790447892215,29.9964,200,
1790447892242,26.6738,200,
1790447892272,28.396,200,
1790447892296,24.3197,200,
1790447892327,29.0455,200,
1790447892353,25.4203,200,
1790447892383,28.7776,200,
1790447892418,32.9964,200,
1790447892451,31.9608,200,
1790447892488,35.6803,200,
1790447892538,48.3812,200,
1790447892570,30.6152,200,
1790447892598,27.0545,200,
1790447892626,27.1066,200,
1790447892659,31.9855,200,
1790447892686,26.2634,200,
1790447892716,28.0686,200,
1790447892751,33.5253,200,
1790447892784,32.7937,200,
1790447892816,29.0871,200,
1790447892848,31.9593,200,
1790447892877,27.357,200,
1790447892904,26.6037,200,
1790447892932,26.9356,200,
1790447892959,24.8416,200,
1790447892988,28.7382,200,
1790447893019,30.2299,200,
1790447893043,23.0701,200,
1790447893068,24.0901,200,
1790447893096,27.2769,200,
1790447893131,33.81,200,
1790447893170,37.4111,200,
1790447893197,26.0154,200,
1790447893226,28.9493,200,
1790447893250,23.4006,200,
1790447893280,28.1532,200,
1790447893318,37.339,200,
1790447893355,34.5705,200,
1790447893387,30.554,200,
1790447893416,28.0929,200,
1790447893444,27.2908,200,
1790447893476,31.0205,200,
1790447893512,33.8044,200,
1790447893541,27.871,200,
1790447893573,31.7528,200,
1790447893607,31.733,200,
1790447893636,28.3711,200,
1790447893667,30.0362,200,
1790447893697,28.946,200,
1790447893726,28.5653,200,
1790447893755,26.5832,200,
1790447893791,35.9404,200,
1790447893826,32.7929,200,
1790447893853,26.6389,200,
1790447893884,30.1032,200,
1790447893914,28.4296,200,
1790447893941,26.9838,200,
1790447893969,27.19,200,
1790447894002,32.1297,200,
1790447894029,25.62,200,
1790447894056,25.794,200,
1790447894082,24.7533,200,
1790447894118,34.3429,200,
1790447894147,27.6555,200,
1790447894177,28.0928,200,
1790447894207,29.3053,200,
1790447894234,25.1547,200,
1790447894265,29.6669,200,
1790447894294,28.2427,200,
1790447894327,31.9924,200,
1790447894355,26.9979,200,
1790447894384,27.6574,200,
1790447894415,30.9802,200,
1790447894446,28.8841,200,
1790447894475,28.299,200,
1790447894512,36.9069,200,
1790447894542,28.3215,200,
1790447894573,29.5794,200,
1790447894602,28.2443,200,
1790447894629,26.0681,200,
1790447894663,33.4073,200,
1790447894689,24.4698,200,
1790447894723,32.4968,200,
1790447894752,28.4315,200,
1790447894783,30.3379,200,
1790447894816,32.0603,200,
1790447894843,25.3859,200,
1790447894870,26.0764,200,
1790447894899,27.8108,200,
1790447894925,25.6253,200,
1790447894952,25.5737,200,
1790447894980,26.5773,200,
1790447895011,30.2099,200,
1790447895037,24.8053,200,
1790447895064,26.2892,200,
1790447895093,27.7342,200,
1790447895127,31.3804,200,
1790447895157,29.0153,200,
1790447895182,23.9969,200,
1790447895215,29.0608,200,
1790447895243,25.8518,200,
1790447895277,32.7532,200,
1790447895315,37.132,200,
1790447895347,30.1796,200,
1790447895378,30.2772,200,
1790447895408,28.4653,200,
1790447895436,27.6,200,
1790447895465,27.4468,200,
1790447895493,26.7658,200,
1790447895521,26.9016,200,
1790447895548,25.5643,200,
1790447895574,26.3448,200,
1790447895607,31.3491,200,
1790447895638,30.0352,200,
1790447895670,30.4556,200,
1790447895698,27.7768,200,
1790447895729,29.2194,200,
1790447895761,32.2948,200,
1790447895789,26.464,200,
1790447895878,86.876,200,
1790447895909,30.4054,200,
1790447895937,28.3037,200,
1790447895966,27.4366,200,
1790447895999,31.3041,200,
1790447896025,25.1868,200,
1790447896056,29.9032,200,
1790447896084,27.7441,200,
1790447896113,28.4929,200,
1790447896141,27.5894,200,
1790447896178,34.5404,200,
1790447896205,26.4537,200,
1790447896238,31.6345,200,
1790447896277,36.8756,200,
1790447896308,30.4231,200,
1790447896334,24.368,200,
1790447896362,28.6191,200,
1790447896401,36.6052,200,
1790447896430,28.2122,200,
1790447896464,32.4285,200,
1790447896495,30.3525,200,
1790447896524,28.2375,200,
1790447896552,26.7749,200,
1790447896581,28.1796,200,
1790447896620,37.8496,200,
1790447896652,28.5231,200,
1790447896681,28.689,200,
1790447896707,25.1358,200,
1790447896742,32.9158,200,
1790447896772,29.5778,200,
1790447896802,28.754,200,
1790447896833,30.4517,200,
1790447896870,35.8359,200,
1790447896898,27.2779,200,
1790447896927,27.2222,200,
1790447896964,35.8417,200,
1790447896990,26.1242,200,
1790447897018,25.7242,200,
1790447897045,26.9278,200,
1790447897076,29.5628,200,
1790447897105,28.4998,200,
1790447897134,27.4013,200,
1790447897160,24.9277,200,
1790447897186,26.0322,200,
1790447897222,32.8191,200,
1790447897250,27.9131,200,
1790447897277,25.4931,200,
1790447897304,26.1238,200,
1790447897335,31.0595,200,
1790447897369,32.3837,200,
1790447897405,34.1676,200,
1790447897438,32.0975,200,
1790447897469,30.0416,200,
1790447897498,27.895,200,
1790447897528,29.045,200,
1790447897562,32.6316,200,
1790447897593,30.4072,200,
1790447897619,24.9075,200,
1790447897650,28.7603,200,
1790447897682,32.0221,200,
1790447897719,35.75,200,
1790447897749,29.2332,200,
1790447897779,27.913,200,
1790447897812,31.6302,200,
1790447897841,27.746,200,
1790447897875,31.6865,200,
1790447897902,26.481,200,
1790447897931,26.8707,200,
1790447897957,26.1751,200,
1790447897992,33.1878,200,
1790447898019,25.7657,200,
1790447898047,28.3197,200,
1790447898077,28.8477,200,
1790447898108,28.8457,200,
1790447898134,25.3187,200,
1790447898164,27.5081,200,
1790447898195,30.5944,200,
1790447898223,26.9074,200,
1790447898253,29.3496,200,
1790447898278,24.2862,200,
1790447898325,45.9481,200,
1790447898355,28.4171,200,
1790447898384,28.4667,200,
1790447898421,32.372,200,
1790447898455,33.5645,200,
1790447898486,29.3485,200,
1790447898516,29.1108,200,
1790447898544,27.7601,200,
1790447898574,28.2531,200,
1790447898606,31.5351,200,
1790447898640,32.7006,200,
1790447898668,27.876,200,
1790447898698,28.3911,200,
1790447898729,29.8897,200,
1790447898756,26.019,200,
1790447898783,26.5026,200,
1790447898812,25.1808,200,
1790447898850,37.1501,200,
1790447898878,27.2755,200,
1790447898903,24.8277,200,
1790447898933,27.8703,200,
1790447898972,37.7391,200,
1790447899002,28.6281,200,
1790447899032,28.7247,200,
1790447899059,25.7487,200,
1790447899090,29.3474,200,
1790447899126,34.6455,200,
1790447899156,28.8169,200,
1790447899194,37.2833,200,
1790447899218,23.9761,200,
1790447899242,21.7126,200,
1790447899270,27.4094,200,
1790447899299,28.1321,200,
1790447899333,33.0331,200,
1790447899362,26.8039,200,
1790447899391,28.5748,200,
1790447899419,26.36,200,
1790447899446,25.8409,200,
1790447899472,25.3324,200,
1790447899500,26.76,200,
1790447899525,24.4903,200,
1790447899551,24.8298,200,
1790447899580,27.4359,200,
1790447899626,44.5136,200,
1790447899651,24.0524,200,
1790447899677,25.5537,200,
1790447899707,29.1196,200,
1790447899735,26.8421,200,
1790447899762,24.9001,200,
1790447899791,28.576,200,
1790447899819,26.4525,200,
1790447899852,31.1791,200,
1790447899885,32.9218,200,
1790447899911,25.1018,200,
1790447899936,23.9628,200,
1790447899969,31.7157,200,
1790447900004,33.697,200,
1790447900031,26.3612,200,
1790447900055,22.8657,200,
1790447900080,24.6073,200,
1790447900109,27.4697,200,
1790447900136,25.7869,200,
1790447900166,30.5324,200,
1790447900196,27.84,200,
1790447900221,24.1559,200,
1790447900271,48.4792,200,
1790447900298,27.03,200,
1790447900360,58.9137,200,
1790447900476,115.2087,200,
1790447900511,33.2776,200,
1790447900541,28.5656,200,
1790447900568,26.6901,200,
1790447900604,34.4042,200,
1790447900633,28.1167,200,
1790447900662,28.3187,200,
1790447900698,34.1946,200,
1790447900730,29.8835,200,
1790447900760,29.2357,200,
1790447900792,29.2813,200,
1790447900815,23.6516,200,
1790447900844,26.7709,200,
1790447900874,29.0213,200,
1790447900909,32.5629,200,
1790447900936,26.5587,200,
1790447900965,28.6606,200,
1790447900998,31.9559,200,
1790447901023,23.3161,200,
1790447901047,23.1084,200,
1790447901075,27.1943,200,
1790447901100,24.4199,200,
1790447901126,23.7422,200,
1790447901151,25.4945,200,
1790447901179,26.9226,200,
1790447901211,28.8622,200,
1790447901238,26.5652,200,
1790447901278,38.1281,200,
1790447901314,34.2322,200,
1790447901337,22.3658,200,
1790447901369,30.867,200,
1790447901401,31.4755,200,
1790447901430,28.5379,200,
1790447901458,25.8286,200,
1790447901488,29.0681,200,
1790447901513,23.2881,200,
1790447901538,24.4617,200,
1790447901578,39.3008,200,
1790447901615,35.0083,200,
1790447901657,41.1083,200,
1790447901687,29.2637,200,
1790447901719,31.0035,200,
1790447901753,31.7703,200,
1790447901785,31.2759,200,
1790447901812,26.8139,200,
1790447901842,28.2138,200,
1790447901871,28.2746,200,
1790447901902,29.3027,200,
1790447901929,25.9547,200,
1790447901957,26.2748,200,
1790447901987,29.422,200,
1790447902025,36.7321,200,
1790447902052,25.9551,200,
1790447902084,30.9744,200,
1790447902114,27.952,200,
1790447902143,28.638,200,
1790447902175,30.2086,200,
1790447902202,26.6487,200,
1790447902234,31.1722,200,
1790447902268,32.1783,200,
1790447902294,26.0223,200,
1790447902326,30.6604,200,
1790447902357,30.514,200,
1790447902393,33.3543,200,
1790447902423,28.7507,200,
1790447902462,36.956,200,
1790447902502,39.239,200,
1790447902536,30.7625,200,
1790447902579,41.1755,200,
1790447902609,28.8443,200,
1790447902646,35.3638,200,
1790447902674,27.862,200,
1790447902706,30.9794,200,
1790447902738,30.6689,200,
1790447902768,28.5047,200,
1790447902801,32.5078,200,
1790447902829,27.0475,200,
1790447902859,28.0882,200,
1790447902890,30.358,200,
1790447902922,30.4525,200,
1790447902952,29.5895,200,
1790447902982,28.6338,200,
1790447903014,30.8878,200,
1790447903045,30.3867,200,
1790447903075,28.0974,200,
1790447903105,28.5219,200,
1790447903135,30.3564,200,
1790447903164,26.7192,200,
1790447903194,29.0694,200,
1790447903222,27.5082,200,
1790447903254,30.2191,200,
1790447903278,23.0155,200,
1790447903307,28.4828,200,
1790447903337,29.4154,200,
1790447903370,31.2807,200,
1790447903400,29.5752,200,
1790447903434,31.8598,200,
1790447903471,36.0551,200,
1790447903501,29.6098,200,
1790447903529,26.5448,200,
1790447903557,27.1149,200,
1790447903585,27.2469,200,
1790447903617,31.7959,200,
1790447903643,25.0859,200,
1790447903674,29.6411,200,
1790447903709,34.5408,200,
1790447903736,24.8634,200,
1790447903770,32.749,200,
1790447903803,32.1949,200,
1790447903838,33.995,200,
1790447903866,26.6324,200,
1790447903895,27.4984,200,
1790447903925,29.4411,200,
1790447903951,25.7228,200,
1790447903979,26.6416,200,
1790447904010,29.459,200,
1790447904040,27.7485,200,
1790447904069,28.8674,200,
1790447904098,27.6193,200,
1790447904127,28.3308,200,
1790447904157,28.6261,200,
1790447904188,29.9248,200,
1790447904214,25.5643,200,
1790447904242,26.8687,200,
1790447904275,32.5378,200,
1790447904310,33.6529,200,
1790447904346,34.7568,200,
1790447904378,30.5706,200,
1790447904408,28.8246,200,
1790447904446,37.0502,200,
1790447904472,24.8677,200,
1790447904503,29.6249,200,
1790447904532,28.3924,200,
1790447904565,31.8665,200,
1790447904597,30.3173,200,
1790447904637,38.9838,200,
1790447904671,32.1892,200,
1790447904699,27.2758,200,
1790447904729,28.6875,200,
1790447904761,31.3807,200,
1790447904790,26.6868,200,
1790447904819,27.5708,200,
1790447904850,30.876,200,
1790447904878,27.104,200,
1790447904906,26.2976,200,
1790447904940,31.8481,200,
1790447904969,28.2141,200,
1790447905002,32.1023,200,
1790447905031,28.2767,200,
1790447905058,25.8216,200,
1790447905088,28.6952,200,
1790447905116,26.39,200,
1790447905140,23.1041,200,
1790447905171,29.9423,200,
1790447905199,26.8672,200,
1790447905225,24.9736,200,
1790447905260,34.1521,200,
1790447905296,35.5252,200,
1790447905335,36.2569,200,
1790447905364,29.1103,200,
1790447905393,26.9906,200,
1790447905421,26.8165,200,
1790447905447,26.3097,200,
1790447905478,29.128,200,
1790447905509,30.2845,200,
1790447905539,29.2086,200,
1790447905572,31.4692,200,
1790447905604,30.7044,200,
1790447905634,29.3558,200,
1790447905661,26.9733,200,
1790447905689,27.0671,200,
1790447905722,31.4208,200,
1790447905750,27.5487,200,
1790447905777,25.9512,200,
1790447905807,29.382,200,
1790447905840,31.4401,200,
1790447905865,23.9252,200,
1790447905893,27.0842,200,
1790447905925,30.2179,200,
1790447905955,29.0837,200,
1790447905987,29.9624,200,
1790447906015,27.0921,200,
1790447906045,29.2023,200,
1790447906073,27.2355,200,
1790447906098,23.2425,200,
1790447906127,28.1402,200,
1790447906156,26.6418,200,
1790447906185,27.815,200,
1790447906211,24.9479,200,
1790447906235,24.153,200,
1790447906271,33.4589,200,
1790447906302,29.9795,200,
1790447906335,32.2096,200,
1790447906364,28.4083,200,
1790447906393,28.2147,200,
1790447906423,28.3694,200,
1790447906453,29.1321,200,
1790447906481,27.3116,200,
1790447906515,32.5803,200,
1790447906541,25.258,200,
1790447906569,27.2229,200,
1790447906599,28.917,200,
1790447906641,40.3835,200,
1790447906671,28.8989,200,
1790447906701,29.5057,200,
1790447906731,29.2395,200,
1790447906759,27.2685,200,
1790447906788,26.7323,200,
1790447906815,26.5607,200,
1790447906846,30.2805,200,
1790447906874,28.1085,200,
1790447906904,27.9135,200,
1790447906938,32.6558,200,
1790447906967,28.3341,200,
1790447907002,33.7961,200,
1790447907030,27.5308,200,
1790447907059,27.6209,200,
1790447907085,25.7077,200,
1790447907113,26.2788,200,
1790447907140,25.9387,200,
1790447907171,31.4653,200,
1790447907202,29.4531,200,
1790447907231,27.2626,200,
1790447907262,29.8525,200,
1790447907292,29.876,200,
1790447907323,28.9325,200,
1790447907353,29.4092,200,
1790447907384,29.8751,200,
1790447907416,31.4658,200,
1790447907446,28.6839,200,
1790447907476,28.2252,200,
1790447907506,29.6067,200,
1790447907540,32.7068,200,
1790447907570,29.9103,200,
1790447907606,34.1617,200,
1790447907649,41.8541,200,
1790447907732,80.6122,200,
1790447907758,25.962,200,
1790447907786,26.8711,200,
1790447907825,37.6279,200,
1790447907856,29.5227,200,
1790447907886,29.0488,200,
1790447907913,25.4305,200,
1790447907946,31.01,200,
1790447907976,29.0708,200,
1790447908004,26.8356,200,
1790447908037,30.7296,200,
1790447908065,26.7509,200,
1790447908093,27.093,200,
1790447908121,26.8268,200,
1790447908152,29.5062,200,
1790447908190,37.4483,200,
1790447908222,29.9413,200,
1790447908263,39.6728,200,
1790447908295,31.1174,200,
1790447908327,31.6491,200,
1790447908356,28.2023,200,
1790447908387,29.2853,200,
1790447908424,35.8674,200,
1790447908458,32.5446,200,
1790447908490,31.7813,200,
1790447908523,31.9358,200,
1790447908554,30.0971,200,
1790447908585,29.7168,200,
1790447908616,30.4313,200,
1790447908647,29.6113,200,
1790447908673,25.8286,200,
1790447908701,26.7654,200,
1790447908729,27.6793,200,
1790447908766,35.2016,200,
1790447908793,26.4761,200,
1790447908827,31.4811,200,
1790447908855,26.5536,200,
1790447908881,24.304,200,
1790447908911,28.1385,200,
1790447908943,30.1525,200,
1790447908970,26.3663,200,
1790447909016,44.8409,200,
1790447909073,56.0309,200,
1790447909111,37.0033,200,
1790447909138,26.0931,200,
1790447909186,47.1233,200,
1790447909273,85.8521,200,
1790447909378,103.45,200,
1790447909490,110.7529,200,
1790447909579,88.3216,200,
1790447909675,95.0637,200,
1790447909772,96.2961,200,
1790447909803,29.1197,200,
1790447909830,26.6124,200,
1790447909857,26.1841,200,
1790447909883,24.1701,200,
1790447909908,24.3347,200,
1790447909942,32.5336,200,
1790447909971,28.1735,200,
1790447910016,44.9893,200,
1790447910044,26.1096,200,
1790447910101,55.4071,200,
1790447910192,90.6365,200,
1790447910279,85.7714,200,
1790447910307,27.7288,200,
1790447910464,155.284,200,
1790447910510,43.626,200,
1790447910576,65.6263,200,
1790447910607,30.6005,200,
1790447910648,37.8453,200,
1790447910687,37.732,200,
1790447910718,30.0343,200,
1790447910749,30.3377,200,
1790447910788,37.5525,200,
1790447910818,27.5905,200,
1790447910845,26.262,200,
1790447910878,31.297,200,
1790447910907,28.5178,200,
1790447910935,26.6962,200,
1790447910967,31.0629,200,
1790447910995,25.8628,200,
1790447911026,29.9708,200,
1790447911059,32.0787,200,
1790447911091,31.5187,200,
1790447911121,28.6716,200,
1790447911149,27.361,200,
1790447911194,43.4426,200,
1790447911221,24.9909,200,
1790447911248,26.4113,200,
1790447911288,37.936,200,
1790447911335,45.5257,200,
1790447911367,32.2301,200,
1790447911399,30.8792,200,
1790447911432,30.8842,200,
1790447911464,30.7039,200,
1790447911495,30.1009,200,
1790447911525,30.0058,200,
1790447911556,28.388,200,
1790447911586,29.4978,200,
1790447911622,33.8409,200,
1790447911654,31.073,200,
1790447911691,35.9132,200,
1790447911720,28.2681,200,
1790447911749,27.4987,200,
1790447911779,29.0124,200,
1790447911806,25.7051,200,
1790447911832,25.6094,200,
1790447911861,28.5703,200,
1790447911896,32.6474,200,
1790447911926,28.8671,200,
1790447911951,24.5832,200,
1790447911982,28.4187,200,
1790447912009,26.5251,200,
1790447912034,23.3012,200,
1790447912065,29.9811,200,
1790447912097,30.7181,200,
1790447912131,32.401,200,
1790447912159,26.9788,200,
1790447912192,30.1934,200,
1790447912219,25.6049,200,
1790447912242,23.4417,200,
1790447912271,27.718,200,
1790447912300,27.3657,200,
1790447912323,22.5307,200,
1790447912346,21.7919,200,
1790447912374,27.6043,200,
1790447912403,26.9657,200,
1790447912428,23.7345,200,
1790447912466,37.1571,200,
1790447912511,44.5054,200,
1790447912545,31.1302,200,
1790447912574,28.8595,200,
1790447912608,32.6366,200,
1790447912639,29.6209,200,
1790447912671,30.4473,200,
1790447912702,30.2913,200,
1790447912735,32.5435,200,
1790447912764,27.0492,200,
1790447912807,39.9009,200,
1790447912840,31.6992,200,
1790447912872,31.7966,200,
1790447912901,27.0576,200,
1790447912927,24.9642,200,
1790447912953,25.1866,200,
1790447912983,29.2918,200,
1790447913010,25.3958,200,
1790447913037,25.9657,200,
1790447913064,26.7067,200,
1790447913091,25.8236,200,
1790447913115,22.962,200,
1790447913141,24.7487,200,
1790447913171,28.2797,200,
1790447913200,29.0531,200,
1790447913228,25.1934,200,
1790447913256,27.182,200,
1790447913286,28.9466,200,
1790447913311,24.1028,200,
1790447913337,24.829,200,
1790447913366,28.0474,200,
1790447913398,31.5903,200,
1790447913426,26.4407,200,
1790447913459,31.3156,200,
1790447913488,28.0769,200,
1790447913517,27.3111,200,
1790447913545,27.3226,200,
1790447913576,30.4911,200,
1790447913608,30.4063,200,
1790447913633,25.3078,200,
1790447913666,32.0345,200,
1790447913697,28.6609,200,
1790447913724,25.3185,200,
1790447913760,35.9555,200,
1790447913791,29.2854,200,
1790447913820,28.271,200,
1790447913866,45.3948,200,
1790447913896,28.6104,200,
1790447913922,25.2417,200,
1790447913948,25.0534,200,
1790447913977,28.2697,200,
1790447914007,28.1885,200,
1790447914034,25.9839,200,
1790447914057,22.303,200,
1790447914087,28.8892,200,
1790447914113,24.1661,200,
1790447914140,25.7776,200,
1790447914171,29.827,200,
1790447914201,29.7845,200,
1790447914228,25.0277,200,
1790447914249,21.6138,200,
1790447914278,26.861,200,
1790447914307,28.2453,200,
1790447914331,22.5026,200,
1790447914364,32.0418,200,
1790447914397,32.2461,200,
1790447914425,27.5823,200,
1790447914458,30.6523,200,
1790447914486,27.0841,200,
1790447914513,25.4938,200,
1790447914541,27.0505,200,
1790447914568,25.0145,200,
1790447914599,29.5876,200,
1790447914624,24.1114,200,
1790447914658,30.3683,200,
1790447914687,28.2735,200,
1790447914713,24.9086,200,
1790447914741,28.8439,200,
1790447914772,28.7477,200,
1790447914800,27.2293,200,
1790447914836,34.3966,200,
1790447914876,39.5667,200,
1790447914908,29.9963,200,
1790447914937,28.4156,200,
1790447914968,29.9411,200,
1790447915003,34.0113,200,
1790447915033,28.9481,200,
1790447915067,32.6948,200,
1790447915095,26.8636,200,
1790447915122,26.3689,200,
1790447915152,28.944,200,
1790447915185,32.6651,200,
1790447915214,27.4484,200,
1790447915245,29.7133,200,
1790447915274,28.513,200,
1790447915308,32.1111,200,
1790447915336,26.722,200,
1790447915365,27.914,200,
1790447915392,26.3642,200,
1790447915421,27.2998,200,
1790447915450,27.5128,200,
1790447915479,28.4783,200,
1790447915509,27.7425,200,
1790447915544,34.0813,200,
1790447915574,29.2342,200,
1790447915602,27.6695,200,
1790447915630,27.0305,200,
1790447915661,29.5792,200,
1790447915690,28.1115,200,
1790447915718,26.877,200,
1790447915748,28.1583,200,
1790447915782,33.7411,200,
1790447915812,28.1071,200,
1790447915841,27.5194,200,
1790447915868,26.4808,200,
1790447915899,28.3429,200,
1790447915931,30.6225,200,
1790447915959,27.1909,200,
1790447915987,26.9852,200,
1790447916015,28.0429,200,
1790447916045,28.7899,200,
1790447916075,29.7306,200,
1790447916101,24.6738,200,
1790447916127,24.5812,200,
1790447916159,30.2272,200,
1790447916187,27.5015,200,
1790447916219,30.2198,200,
1790447916247,27.9993,200,
1790447916334,85.4141,200,
1790447916369,33.725,200,
1790447916398,27.1935,200,
1790447916428,29.5266,200,
1790447916461,31.1368,200,
1790447916492,30.525,200,
1790447916523,29.917,200,
1790447916550,25.4388,200,
1790447916578,27.2153,200,
1790447916607,27.5226,200,
1790447916650,39.6465,200,
1790447916680,29.2916,200,
1790447916711,30.2299,200,
1790447916740,28.2618,200,
1790447916772,30.2858,200,
1790447916800,27.4125,200,
1790447916826,26.3705,200,
1790447916858,29.1484,200,
1790447916892,32.8063,200,
1790447916922,27.8659,200,
1790447916952,27.8605,200,
1790447916982,28.6068,200,
1790447917015,32.9162,200,
1790447917042,25.23,200,
1790447917071,27.752,200,
1790447917097,25.2384,200,
1790447917124,26.3568,200,
1790447917167,40.7779,200,
1790447917265,97.5,200,
1790447917292,26.2754,200,
1790447917380,86.4806,200,
1790447917474,92.7244,200,
1790447917570,95.1626,200,
1790447917669,98.3449,200,
1790447917771,100.6541,200,
1790447917873,101.3402,200,
1790447917967,93.2004,200,
1790447918060,91.8201,200,
1790447918176,115.0488,200,
1790447918361,183.2139,200,
1790447918389,27.6612,200,
1790447918481,91.5585,200,
1790447918574,91.2894,200,
1790447918682,106.8945,200,
1790447918772,88.7978,200,
1790447918874,100.9793,200,
1790447918973,97.7007,200,
1790447919072,98.6312,200,
1790447919176,102.6984,200,
1790447919277,100.0186,200,
1790447919363,85.8194,200,
1790447919475,109.6016,200,
1790447919574,99.8858,200,
1790447919658,81.7888,200,
1790447919679,20.3243,200,
1790447919752,72.648,200,
1790447919774,20.2228,200,
1790447919968,193.483,200,
1790447920079,110.4997,200,
1790447920176,95.2716,200,
1790447920264,86.9528,200,
1790447920380,114.9053,200,
1790447920585,204.0511,200,
1790447920766,179.5769,200,
1790447920880,113.2873,200,
1790447920965,84.553,200,
1790447921075,108.8684,200,
1790447921106,30.2234,200,
1790447921137,29.1158,200,
1790447921170,31.4649,200,
1790447921200,28.5806,200,
1790447921229,28.9207,200,
1790447921266,35.8571,200,
1790447921296,28.3618,200,
1790447921329,33.2805,200,
1790447921370,38.7454,200,
1790447921398,28.2692,200,
1790447921425,24.6686,200,
1790447921461,33.5341,200,
1790447921491,30.4821,200,
1790447921518,24.3418,200,
1790447921547,28.4674,200,
1790447921586,37.8755,200,
1790447921619,31.2489,200,
1790447921648,28.7978,200,
1790447921679,29.2188,200,
1790447921710,29.807,200,
1790447921741,29.6882,200,
1790447921773,32.0502,200,
1790447921805,28.7322,200,
1790447921835,28.3227,200,
1790447921862,26.685,200,
1790447921894,30.6467,200,
1790447921924,27.9822,200,
1790447921955,30.4576,200,
1790447921990,34.3369,200,
1790447922025,34.4641,200,
1790447922054,27.639,200,
1790447922085,30.0567,200,
1790447922122,34.1515,200,
1790447922153,30.4191,200,
1790447922184,29.1084,200,
1790447922212,28.2264,200,
1790447922243,30.1911,200,
1790447922278,32.8602,200,
1790447922309,30.4334,200,
1790447922339,29.0905,200,
1790447922368,28.3446,200,
1790447922398,29.0855,200,
1790447922429,29.5438,200,
1790447922458,27.8294,200,
1790447922499,39.842,200,
1790447922530,28.9522,200,
1790447922559,27.8353,200,
1790447922599,33.9069,200,
1790447922639,38.8661,200,
1790447922681,40.7368,200,
1790447922726,43.5393,200,
1790447922758,30.3951,200,
1790447922784,25.4115,200,
1790447922815,29.4402,200,
1790447922849,32.26,200,
1790447922881,31.0417,200,
1790447922908,25.7715,200,
1790447922937,27.7728,200,
1790447922978,40.6645,200,
1790447923010,30.6573,200,
1790447923036,25.0433,200,
1790447923069,29.9585,200,
1790447923100,29.3687,200,
1790447923126,24.4583,200,
1790447923157,29.7218,200,
1790447923184,26.4473,200,
1790447923215,29.7648,200,
1790447923244,27.5205,200,
1790447923271,26.4838,200,
1790447923302,29.3446,200,
1790447923334,30.9449,200,
1790447923363,28.2631,200,
1790447923387,23.8377,200,
1790447923417,27.7439,200,
1790447923448,30.468,200,
1790447923479,29.4943,200,
1790447923506,26.7031,200,
1790447923533,25.9736,200,
1790447923567,32.0071,200,
1790447923601,32.8621,200,
1790447923665,63.0518,200,
1790447923694,27.6056,200,
1790447923722,26.9407,200,
1790447923755,31.0926,200,
1790447923785,29.7201,200,
1790447923814,27.1783,200,
1790447923844,29.9481,200,
1790447923876,30.5227,200,
1790447923906,28.3637,200,
1790447923938,30.6468,200,
1790447923968,29.0311,200,
1790447923999,30.0199,200,
1790447924026,26.3309,200,
1790447924052,24.7597,200,
1790447924079,25.71,200,
1790447924105,24.4735,200,
1790447924133,26.9231,200,
1790447924167,33.3054,200,
1790447924195,26.8433,200,
1790447924221,24.6594,200,
1790447924257,34.6753,200,
1790447924288,29.4277,200,
1790447924325,36.5432,200,
1790447924360,33.5215,200,
1790447924388,27.2663,200,
1790447924419,29.2577,200,
1790447924445,25.5276,200,
1790447924474,26.9895,200,
1790447924502,26.6803,200,
1790447924529,26.4495,200,
1790447924553,23.3401,200,
1790447924582,27.871,200,
1790447924615,32.5135,200,
1790447924646,30.0132,200,
1790447924675,27.1913,200,
1790447924707,31.8425,200,
1790447924735,26.6523,200,
1790447924762,26.222,200,
1790447924794,31.6102,200,
1790447924821,25.3479,200,
1790447924847,25.1759,200,
1790447924877,28.3426,200,
1790447924907,28.4727,200,
1790447924939,31.2483,200,
1790447924969,28.5988,200,
1790447924997,28.0169,200,
1790447925025,26.4618,200,
1790447925053,27.0936,200,
1790447925082,27.4396,200,
1790447925108,24.4718,200,
1790447925132,23.6947,200,
1790447925160,26.5151,200,
1790447925200,40.5406,200,
1790447925228,25.5145,200,
1790447925252,23.1657,200,
1790447925283,30.0962,200,
1790447925310,25.4226,200,
1790447925341,29.6623,200,
1790447925371,29.5859,200,
1790447925403,31.1369,200,
1790447925431,25.9874,200,
1790447925457,24.39,200,
1790447925486,28.1644,200,
1790447925514,26.5519,200,
1790447925539,24.0037,200,
1790447925568,27.9643,200,
1790447925599,30.2545,200,
1790447925625,24.4708,200,
1790447925649,22.6785,200,
1790447925671,22.8795,200,
1790447925698,24.4199,200,
1790447925722,22.4413,200,
1790447925748,26.2747,200,
1790447925778,27.846,200,
1790447925804,24.8548,200,
1790447925826,21.8724,200,
1790447925858,30.2908,200,
1790447925892,32.75,200,
1790447925925,31.199,200,
1790447925951,25.2066,200,
1790447925982,29.962,200,
1790447926010,27.5044,200,
1790447926034,23.0964,200,
1790447926072,36.0461,200,
1790447926097,23.7396,200,
1790447926124,28.1983,200,
1790447926152,25.3417,200,
1790447926180,27.424,200,
1790447926211,29.323,200,
1790447926241,29.0136,200,
1790447926269,26.7587,200,
1790447926305,34.3049,200,
1790447926336,30.6362,200,
1790447926364,26.6291,200,
1790447926394,29.0392,200,
1790447926421,25.5813,200,
1790447926446,24.569,200,
1790447926478,30.6568,200,
1790447926508,28.2369,200,
1790447926534,25.6428,200,
1790447926561,25.883,200,
1790447926588,26.5539,200,
1790447926615,25.051,200,
1790447926639,22.8438,200,
1790447926663,23.4395,200,
1790447926692,27.5302,200,
1790447926720,26.52,200,
1790447926749,29.4774,200,
1790447926779,28.1675,200,
1790447926815,34.034,200,
1790447926851,34.3771,200,
1790447926886,32.5901,200,
1790447926916,27.9813,200,
1790447926945,28.9338,200,
1790447926971,25.2398,200,
1790447927000,27.9535,200,
1790447927030,28.4624,200,
1790447927058,27.7459,200,
1790447927088,28.6604,200,
1790447927116,27.3813,200,
1790447927153,34.6808,200,
1790447927183,29.1766,200,
1790447927214,30.8373,200,
1790447927242,26.695,200,
1790447927267,24.1583,200,
1790447927293,25.054,200,
1790447927323,29.0753,200,
1790447927350,25.1476,200,
1790447927378,27.0398,200,
1790447927408,29.2095,200,
1790447927445,35.1662,200,
1790447927474,28.9129,200,
1790447927507,31.642,200,
1790447927541,32.3799,200,
1790447927570,27.6345,200,
1790447927597,27.5714,200,
1790447927628,29.2337,200,
1790447927656,27.3713,200,
1790447927682,25.1034,200,
1790447927711,27.5503,200,
1790447927745,32.64,200,
1790447927779,32.971,200,
1790447927812,31.349,200,
1790447927847,33.6029,200,
1790447927881,32.7401,200,
1790447927915,32.6946,200,
1790447927944,27.9019,200,
1790447927975,29.5198,200,
1790447928002,25.9177,200,
1790447928028,24.652,200,
1790447928056,27.3644,200,
1790447928091,33.6995,200,
1790447928122,29.8133,200,
1790447928153,29.9441,200,
1790447928182,28.589,200,
1790447928216,32.2381,200,
1790447928249,30.898,200,
1790447928282,32.5824,200,
1790447928311,28.6071,200,
1790447928340,26.2333,200,
1790447928367,26.5444,200,
1790447928396,28.2893,200,
1790447928424,27.4813,200,
1790447928458,32.4925,200,
1790447928494,34.62,200,
1790447928526,30.4322,200,
1790447928568,40.9043,200,
1790447928600,29.2737,200,
1790447928630,29.9466,200,
1790447928660,27.771,200,
1790447928687,26.2064,200,
1790447928721,32.7237,200,
1790447928750,28.0681,200,
1790447928779,28.7655,200,
1790447928812,31.3131,200,
1790447928849,35.7926,200,
1790447928881,30.035,200,
1790447928911,30.0173,200,
1790447928939,25.9119,200,
1790447928969,28.73,200,
1790447928995,25.5957,200,
1790447929024,27.6379,200,
1790447929052,26.6673,200,
1790447929079,26.5709,200,
1790447929106,26.1986,200,
1790447929134,26.9663,200,
1790447929165,29.8384,200,
1790447929198,31.9215,200,
1790447929230,30.0057,200,
1790447929257,25.8075,200,
1790447929286,28.3933,200,
1790447929310,23.1309,200,
1790447929342,30.2495,200,
1790447929381,38.0485,200,
1790447929415,33.2344,200,
1790447929446,29.9646,200,
1790447929490,42.6866,200,
1790447929519,28.402,200,
1790447929547,27.0475,200,
1790447929576,27.6222,200,
1790447929608,30.6563,200,
1790447929637,28.2194,200,
1790447929667,29.8325,200,
1790447929694,25.4386,200,
1790447929724,29.2741,200,
1790447929757,31.9607,200,
1790447929784,25.8787,200,
1790447929816,30.4183,200,
1790447929846,28.9458,200,
1790447929876,29.1491,200,
1790447929912,34.7047,200,
1790447929939,25.0779,200,
1790447929967,27.619,200,
1790447929995,27.259,200,
1790447930025,28.6089,200,
1790447930055,29.6623,200,
1790447930087,30.3183,200,
1790447930114,25.5958,200,
1790447930148,33.2071,200,
1790447930180,29.8181,200,
1790447930208,27.5575,200,
1790447930239,30.2568,200,
1790447930269,28.0016,200,
1790447930300,29.7021,200,
1790447930331,31.4753,200,
1790447930368,35.2728,200,
1790447930418,48.7225,200,
1790447930460,40.3725,200,
1790447930510,47.981,200,
1790447930550,38.6662,200,
1790447930594,42.9515,200,
1790447930623,28.5036,200,
1790447930656,31.9247,200,
1790447930689,31.8126,200,
1790447930724,33.2877,200,
1790447930760,33.0219,200,
1790447930795,33.7576,200,
1790447930825,29.2194,200,
1790447930866,40.282,200,
1790447930895,27.5388,200,
1790447930928,31.7381,200,
1790447930957,26.9632,200,
1790447930989,30.5351,200,
1790447931018,28.0225,200,
1790447931050,30.6639,200,
1790447931084,32.887,200,
1790447931121,35.5327,200,
1790447931150,27.2585,200,
1790447931184,32.9922,200,
1790447931214,29.7047,200,
1790447931242,26.236,200,
1790447931269,25.9305,200,
1790447931303,33.0327,200,
1790447931330,26.4863,200,
1790447931363,31.0977,200,
1790447931404,39.718,200,
1790447931431,26.1291,200,
1790447931463,30.4106,200,
1790447931500,35.6065,200,
1790447931531,29.6145,200,
1790447931559,26.2878,200,
1790447931586,26.1687,200,
1790447931616,29.0951,200,
1790447931646,27.7957,200,
1790447931672,25.0809,200,
1790447931703,29.9335,200,
1790447931734,29.1373,200,
1790447931767,30.5816,200,
1790447931799,30.7847,200,
1790447931831,30.4244,200,
1790447931860,27.8381,200,
1790447931888,27.0747,200,
1790447931917,27.8903,200,
1790447931950,32.1237,200,
1790447931976,25.2011,200,
1790447932004,26.6501,200,
1790447932039,34.572,200,
1790447932073,33.0143,200,
1790447932098,24.5934,200,
1790447932124,24.2368,200,
1790447932151,25.3862,200,
1790447932184,30.8676,200,
1790447932213,27.7476,200,
1790447932255,41.6439,200,
1790447932331,74.0958,200,
1790447932363,29.6894,200,
1790447932393,30.0906,200,
1790447932428,33.6977,200,
1790447932462,32.0933,200,
1790447932492,29.1182,200,
1790447932538,44.7373,200,
1790447932566,26.0069,200,
1790447932600,32.0775,200,
1790447932630,30.224,200,
1790447932662,29.7864,200,
1790447932692,28.0382,200,
1790447932727,33.6247,200,
1790447932767,38.9203,200,
1790447932798,29.4603,200,
1790447932831,32.2844,200,
1790447932866,32.9379,200,
1790447932900,32.9663,200,
1790447932931,29.3558,200,
1790447932961,29.4385,200,
1790447932989,27.0371,200,
1790447933018,27.8644,200,
1790447933047,27.9274,200,
1790447933078,29.425,200,
1790447933101,22.0598,200,
1790447933125,24.0376,200,
1790447933150,24.7024,200,
1790447933179,27.3408,200,
1790447933211,28.9459,200,
1790447933237,24.6392,200,
1790447933262,24.2761,200,
1790447933285,22.4042,200,
1790447933308,21.7549,200,
1790447933332,22.7286,200,
1790447933360,26.4508,200,
1790447933393,32.8944,200,
1790447933419,23.9686,200,
1790447933462,41.9971,200,
1790447933496,31.9128,200,
1790447933526,29.25,200,
1790447933556,27.5565,200,
1790447933585,27.3714,200,
1790447933612,26.1192,200,
1790447933642,29.638,200,
1790447933670,26.6587,200,
1790447933698,27.2993,200,
1790447933735,36.2709,200,
1790447933766,29.6118,200,
1790447933793,25.8075,200,
1790447933821,27.6915,200,
1790447933846,24.0848,200,
1790447933880,33.1247,200,
1790447933903,22.0179,200,
1790447933932,27.6979,200,
1790447933964,30.485,200,
1790447933994,28.6951,200,
1790447934020,25.1642,200,
1790447934049,27.192,200,
1790447934096,44.7747,200,
1790447934126,29.1136,200,
1790447934159,31.8521,200,
1790447934191,31.0449,200,
1790447934222,29.8495,200,
1790447934251,27.9149,200,
1790447934281,28.8264,200,
1790447934307,24.8218,200,
1790447934343,35.2365,200,
1790447934372,27.3262,200,
1790447934401,27.9071,200,
1790447934432,30.8627,200,
1790447934464,30.8014,200,
1790447934494,29.3675,200,
1790447934527,29.7382,200,
1790447934564,36.3262,200,
1790447934593,27.9152,200,
1790447934619,24.7849,200,
1790447934653,33.1264,200,
1790447934687,33.3609,200,
1790447934716,27.7357,200,
1790447934751,33.5524,200,
1790447934788,36.6981,200,
1790447934820,30.8111,200,
1790447934851,28.4475,200,
1790447934877,25.1162,200,
1790447934911,33.0483,200,
1790447934936,23.3026,200,
1790447934964,27.0164,200,
1790447934989,25.4157,200,
1790447935016,25.7009,200,
1790447935046,29.2509,200,
1790447935080,30.3424,200,
1790447935112,31.6386,200,
1790447935142,27.8362,200,
1790447935168,24.5869,200,
1790447935198,29.8015,200,
1790447935225,25.9272,200,
1790447935255,29.391,200,
1790447935285,28.8144,200,
1790447935315,29.0202,200,
1790447935343,25.9462,200,
1790447935375,31.3039,200,
1790447935413,36.9971,200,
1790447935455,40.2931,200,
1790447935484,27.9578,200,
1790447935510,25.439,200,
1790447935538,26.9145,200,
1790447935566,26.4618,200,
1790447935596,28.7891,200,
1790447935622,24.6384,200,
1790447935649,26.7642,200,
1790447935680,30.2856,200,
1790447935710,28.3968,200,
1790447935738,25.673,200,
1790447935769,29.9375,200,
1790447935795,24.9602,200,
1790447935825,28.3743,200,
1790447935856,29.1283,200,
1790447935886,29.2886,200,
1790447935916,28.7039,200,
1790447935945,28.361,200,
1790447935981,35.5191,200,
1790447936012,28.9897,200,
1790447936038,24.6304,200,
1790447936066,26.9062,200,
1790447936095,28.0957,200,
1790447936120,23.9158,200,
1790447936155,33.3671,200,
1790447936181,25.6386,200,
1790447936210,27.7614,200,
1790447936241,29.0244,200,
1790447936280,36.7177,200,
1790447936311,29.615,200,
1790447936339,27.5341,200,
1790447936373,32.2281,200,
1790447936402,28.5479,200,
1790447936431,27.2109,200,
1790447936458,26.6631,200,
1790447936493,32.7264,200,
1790447936518,25.0712,200,
1790447936548,28.4093,200,
1790447936580,31.1389,200,
1790447936616,34.594,200,
1790447936646,28.7301,200,
1790447936673,26.0451,200,
1790447936709,34.3238,200,
1790447936742,32.3406,200,
1790447936773,29.0308,200,
1790447936799,25.6348,200,
1790447936827,26.5238,200,
1790447936853,25.2464,200,
1790447936886,32.3999,200,
1790447936913,25.7391,200,
1790447936938,23.8071,200,
1790447936966,26.2639,200,
1790447936993,27.3506,200,
1790447937016,20.9071,200,
1790447937048,31.4874,200,
1790447937077,27.0337,200,
1790447937101,22.8603,200,
1790447937125,23.0901,200,
1790447937152,24.7485,200,
1790447937183,30.9186,200,
1790447937213,28.29,200,
1790447937245,29.6358,200,
1790447937276,30.28,200,
1790447937321,43.1232,200,
1790447937348,25.1534,200,
1790447937376,27.8907,200,
1790447937405,26.3554,200,
1790447937432,26.4013,200,
1790447937456,22.8678,200,
1790447937493,35.9572,200,
1790447937522,27.1869,200,
1790447937550,27.8455,200,
1790447937583,30.7633,200,
1790447937612,28.213,200,
1790447937650,36.6607,200,
1790447937680,29.461,200,
1790447937708,25.296,200,
1790447937737,28.0913,200,
1790447937766,28.082,200,
1790447937798,30.888,200,
1790447937827,26.9585,200,
1790447937852,24.3163,200,
1790447937883,29.9313,200,
1790447937913,28.1085,200,
1790447937945,30.9184,200,
1790447937974,28.4099,200,
1790447938002,27.1999,200,
1790447938027,23.6674,200,
1790447938055,27.2862,200,
1790447938084,28.4124,200,
1790447938113,27.5227,200,
1790447938140,25.9941,200,
1790447938170,29.7005,200,
1790447938210,38.5626,200,
1790447938264,52.7119,200,
1790447938297,32.2069,200,
1790447938326,27.8457,200,
1790447938353,25.7886,200,
1790447938384,30.1233,200,
1790447938409,23.9179,200,
1790447938435,25.0121,200,
1790447938463,26.5157,200,
1790447938496,32.3121,200,
1790447938520,22.673,200,
1790447938554,33.1086,200,
1790447938590,33.9203,200,
1790447938620,28.4784,200,
1790447938658,36.5189,200,
1790447938699,38.8824,200,
1790447938728,27.9621,200,
1790447938756,27.0609,200,
1790447938787,30.8743,200,
1790447938816,27.3192,200,
1790447938840,23.0857,200,
1790447938868,26.2644,200,
1790447938901,32.2259,200,
1790447938932,29.7702,200,
1790447938962,29.262,200,
1790447938993,29.3729,200,
1790447939018,24.3599,200,
1790447939042,22.9403,200,
1790447939071,26.0675,200,
1790447939098,26.1357,200,
1790447939124,24.5798,200,
1790447939149,24.0421,200,
1790447939175,26.9904,200,
1790447939201,23.2858,200,
1790447939227,25.4628,200,
1790447939255,26.6562,200,
1790447939285,28.5876,200,
1790447939308,22.6566,200,
1790447939342,32.3199,200,
1790447939370,27.1491,200,
1790447939398,26.5337,200,
1790447939428,29.5389,200,
1790447939458,28.9133,200,
1790447939490,30.0514,200,
1790447939531,40.3792,200,
1790447939559,27.1452,200,
1790447939586,25.9197,200,
1790447939613,26.2301,200,
1790447939640,26.0658,200,
1790447939671,28.786,200,
1790447939698,25.7751,200,
1790447939735,36.4755,200,
1790447939771,34.8264,200,
1790447939802,27.6317,200,
1790447939832,28.8408,200,
1790447939869,35.7097,200,
1790447939900,30.1933,200,
1790447939929,27.7395,200,
1790447939961,31.1537,200,
1790447939990,28.9574,200,
1790447940016,25.3141,200,
1790447940044,25.8975,200,
1790447940072,28.0915,200,
1790447940100,26.1367,200,
1790447940128,27.1454,200,
1790447940157,28.0462,200,
1790447940187,29.685,200,
1790447940217,28.0193,200,
1790447940247,28.7548,200,
1790447940279,30.3748,200,
1790447940311,31.8362,200,
1790447940344,31.0872,200,
1790447940383,37.1963,200,
1790447940423,38.8291,200,
1790447940483,58.9048,200,
1790447940531,46.7091,200,
1790447940574,41.7293,200,
1790447940609,33.5,200,
1790447940645,34.3769,200,
1790447940682,35.9628,200,
1790447940716,32.53,200,
1790447940754,37.0505,200,
1790447940852,97.5096,200,
1790447940881,28.2724,200,
1790447940907,25.3233,200,
1790447940958,49.7397,200,
1790447940989,28.5932,200,
1790447941017,27.7259,200,
1790447941044,26.0954,200,
1790447941069,24.4919,200,
1790447941096,25.6179,200,
1790447941121,24.2184,200,
1790447941162,39.1079,200,
1790447941200,37.613,200,
1790447941247,45.2647,200,
1790447941273,24.6032,200,
1790447941300,26.2663,200,
1790447941333,32.1156,200,
1790447941365,30.1232,200,
1790447941402,35.8556,200,
1790447941428,24.8972,200,
1790447941460,30.6663,200,
1790447941492,30.5484,200,
1790447941521,28.4281,200,
1790447941546,24.0272,200,
1790447941576,27.3166,200,
1790447941608,30.9455,200,
1790447941637,27.4644,200,
1790447941664,26.5805,200,
1790447941699,34.0103,200,
1790447941733,32.5595,200,
1790447941769,34.0661,200,
1790447941802,31.4877,200,
1790447941834,30.8755,200,
1790447941862,27.6406,200,
1790447941898,34.4803,200,
1790447941932,33.1549,200,
1790447941970,36.4881,200,
1790447941997,25.3283,200,
1790447942023,25.5791,200,
1790447942053,29.4334,200,
1790447942079,23.881,200,
1790447942104,25.2186,200,
1790447942131,24.2596,200,
1790447942163,31.0226,200,
1790447942191,26.7307,200,
1790447942220,27.8937,200,
1790447942247,26.9668,200,
1790447942272,23.9568,200,
1790447942301,26.3082,200,
1790447942339,37.4713,200,
1790447942367,27.2687,200,
1790447942389,22.1052,200,
1790447942420,28.7314,200,
1790447942451,30.0914,200,
1790447942478,26.3321,200,
1790447942515,34.8717,200,
1790447942556,39.2712,200,
1790447942587,30.202,200,
1790447942621,33.0739,200,
1790447942661,39.1698,200,
1790447942687,25.0173,200,
1790447942726,37.7222,200,
1790447942759,31.7751,200,
1790447942791,30.3941,200,
1790447942818,26.5143,200,
1790447942849,30.7873,200,
1790447942893,41.8703,200,
1790447942929,33.8229,200,
1790447942958,28.0793,200,
1790447942991,31.3622,200,
1790447943026,34.4568,200,
1790447943053,25.7972,200,
1790447943079,25.0346,200,
1790447943111,30.9885,200,
1790447943144,32.4839,200,
1790447943171,25.6445,200,
1790447943208,35.3297,200,
1790447943241,32.6827,200,
1790447943276,32.9234,200,
1790447943301,23.2526,200,
1790447943338,35.9902,200,
1790447943361,23.231,200,
1790447943390,27.8121,200,
1790447943418,27.2505,200,
1790447943452,32.1414,200,
1790447943480,27.9803,200,
1790447943511,28.6823,200,
1790447943540,28.7294,200,
1790447943574,33.1343,200,
1790447943609,32.6273,200,
1790447943637,26.949,200,
1790447943666,27.6857,200,
1790447943696,29.3629,200,
1790447943724,26.4931,200,
1790447943752,26.5,200,
1790447943782,28.3066,200,
1790447943811,28.6865,200,
1790447943838,25.8255,200,
1790447943865,25.9829,200,
1790447943891,25.4326,200,
1790447943921,28.6952,200,
1790447943961,37.8939,200,
1790447943994,32.2814,200,
1790447944019,23.9507,200,
1790447944049,28.9444,200,
1790447944081,30.9888,200,
1790447944106,24.3036,200,
1790447944135,28.4181,200,
1790447944166,30.4467,200,
1790447944195,27.2612,200,
1790447944222,26.6572,200,
1790447944252,28.1608,200,
1790447944288,33.8121,200,
1790447944319,30.2228,200,
1790447944347,26.8456,200,
1790447944377,28.7157,200,
1790447944408,30.5842,200,
1790447944439,29.2253,200,
1790447944471,30.5332,200,
1790447944498,26.1217,200,
1790447944527,27.9537,200,
1790447944563,34.5752,200,
1790447944640,75.5031,200,
1790447944726,85.0242,200,
1790447944755,28.4955,200,
1790447944835,78.489,200,
1790447944866,30.3069,200,
1790447944898,29.5296,200,
1790447944940,39.4781,200,
1790447944967,25.4389,200,
1790447945038,70.5396,200,
1790447945060,22.3563,200,
1790447945087,25.3165,200,
1790447945116,26.9626,200,
1790447945142,25.8828,200,
1790447945173,28.8375,200,
1790447945202,27.3673,200,
1790447945230,25.9305,200,
1790447945258,27.99,200,
1790447945286,26.6047,200,
1790447945318,30.6457,200,
1790447945347,28.1598,200,
1790447945372,24.8098,200,
1790447945416,40.7095,200,
1790447945447,27.8752,200,
1790447945478,30.4529,200,
1790447945512,32.4273,200,
1790447945539,25.9279,200,
1790447945567,27.0834,200,
1790447945595,26.8719,200,
1790447945621,24.8223,200,
1790447945653,31.1475,200,
1790447945678,24.2875,200,
1790447945704,26.5154,200,
1790447945731,24.299,200,
1790447945761,29.6971,200,
1790447945793,30.0186,200,
1790447945820,25.4021,200,
1790447945854,33.556,200,
1790447945888,32.366,200,
1790447945917,28.177,200,
1790447945947,28.6098,200,
1790447945976,28.1021,200,
1790447946004,26.4399,200,
1790447946031,26.0626,200,
1790447946057,25.5364,200,
1790447946082,24.466,200,
1790447946115,30.8483,200,
1790447946144,28.2582,200,
1790447946185,40.7372,200,
1790447946215,28.1419,200,
1790447946244,27.2034,200,
1790447946276,30.941,200,
1790447946307,28.9401,200,
1790447946340,32.1199,200,
1790447946369,28.1941,200,
1790447946400,29.8142,200,
1790447946428,26.7104,200,
1790447946459,30.824,200,
1790447946492,31.8708,200,
1790447946524,30.2863,200,
1790447946553,28.6071,200,
1790447946581,26.8029,200,
1790447946610,27.3433,200,
1790447946643,28.9347,200,
1790447946671,27.3489,200,
1790447946700,26.2341,200,
1790447946732,30.9812,200,
1790447946760,26.9665,200,
1790447946797,36.2825,200,
1790447946827,28.8226,200,
1790447946857,28.5323,200,
1790447946884,26.4096,200,
1790447946914,28.8618,200,
1790447946943,28.391,200,
1790447946976,31.0627,200,
1790447947003,25.8552,200,
1790447947028,24.4605,200,
1790447947056,26.8304,200,
1790447947091,33.4126,200,
1790447947121,29.3289,200,
1790447947152,28.4336,200,
1790447947179,25.8069,200,
1790447947210,29.7246,200,
1790447947241,29.4837,200,
1790447947265,23.1835,200,
1790447947295,28.736,200,
1790447947322,26.7984,200,
1790447947349,25.709,200,
1790447947376,25.7147,200,
1790447947404,26.6783,200,
1790447947441,36.0161,200,
1790447947468,26.2831,200,
1790447947495,26.266,200,
1790447947522,25.5305,200,
1790447947557,33.2852,200,
1790447947583,25.2049,200,
1790447947613,28.8558,200,
1790447947643,28.3618,200,
1790447947674,29.0543,200,
1790447947711,35.3547,200,
1790447947739,27.5432,200,
1790447947772,31.5656,200,
1790447947799,26.0463,200,
1790447947824,23.734,200,
1790447947858,29.7214,200,
1790447947892,32.998,200,
1790447947920,27.7026,200,
1790447947952,29.7684,200,
1790447947988,35.6158,200,
1790447948016,27.1216,200,
1790447948044,26.8316,200,
1790447948074,29.3591,200,
1790447948110,34.7306,200,
1790447948140,29.2854,200,
1790447948169,27.2443,200,
1790447948194,23.868,200,
1790447948235,40.7161,200,
1790447948261,24.5478,200,
1790447948294,32.3839,200,
1790447948329,33.8662,200,
1790447948363,31.5317,200,
1790447948389,25.8831,200,
1790447948418,27.5781,200,
1790447948448,29.0331,200,
1790447948481,32.6371,200,
1790447948512,29.5299,200,
1790447948541,28.1838,200,
1790447948580,37.3558,200,
1790447948616,34.7814,200,
1790447948646,28.2244,200,
1790447948681,34.3629,200,
1790447948712,29.7233,200,
1790447948745,32.1426,200,
1790447948772,26.3076,200,
1790447948798,25.7871,200,
1790447948827,27.5275,200,
1790447948857,29.246,200,
1790447948888,29.8914,200,
1790447948916,26.2786,200,
1790447948949,31.4381,200,
1790447948979,29.3583,200,
1790447949010,29.1627,200,
1790447949040,28.913,200,
1790447949070,28.1187,200,
1790447949096,25.4067,200,
1790447949122,25.3507,200,
1790447949157,33.8878,200,
1790447949184,25.8503,200,
1790447949211,25.3872,200,
1790447949240,28.0555,200,
1790447949264,23.4838,200,
1790447949292,26.8113,200,
1790447949322,28.6343,200,
1790447949353,29.2741,200,
1790447949385,30.4456,200,
1790447949430,43.2359,200,
1790447949463,32.7155,200,
1790447949489,24.7473,200,
1790447949514,24.2464,200,
1790447949544,29.3291,200,
1790447949575,29.3964,200,
1790447949603,27.2748,200,
1790447949630,25.7482,200,
1790447949657,25.7933,200,
1790447949688,30.4351,200,
1790447949714,24.883,200,
1790447949742,26.4502,200,
1790447949772,28.9478,200,
1790447949798,25.3316,200,
1790447949823,23.6478,200,
1790447949847,23.1506,200,
1790447949875,26.579,200,
1790447949905,29.5677,200,
1790447949937,30.6055,200,
1790447949963,25.1022,200,
1790447949987,23.3268,200,
1790447950013,23.512,200,
1790447950037,23.3509,200,
1790447950063,24.7682,200,
1790447950092,27.8318,200,
1790447950120,26.9744,200,
1790447950144,23.3534,200,
1790447950171,25.9224,200,
1790447950202,29.6157,200,
1790447950243,39.2469,200,
1790447950277,31.0164,200,
1790447950306,28.682,200,
1790447950333,25.4568,200,
1790447950365,30.9515,200,
1790447950433,67.4848,200,
1790447950488,51.3789,200,
1790447950527,37.7404,200,
1790447950564,36.3245,200,
1790447950597,31.2196,200,
1790447950625,27.1959,200,
1790447950657,31.0581,200,
1790447950692,33.5872,200,
1790447950720,27.7511,200,
1790447950749,28.4611,200,
1790447950788,37.2749,200,
1790447950823,31.9364,200,
1790447950863,37.9374,200,
1790447950893,29.9308,200,
1790447950922,27.9058,200,
1790447950970,46.6733,200,
1790447950998,27.8646,200,
1790447951025,25.2976,200,
1790447951048,22.1099,200,
1790447951080,31.153,200,
1790447951107,25.405,200,
1790447951137,27.4005,200,
1790447951170,32.779,200,
1790447951200,28.4489,200,
1790447951227,25.7806,200,
1790447951263,34.8034,200,
1790447951296,31.5514,200,
1790447951328,30.6251,200,
1790447951364,35.3799,200,
1790447951399,32.9497,200,
1790447951426,26.1331,200,
1790447951453,26.1161,200,
1790447951488,33.2012,200,
1790447951515,26.3483,200,
1790447951544,28.6283,200,
1790447951578,32.5881,200,
1790447951610,30.8008,200,
1790447951637,26.1165,200,
1790447951666,26.8004,200,
1790447951697,29.44,200,
1790447951729,32.2744,200,
1790447951754,23.7788,200,
1790447951786,29.7954,200,
1790447951812,23.5814,200,
1790447951838,25.2289,200,
1790447951865,26.2675,200,
1790447951899,32.8703,200,
1790447951933,32.2735,200,
1790447951963,29.0632,200,
1790447951995,30.8211,200,
1790447952025,29.3595,200,
1790447952056,29.932,200,
1790447952093,35.9422,200,
1790447952122,28.4153,200,
1790447952155,30.5292,200,
1790447952186,29.745,200,
1790447952218,31.2937,200,
1790447952242,23.4249,200,
1790447952273,29.9017,200,
1790447952305,29.9906,200,
1790447952334,28.7228,200,
1790447952364,28.2716,200,
1790447952393,29.2756,200,
1790447952427,31.3236,200,
1790447952454,26.9234,200,
1790447952487,30.8981,200,
1790447952529,41.7234,200,
1790447952572,41.2052,200,
1790447952605,32.1042,200,
1790447952636,29.8007,200,
1790447952667,29.5676,200,
1790447952700,31.686,200,
1790447952731,30.1561,200,
1790447952763,31.1221,200,
1790447952795,31.3842,200,
1790447952822,26.03,200,
1790447952852,28.7917,200,
1790447952885,31.6202,200,
1790447952915,29.1798,200,
1790447952944,27.394,200,
1790447952980,34.4709,200,
1790447953013,32.2186,200,
1790447953044,30.3497,200,
1790447953072,26.0276,200,
1790447953097,25.4569,200,
1790447953130,30.48,200,
1790447953163,32.6603,200,
1790447953191,26.9936,200,
1790447953225,32.3019,200,
1790447953258,31.1118,200,
1790447953291,31.7201,200,
1790447953335,42.93,200,
1790447953364,28.0467,200,
1790447953391,25.7508,200,
1790447953418,26.4722,200,
1790447953447,27.3439,200,
1790447953477,28.8184,200,
1790447953505,25.8748,200,
1790447953539,32.491,200,
1790447953575,34.1908,200,
1790447953612,36.3852,200,
1790447953639,26.4235,200,
1790447953669,27.7026,200,
1790447953699,30.1991,200,
1790447953728,26.8799,200,
1790447953764,35.3364,200,
1790447953792,26.9827,200,
1790447953823,30.174,200,
1790447953851,26.5168,200,
1790447953883,31.0821,200,
1790447953913,28.3882,200,
1790447953942,27.6764,200,
1790447953981,38.2803,200,
1790447954009,26.9634,200,
1790447954040,29.9281,200,
1790447954069,28.9697,200,
1790447954099,28.8941,200,
1790447954125,24.854,200,
1790447954157,30.8543,200,
1790447954192,33.2647,200,
1790447954225,31.4515,200,
1790447954254,28.5776,200,
1790447954288,32.9235,200,
1790447954318,29.2397,200,
1790447954347,28.0323,200,
1790447954376,28.2537,200,
1790447954410,33.0422,200,
1790447954440,28.9322,200,
1790447954470,29.1132,200,
1790447954504,32.4189,200,
1790447954535,30.26,200,
1790447954563,26.2514,200,
1790447954593,28.9857,200,
1790447954624,30.4694,200,
1790447954653,27.5723,200,
1790447954683,28.7199,200,
1790447954710,25.8718,200,
1790447954738,26.8926,200,
1790447954768,30.0415,200,
1790447954798,27.1752,200,
1790447954829,29.8997,200,
1790447954860,29.9148,200,
1790447954886,25.5192,200,
1790447954915,26.109,200,
1790447954968,50.6793,200,
1790447954999,30.2191,200,
1790447955027,26.4751,200,
1790447955052,25.0071,200,
1790447955081,27.6844,200,
1790447955113,31.562,200,
1790447955148,32.7401,200,
1790447955182,32.9057,200,
1790447955213,30.1213,200,
1790447955241,27.8404,200,
1790447955271,28.1855,200,
1790447955305,32.5737,200,
1790447955333,27.2488,200,
1790447955362,28.5183,200,
1790447955394,30.6944,200,
1790447955421,25.2252,200,
1790447955450,27.871,200,
1790447955484,33.8937,200,
1790447955520,33.638,200,
1790447955548,27.1474,200,
1790447955575,27.1879,200,
1790447955609,32.036,200,
1790447955635,25.4997,200,
1790447955661,26.0994,200,
1790447955690,27.7728,200,
1790447955720,27.7794,200,
1790447955746,25.6123,200,
1790447955781,32.7384,200,
1790447955813,30.866,200,
1790447955843,28.6116,200,
1790447955872,27.6137,200,
1790447955903,29.6377,200,
1790447955935,30.5298,200,
1790447955963,27.4622,200,
1790447955993,29.4009,200,
1790447956020,25.4215,200,
1790447956049,28.4401,200,
1790447956077,26.2437,200,
1790447956109,31.6326,200,
1790447956140,29.6,200,
1790447956176,34.8079,200,
1790447956205,27.9268,200,
1790447956234,27.8408,200,
1790447956262,27.6348,200,
1790447956292,27.8712,200,
1790447956322,28.7699,200,
1790447956356,32.5552,200,
1790447956384,27.3851,200,
1790447956421,34.3184,200,
1790447956450,28.1539,200,
1790447956479,27.8785,200,
1790447956509,28.9419,200,
1790447956543,33.0097,200,
1790447956572,27.7172,200,
1790447956601,27.5178,200,
1790447956630,27.637,200,
1790447956656,26.5084,200,
1790447956683,25.8743,200,
1790447956718,32.4602,200,
1790447956748,29.6096,200,
1790447956778,28.12,200,
1790447956807,27.7271,200,
1790447956836,27.8497,200,
1790447956864,26.8493,200,
1790447956892,26.0293,200,
1790447956921,27.6109,200,
1790447956950,28.292,200,
1790447956980,28.7599,200,
1790447957007,26.4033,200,
1790447957033,23.9483,200,
1790447957062,28.5234,200,
1790447957091,27.9327,200,
1790447957123,31.0088,200,
1790447957150,26.5841,200,
1790447957183,31.5037,200,
1790447957213,29.6633,200,
1790447957243,29.6286,200,
1790447957275,30.1064,200,
1790447957307,30.9733,200,
1790447957334,26.3008,200,
1790447957365,30.2519,200,
1790447957393,26.914,200,
1790447957419,25.7713,200,
1790447957448,26.9252,200,
1790447957481,31.4054,200,
1790447957511,29.7753,200,
1790447957542,29.1544,200,
1790447957575,31.9654,200,
1790447957606,29.2288,200,
1790447957632,25.111,200,
1790447957663,31.3432,200,
1790447957696,30.8636,200,
1790447957726,28.5236,200,
1790447957754,26.9691,200,
1790447957783,27.6765,200,
1790447957811,27.6557,200,
1790447957838,26.5998,200,
1790447957867,27.2887,200,
1790447957903,35.18,200,
1790447957934,29.1815,200,
1790447957965,29.3689,200,
1790447957993,28.4083,200,
1790447958023,28.6937,200,
1790447958046,21.97,200,
1790447958073,25.8744,200,
1790447958099,25.3595,200,
1790447958126,25.9941,200,
1790447958155,28.2766,200,
1790447958186,28.8646,200,
1790447958214,27.641,200,
1790447958249,33.4019,200,
1790447958287,36.2253,200,
1790447958313,24.8596,200,
1790447958341,27.5945,200,
1790447958380,37.8167,200,
1790447958407,27.0455,200,
1790447958435,26.193,200,
1790447958464,27.6522,200,
1790447958495,30.0038,200,
1790447958538,41.5787,200,
1790447958568,28.7144,200,
1790447958600,30.3829,200,
1790447958630,28.5499,200,
1790447958658,26.9694,200,
1790447958687,28.2412,200,
1790447958720,31.5005,200,
1790447958747,26.8737,200,
1790447958774,26.517,200,
1790447958814,38.4883,200,
1790447958841,25.5701,200,
1790447958875,32.2312,200,
1790447958912,35.9181,200,
1790447958940,28.7362,200,
1790447958973,29.9879,200,
1790447959001,27.1934,200,
1790447959024,23.1708,200,
1790447959052,25.5348,200,
1790447959082,28.1452,200,
1790447959110,27.5783,200,
1790447959140,28.0122,200,
1790447959168,26.6333,200,
1790447959201,31.9796,200,
1790447959228,26.1863,200,
1790447959255,25.6759,200,
1790447959284,28.4701,200,
1790447959312,27.2605,200,
1790447959337,23.8373,200,
1790447959365,26.68,200,
1790447959394,28.1503,200,
1790447959434,38.1997,200,
1790447959465,30.3635,200,
1790447959493,27.039,200,
1790447959524,30.4102,200,
1790447959553,27.1259,200,
1790447959583,28.0461,200,
1790447959610,26.9023,200,
1790447959637,26.4812,200,
1790447959680,40.5665,200,
1790447959712,30.3463,200,
1790447959741,28.1245,200,
1790447959772,30.1001,200,
1790447959801,27.7944,200,
1790447959828,26.3396,200,
1790447959857,27.7487,200,
1790447959886,27.9618,200,
1790447959919,31.731,200,
1790447959951,31.1386,200,
1790447959982,29.6333,200,
1790447960010,26.5925,200,
1790447960038,26.7469,200,
1790447960063,24.8446,200,
1790447960095,30.8204,200,
1790447960121,25.1313,200,
1790447960154,31.2289,200,
1790447960181,25.9277,200,
1790447960210,28.2904,200,
1790447960241,29.6847,200,
1790447960267,25.3121,200,
1790447960302,33.6019,200,
1790447960335,32.2756,200,
1790447960367,30.2192,200,
1790447960398,29.2103,200,
1790447960445,41.9712,200,
1790447960498,51.5317,200,
1790447960563,63.3648,200,
1790447960597,32.8271,200,
1790447960630,31.5076,200,
1790447960664,34.047,200,
1790447960695,29.3629,200,
1790447960724,26.8354,200,
1790447960752,26.9343,200,
1790447960780,28.5651,200,
1790447960810,26.8459,200,
1790447960840,28.8251,200,
1790447960872,30.8191,200,
1790447960905,32.1997,200,
1790447960951,43.747,200,
1790447960993,41.2537,200,
1790447961045,51.0606,200,
1790447961071,24.5211,200,
1790447961097,25.394,200,
1790447961126,28.2333,200,
1790447961154,25.8887,200,
1790447961177,22.4969,200,
1790447961208,30.0749,200,
1790447961241,30.5141,200,
1790447961287,44.7862,200,
1790447961318,29.243,200,
1790447961364,44.5121,200,
1790447961393,28.1213,200,
1790447961427,33.1074,200,
1790447961456,28.0796,200,
1790447961484,27.5477,200,
1790447961515,29.2869,200,
1790447961549,32.9962,200,
1790447961585,35.0123,200,
1790447961615,29.0069,200,
1790447961644,28.4222,200,
1790447961675,29.4329,200,
1790447961703,27.5101,200,
1790447961746,40.9654,200,
1790447961777,29.5813,200,
1790447961805,26.575,200,
1790447961834,28.3841,200,
1790447961863,28.0015,200,
1790447961894,30.9146,200,
1790447961927,31.2679,200,
1790447961962,31.91,200,
1790447961998,35.0983,200,
1790447962024,24.6727,200,
1790447962053,28.1555,200,
1790447962088,34.4671,200,
1790447962114,25.9442,200,
1790447962142,25.7907,200,
1790447962170,27.0704,200,
1790447962203,31.6436,200,
1790447962231,27.1021,200,
1790447962265,33.5513,200,
1790447962293,27.3024,200,
1790447962321,26.2115,200,
1790447962352,29.9526,200,
1790447962379,26.7873,200,
1790447962404,22.9576,200,
1790447962427,22.1034,200,
1790447962457,28.2835,200,
1790447962491,31.7731,200,
1790447962514,22.8229,200,
1790447962547,32.5427,200,
1790447962595,46.9297,200,
1790447962621,24.4373,200,
1790447962652,30.0503,200,
1790447962684,30.1866,200,
1790447962714,28.385,200,
1790447962743,28.5226,200,
1790447962774,29.6657,200,
1790447962805,29.3433,200,
1790447962831,25.4731,200,
1790447962871,39.4289,200,
1790447962900,26.5439,200,
1790447962930,28.3916,200,
1790447962960,29.1792,200,
1790447962990,28.9796,200,
1790447963017,25.939,200,
1790447963046,27.005,200,
1790447963075,28.7382,200,
1790447963103,26.8418,200,
1790447963129,24.1011,200,
1790447963160,30.2026,200,
1790447963194,33.5483,200,
1790447963225,29.3731,200,
1790447963254,28.4851,200,
1790447963288,32.1695,200,
1790447963316,27.274,200,
1790447963346,29.2434,200,
1790447963378,30.8136,200,
1790447963404,25.3829,200,
1790447963429,24.3741,200,
1790447963457,25.7792,200,
1790447963485,27.2011,200,
1790447963512,26.3027,200,
1790447963542,28.2475,200,
1790447963573,30.7592,200,
1790447963603,28.34,200,
1790447963630,26.2826,200,
1790447963657,26.368,200,
1790447963689,30.3305,200,
1790447963721,30.9767,200,
1790447963747,25.0852,200,
1790447963777,28.5553,200,
1790447963801,23.5914,200,
1790447963822,20.2757,200,
1790447963851,27.4519,200,
1790447963879,27.3545,200,
1790447963903,23.4943,200,
1790447963930,23.4867,200,
1790447963959,28.59,200,
1790447963990,29.4562,200,
1790447964015,23.5131,200,
1790447964037,21.9544,200,
1790447964064,25.8932,200,
1790447964092,26.9776,200,
1790447964121,27.7006,200,
1790447964147,24.5053,200,
1790447964178,29.7434,200,
1790447964211,31.6272,200,
1790447964237,24.315,200,
1790447964263,25.536,200,
1790447964292,28.0526,200,
1790447964324,31.7463,200,
1790447964352,27.1059,200,
1790447964382,27.0626,200,
1790447964411,27.7378,200,
1790447964438,25.3187,200,
1790447964467,28.1135,200,
1790447964493,26.0356,200,
1790447964521,26.2592,200,
1790447964545,23.4796,200,
1790447964589,42.4711,200,
1790447964619,29.2776,200,
1790447964647,26.5244,200,
1790447964681,31.5663,200,
1790447964712,30.363,200,
1790447964762,47.7886,200,
1790447964821,57.6846,200,
1790447964853,32.3183,200,
1790447964888,32.5467,200,
1790447964925,35.8687,200,
1790447964970,43.797,200,
1790447965026,54.6456,200,
1790447965060,32.2801,200,
1790447965089,28.6532,200,
1790447965121,29.3661,200,
1790447965159,37.4946,200,
1790447965187,26.3459,200,
1790447965216,27.4788,200,
1790447965246,28.8844,200,
1790447965283,34.7498,200,
1790447965313,29.1036,200,
1790447965343,28.6315,200,
1790447965371,26.8179,200,
1790447965412,40.1444,200,
1790447965455,40.9724,200,
1790447965483,27.7735,200,
1790447965530,45.3401,200,
1790447965559,27.9928,200,
1790447965586,26.4216,200,
1790447965615,28.3518,200,
1790447965645,28.9664,200,
1790447965675,26.8119,200,
1790447965701,24.9939,200,
1790447965734,31.872,200,
1790447965763,27.7548,200,
1790447965793,29.2209,200,
1790447965825,30.216,200,
1790447965861,35.1451,200,
1790447965894,30.8438,200,
1790447965920,26.2945,200,
1790447965953,30.7653,200,
1790447965982,27.9684,200,
1790447966009,25.6036,200,
1790447966037,27.5037,200,
1790447966064,26.5594,200,
1790447966092,26.7735,200,
1790447966125,31.6525,200,
1790447966155,29.0538,200,
1790447966190,34.2128,200,
1790447966223,31.2045,200,
1790447966259,34.9482,200,
1790447966285,25.4156,200,
1790447966312,25.6297,200,
1790447966345,32.6975,200,
1790447966377,30.8323,200,
1790447966404,26.4922,200,
1790447966437,31.4824,200,
1790447966468,30.6743,200,
1790447966497,27.4479,200,
1790447966529,30.7907,200,
1790447966560,30.0863,200,
1790447966591,29.6555,200,
1790447966616,24.4124,200,
1790447966648,30.2827,200,
1790447966674,25.2504,200,
1790447966701,25.5417,200,
1790447966729,26.4157,200,
1790447966759,29.5346,200,
1790447966792,32.0325,200,
1790447966821,27.1121,200,
1790447966848,26.2608,200,
1790447966880,30.237,200,
1790447966907,26.9594,200,
1790447966933,24.5503,200,
1790447966961,27.1388,200,
1790447966991,28.774,200,
1790447967017,25.7371,200,
1790447967044,25.866,200,
1790447967069,24.1473,200,
1790447967101,30.8496,200,
1790447967137,34.1419,200,
1790447967167,28.8265,200,
1790447967195,27.2555,200,
1790447967227,29.8935,200,
1790447967254,26.0744,200,
1790447967282,26.5635,200,
1790447967308,25.3893,200,
1790447967340,29.2374,200,
1790447967365,24.8212,200,
1790447967391,25.056,200,
1790447967418,24.6956,200,
1790447967450,31.7108,200,
1790447967482,30.7819,200,
1790447967510,26.9861,200,
1790447967539,28.2824,200,
1790447967573,32.6805,200,
1790447967602,28.0816,200,
1790447967628,26.5875,200,
1790447967653,23.445,200,
1790447967683,28.9251,200,
1790447967717,32.5364,200,
1790447967748,28.9113,200,
1790447967779,29.7976,200,
1790447967808,28.9263,200,
1790447967839,29.9422,200,
1790447967868,27.7189,200,
1790447967897,27.6856,200,
1790447967928,30.5747,200,
1790447967966,37.1372,200,
1790447967996,28.1238,200,
1790447968030,32.2462,200,
1790447968060,29.3252,200,
1790447968089,27.0481,200,
1790447968112,21.8398,200,
1790447968141,28.1135,200,
1790447968169,27.34,200,
1790447968198,28.0828,200,
1790447968230,31.2868,200,
1790447968260,28.0059,200,
1790447968292,31.3018,200,
1790447968319,25.6181,200,
1790447968350,30.5724,200,
1790447968388,36.3487,200,
1790447968417,27.4295,200,
1790447968450,31.6411,200,
1790447968483,31.6417,200,
1790447968512,27.7856,200,
1790447968542,29.3618,200,
1790447968577,34.0756,200,
1790447968606,27.7591,200,
1790447968634,26.9386,200,
1790447968670,34.9307,200,
1790447968702,30.9798,200,
1790447968734,30.2431,200,
1790447968765,29.66,200,
1790447968794,27.26,200,
1790447968832,37.1526,200,
1790447968861,28.7882,200,
1790447968891,26.1996,200,
1790447968925,33.4295,200,
1790447968954,27.9754,200,
1790447968984,29.017,200,
1790447969013,28.135,200,
1790447969044,29.4785,200,
1790447969070,25.9407,200,
1790447969095,23.0703,200,
1790447969123,26.252,200,
1790447969155,30.9901,200,
1790447969189,32.7956,200,
1790447969218,27.7228,200,
1790447969245,25.4928,200,
1790447969274,27.9179,200,
1790447969309,34.5861,200,
1790447969343,31.3827,200,
1790447969375,30.7387,200,
1790447969412,35.9187,200,
1790447969440,26.9722,200,
1790447969469,27.3892,200,
1790447969499,29.6814,200,
1790447969529,26.8843,200,
1790447969556,25.2053,200,
1790447969593,36.405,200,
1790447969627,32.1483,200,
1790447969655,26.725,200,
1790447969682,26.2849,200,
1790447969712,28.7923,200,
1790447969745,30.5889,200,
1790447969772,27.0063,200,
1790447969799,26.1046,200,
1790447969829,28.7269,200,
1790447969862,31.4841,200,
1790447969895,31.9508,200,
1790447969929,32.1161,200,
1790447969959,28.5007,200,
1790447969991,29.68,200,
1790447970017,25.8347,200,
1790447970045,26.606,200,
1790447970070,24.3976,200,
1790447970099,26.9974,200,
1790447970127,26.5679,200,
1790447970158,30.3364,200,
1790447970186,26.8052,200,
1790447970216,29.1315,200,
1790447970246,28.7407,200,
1790447970274,27.5507,200,
1790447970302,27.1122,200,
1790447970335,31.4156,200,
1790447970372,36.3124,200,
1790447970411,37.0463,200,
1790447970466,51.0761,200,
1790447970497,30.1292,200,
1790447970581,82.4204,200,
1790447970616,33.1946,200,
1790447970648,31.1767,200,
1790447970685,35.5534,200,
1790447970715,29.1901,200,
1790447970743,26.5284,200,
1790447970774,28.8639,200,
1790447970809,34.2565,200,
1790447970839,28.1834,200,
1790447970898,58.6554,200,
1790447971000,99.8467,200,
1790447971156,155.429,200,
1790447971197,40.185,200,
1790447971251,52.3884,200,
1790447971296,43.7791,200,
1790447971324,27.0115,200,
1790447971393,68.0335,200,
1790447971470,75.7281,200,
1790447971569,98.452,200,
1790447971670,100.2934,200,
1790447971762,90.3326,200,
1790447971803,39.1396,200,
1790447971846,42.8962,200,
1790447971886,37.8018,200,
1790447971914,27.1309,200,
1790447971945,30.1526,200,
1790447971983,37.3118,200,
1790447972012,27.3131,200,
1790447972043,29.5864,200,
1790447972080,35.6138,200,
1790447972114,33.2275,200,
1790447972141,26.1568,200,
1790447972172,29.4574,200,
1790447972211,37.5879,200,
1790447972247,35.1922,200,
1790447972272,25.1313,200,
1790447972299,25.4952,200,
1790447972327,26.9159,200,
1790447972360,32.0288,200,
1790447972387,26.0712,200,
1790447972415,26.4505,200,
1790447972443,27.2368,200,
1790447972469,25.2703,200,
1790447972499,29.2301,200,
1790447972537,35.4721,200,
1790447972575,36.3442,200,
1790447972609,33.2821,200,
1790447972640,29.5785,200,
1790447972667,25.3627,200,
1790447972698,29.9339,200,
1790447972730,29.0704,200,
1790447972820,89.7989,200,
1790447972850,28.1218,200,
1790447972879,27.6729,200,
1790447972928,47.7094,200,
1790447972969,40.1985,200,
1790447972996,26.6193,200,
1790447973020,22.4647,200,
1790447973061,39.9662,200,
1790447973094,32.5983,200,
1790447973129,32.5756,200,
1790447973170,40.213,200,
1790447973202,30.5779,200,
1790447973234,31.0044,200,
1790447973265,28.9078,200,
1790447973296,30.5915,200,
1790447973328,30.0584,200,
1790447973357,27.4748,200,
1790447973385,27.1684,200,
1790447973410,25.0555,200,
1790447973439,27.5359,200,
1790447973464,24.4838,200,
1790447973492,26.0859,200,
1790447973527,34.7895,200,
1790447973568,39.9318,200,
1790447973662,92.476,200,
1790447973690,26.7318,200,
1790447973718,27.7942,200,
1790447973747,28.6715,200,
1790447973780,31.3929,200,
1790447973806,25.1087,200,
1790447973835,26.7602,200,
1790447973869,33.142,200,
1790447973898,28.5835,200,
1790447973926,25.5969,200,
1790447973959,32.4982,200,
1790447973987,26.7744,200,
1790447974014,25.2338,200,
1790447974042,27.0964,200,
1790447974066,22.7517,200,
1790447974097,29.4023,200,
1790447974131,34.4018,200,
1790447974167,33.5054,200,
1790447974207,38.8441,200,
1790447974254,45.9009,200,
1790447974288,32.6349,200,
1790447974319,30.6009,200,
1790447974355,34.0924,200,
1790447974385,29.5371,200,
1790447974414,28.2071,200,
1790447974454,37.0121,200,
1790447974486,30.7467,200,
1790447974514,26.7984,200,
1790447974541,25.9076,200,
1790447974570,28.2167,200,
1790447974601,29.4967,200,
1790447974624,22.4324,200,
1790447974646,22.2019,200,
1790447974681,32.8801,200,
1790447974707,25.4671,200,
1790447974734,25.7172,200,
1790447974762,27.9036,200,
1790447974799,34.6131,200,
1790447974825,24.7229,200,
1790447974851,24.6266,200,
1790447974886,34.1991,200,
1790447974911,23.5668,200,
1790447974939,27.4609,200,
1790447974971,30.5374,200,
1790447974994,23.8336,200,
1790447975021,24.3224,200,
1790447975046,23.0535,200,
1790447975074,27.8036,200,
1790447975101,25.2641,200,
1790447975125,24.0768,200,
1790447975155,29.2826,200,
1790447975186,28.8076,200,
1790447975213,25.7731,200,
1790447975249,35.468,200,
1790447975285,33.8317,200,
1790447975316,30.4846,200,
1790447975347,29.6666,200,
1790447975373,25.3135,200,
1790447975402,27.9771,200,
1790447975434,29.3314,200,
1790447975475,38.8427,200,
1790447975508,31.4224,200,
1790447975533,24.1211,200,
1790447975560,25.9664,200,
1790447975591,29.9018,200,
1790447975616,23.6836,200,
1790447975642,24.6929,200,
1790447975677,34.9264,200,
1790447975701,22.9502,200,
1790447975727,24.1633,200,
1790447975752,24.1318,200,
1790447975783,29.7035,200,
1790447975809,24.7041,200,
1790447975836,25.6363,200,
1790447975865,27.6995,200,
1790447975897,29.6473,200,
1790447975925,26.7789,200,
1790447975954,27.0584,200,
1790447975984,28.8479,200,
1790447976010,25.1414,200,
1790447976036,24.2989,200,
1790447976062,25.2948,200,
1790447976088,25.5656,200,
1790447976114,24.0865,200,
1790447976136,21.7731,200,
1790447976168,30.0597,200,
1790447976195,25.6505,200,
1790447976230,34.5111,200,
1790447976260,29.2776,200,
1790447976293,31.5512,200,
1790447976319,24.3465,200,
1790447976348,27.7206,200,
1790447976390,39.5167,200,
1790447976419,27.9221,200,
1790447976446,25.8062,200,
1790447976480,32.7334,200,
1790447976508,27.8042,200,
1790447976537,26.9264,200,
1790447976569,30.7232,200,
1790447976599,29.1699,200,
1790447976625,24.3454,200,
1790447976657,31.5756,200,
1790447976688,28.6215,200,
1790447976715,26.839,200,
1790447976750,34.1998,200,
1790447976781,29.0217,200,
1790447976807,25.362,200,
1790447976837,28.7748,200,
1790447976868,30.1385,200,
1790447976899,29.375,200,
1790447976927,26.9919,200,
1790447976955,27.9198,200,
1790447976989,31.4639,200,
1790447977013,23.8636,200,
1790447977037,23.2795,200,
1790447977065,26.4489,200,
1790447977095,28.8067,200,
1790447977123,27.3265,200,
1790447977149,25.3633,200,
1790447977180,29.9342,200,
1790447977213,30.9095,200,
1790447977262,49.0587,200,
1790447977294,29.6292,200,
1790447977358,63.2555,200,
1790447977391,31.6559,200,
1790447977418,26.211,200,
1790447977456,36.4655,200,
1790447977486,27.1654,200,
1790447977515,28.5575,200,
1790447977543,26.3077,200,
1790447977569,25.744,200,
1790447977603,32.0452,200,
1790447977639,34.1559,200,
1790447977668,28.7954,200,
1790447977699,29.1318,200,
1790447977729,28.1404,200,
1790447977763,32.2492,200,
1790447977795,31.6063,200,
1790447977859,63.3104,200,
1790447977898,37.9116,200,
1790447977927,27.6703,200,
1790447977956,28.0205,200,
1790447977990,32.8567,200,
1790447978026,35.105,200,
1790447978057,29.7124,200,
1790447978085,27.0742,200,
1790447978112,26.0335,200,
1790447978143,30.0378,200,
1790447978171,26.4371,200,
1790447978198,26.2924,200,
1790447978227,27.901,200,
1790447978263,35.3731,200,
1790447978316,50.6601,200,
1790447978366,48.3343,200,
1790447978396,29.4646,200,
1790447978422,24.5415,200,
1790447978452,30.3127,200,
1790447978481,27.7544,200,
1790447978511,28.2842,200,
1790447978538,25.8343,200,
1790447978570,30.1047,200,
1790447978610,38.7519,200,
1790447978641,30.7786,200,
1790447978673,29.9222,200,
1790447978708,35.5252,200,
1790447978741,30.0932,200,
1790447978772,29.1761,200,
1790447978804,32.193,200,
1790447978833,28.0422,200,
1790447978860,25.9737,200,
1790447978889,26.2947,200,
1790447978924,35.2944,200,
1790447978961,33.6291,200,
1790447978988,26.9006,200,
1790447979022,32.1883,200,
1790447979055,32.8997,200,
1790447979084,27.2373,200,
1790447979114,29.2787,200,
1790447979146,29.5904,200,
1790447979173,26.0503,200,
1790447979210,35.4816,200,
1790447979240,29.3791,200,
1790447979270,28.3585,200,
1790447979300,29.5814,200,
1790447979329,27.8022,200,
1790447979370,39.5421,200,
1790447979403,32.0014,200,
1790447979438,34.4288,200,
1790447979471,31.4451,200,
1790447979499,27.863,200,
1790447979528,27.4611,200,
1790447979561,31.8722,200,
1790447979590,27.4675,200,
1790447979617,26.039,200,
1790447979644,25.9821,200,
1790447979673,27.9331,200,
1790447979705,31.1445,200,
1790447979737,31.3925,200,
1790447979772,33.4281,200,
1790447979802,28.917,200,
1790447979832,28.5893,200,
1790447979863,29.5174,200,
1790447979890,27.0425,200,
1790447979916,25.1939,200,
1790447979950,31.1587,200,
1790447979981,29.9425,200,
1790447980016,34.1731,200,
1790447980046,28.6286,200,
1790447980072,25.6248,200,
1790447980099,25.8091,200,
1790447980128,27.8322,200,
1790447980157,29.074,200,
1790447980185,26.8563,200,
1790447980211,24.435,200,
1790447980238,25.6138,200,
1790447980271,31.5806,200,
1790447980300,27.8087,200,
1790447980335,34.0839,200,
1790447980364,27.6901,200,
1790447980395,30.0654,200,
1790447980433,36.9832,200,
1790447980477,41.9791,200,
1790447980551,72.9461,200,
1790447980581,28.5927,200,
1790447980646,63.1228,200,
1790447980684,37.3542,200,
1790447980720,34.6947,200,
1790447980755,33.4676,200,
1790447980788,31.5146,200,
1790447980820,30.4094,200,
1790447980850,28.7848,200,
1790447980882,31.4076,200,
1790447980920,36.5568,200,
1790447980948,27.057,200,
1790447980978,28.2378,200,
1790447981006,26.2683,200,
1790447981031,25.4431,200,
1790447981062,28.843,200,
1790447981097,34.3347,200,
1790447981161,62.5972,200,
1790447981190,28.3725,200,
1790447981227,34.66,200,
1790447981263,35.4875,200,
1790447981292,28.1496,200,
1790447981325,32.0309,200,
1790447981361,35.2774,200,
1790447981393,29.959,200,
1790447981425,31.3767,200,
1790447981462,36.2586,200,
1790447981491,28.4245,200,
1790447981526,33.35,200,
1790447981556,29.0375,200,
1790447981594,37.6909,200,
1790447981624,27.7257,200,
1790447981655,29.5785,200,
1790447981686,30.8819,200,
1790447981721,34.4111,200,
1790447981749,26.732,200,
1790447981780,28.5885,200,
1790447981808,26.7989,200,
1790447981837,27.8257,200,
1790447981866,28.0191,200,
1790447981894,27.0718,200,
1790447981924,29.3562,200,
1790447981954,29.6807,200,
1790447981989,33.1976,200,
1790447982017,27.4642,200,
1790447982045,27.6489,200,
1790447982078,30.6599,200,
1790447982164,84.7496,200,
1790447982360,195.105,200,
1790447982461,99.9097,200,
1790447982663,200.9535,200,
1790447982770,105.6709,200,
1790447982869,97.8985,200,
1790447982963,92.6712,200,
1790447983152,187.497,200,
1790447983273,119.1364,200,
1790447983373,99.1834,200,
1790447983469,94.7353,200,
1790447983569,98.8282,200,
1790447983676,106.0366,200,
1790447983762,85.1482,200,
1790447983867,103.9584,200,
1790447983975,106.4442,200,
1790447984071,95.2006,200,
1790447984166,94.529,200,
1790447984261,93.9965,200,
1790447984463,200.7626,200,
1790447984566,102.6725,200,
1790447984664,96.0089,200,
1790447984767,101.2805,200,
1790447984871,103.7219,200,
1790447984964,92.2072,200,
1790447985067,101.2634,200,
1790447985262,194.5404,200,
1790447985366,103.5449,200,
1790447985484,116.429,200,
1790447985569,84.3466,200,
1790447985669,98.8947,200,
1790447985760,89.6608,200,
1790447985859,97.8836,200,
1790447985974,113.8639,200,
1790447986073,97.8464,200,
1790447986098,24.3184,200,
1790447986123,24.5528,200,
1790447986151,26.6464,200,
1790447986183,31.2493,200,
1790447986215,30.2095,200,
1790447986250,33.5313,200,
1790447986290,38.4512,200,
1790447986322,31.3465,200,
1790447986353,29.093,200,
1790447986381,27.7346,200,
1790447986419,36.4603,200,
1790447986447,26.5043,200,
1790447986475,27.0162,200,
1790447986501,25.3719,200,
1790447986533,30.1617,200,
1790447986566,30.6055,200,
1790447986604,36.5715,200,
1790447986634,28.9401,200,
1790447986661,26.1734,200,
1790447986691,28.8252,200,
1790447986722,29.7999,200,
1790447986752,29.4899,200,
1790447986779,26.0525,200,
1790447986808,27.9478,200,
1790447986840,31.5005,200,
1790447986865,24.2977,200,
1790447986895,28.5708,200,
1790447986926,29.2472,200,
1790447986957,28.6119,200,
1790447986986,28.4833,200,
1790447987014,27.8025,200,
1790447987044,28.2433,200,
1790447987072,27.619,200,
1790447987102,28.1856,200,
1790447987132,28.263,200,
1790447987172,38.0536,200,
1790447987202,28.6769,200,
1790447987230,26.2277,200,
1790447987256,26.0976,200,
1790447987290,32.8729,200,
1790447987318,27.0267,200,
1790447987342,22.633,200,
1790447987370,27.0911,200,
1790447987398,26.9384,200,
1790447987421,22.242,200,
1790447987445,23.03,200,
1790447987474,28.4646,200,
1790447987498,23.7788,200,
1790447987523,22.8276,200,
1790447987548,24.24,200,
1790447987578,28.1199,200,
1790447987613,35.0537,200,
1790447987638,23.3663,200,
1790447987663,25.6819,200,
1790447987700,35.0112,200,
1790447987726,24.5865,200,
1790447987752,25.3229,200,
1790447987783,30.2485,200,
1790447987823,38.6478,200,
1790447987848,24.0419,200,
1790447987878,29.0754,200,
1790447987909,30.1276,200,
1790447987936,24.9537,200,
1790447987962,25.631,200,
1790447987991,27.0861,200,
1790447988017,25.2755,200,
1790447988044,25.4314,200,
1790447988072,27.2262,200,
1790447988099,26.4904,200,
1790447988128,28.0953,200,
1790447988162,32.5153,200,
1790447988194,30.4559,200,
1790447988223,28.2451,200,
1790447988252,27.9334,200,
1790447988288,32.6858,200,
1790447988317,27.8971,200,
1790447988348,29.6447,200,
1790447988379,29.9142,200,
1790447988405,25.5445,200,
1790447988429,22.3922,200,
1790447988451,21.5072,200,
1790447988479,26.4157,200,
1790447988505,25.6763,200,
1790447988530,23.5525,200,
1790447988556,24.9692,200,
1790447988590,33.2839,200,
1790447988627,34.9661,200,
1790447988661,32.9,200,
1790447988691,29.9224,200,
1790447988721,27.8948,200,
1790447988750,28.0762,200,
1790447988781,30.0896,200,
1790447988809,27.3212,200,
1790447988836,25.1831,200,
1790447988873,34.8384,200,
1790447988902,27.4807,200,
1790447988924,22.0147,200,
1790447988952,26.761,200,
1790447988981,28.0221,200,
1790447989009,26.8585,200,
1790447989034,23.6669,200,
1790447989063,28.4712,200,
1790447989090,25.7975,200,
1790447989117,26.5455,200,
1790447989142,24.4167,200,
1790447989175,30.6771,200,
1790447989200,24.2103,200,
1790447989227,25.3084,200,
1790447989254,25.9733,200,
1790447989295,38.9842,200,
1790447989321,25.4237,200,
1790447989346,24.221,200,
1790447989375,28.2617,200,
1790447989406,29.2153,200,
1790447989434,26.5977,200,
1790447989462,27.7922,200,
1790447989493,29.1994,200,
1790447989519,25.3875,200,
1790447989546,26.4087,200,
1790447989574,26.4524,200,
1790447989604,28.822,200,
1790447989634,28.7085,200,
1790447989660,25.3279,200,
1790447989689,27.6038,200,
1790447989716,26.2222,200,
1790447989745,28.013,200,
1790447989771,25.7658,200,
1790447989803,29.4288,200,
1790447989833,29.5666,200,
1790447989861,27.6716,200,
1790447989888,25.7976,200,
1790447989921,31.3988,200,
1790447989958,35.8462,200,
1790447989989,29.2896,200,
1790447990015,25.1515,200,
1790447990045,28.6974,200,
1790447990073,27.6468,200,
1790447990108,33.5761,200,
1790447990136,27.0497,200,
1790447990170,33.0663,200,
1790447990201,29.3407,200,
1790447990231,28.8429,200,
1790447990265,33.5741,200,
1790447990297,30.0504,200,
1790447990328,30.9582,200,
1790447990357,28.0265,200,
1790447990394,35.4203,200,
1790447990424,27.9114,200,
1790447990470,44.6791,200,
1790447990520,48.1743,200,
1790447990562,40.8988,200,
1790447990601,38.2984,200,
1790447990646,44.0526,200,
1790447990708,59.5831,200,
1790447990742,32.4264,200,
1790447990774,32.2481,200,
1790447990806,30.2171,200,
1790447990833,25.0097,200,
1790447990867,33.0467,200,
1790447990953,84.4011,200,
1790447990981,27.3063,200,
1790447991072,90.8,200,
1790447991166,92.5587,200,
1790447991198,30.0545,200,
1790447991254,55.2055,200,
1790447991283,27.2346,200,
1790447991315,30.1896,200,
1790447991377,61.1089,200,
1790447991465,86.0936,200,
1790447991495,28.7786,200,
1790447991528,31.172,200,
1790447991558,28.6009,200,
1790447991594,35.0518,200,
1790447991621,24.9565,200,
1790447991662,40.1287,200,
1790447991696,32.4649,200,
1790447991735,37.5593,200,
1790447991768,31.6728,200,
1790447991796,27.9444,200,
1790447991824,27.1103,200,
1790447991851,25.9726,200,
1790447991876,23.8961,200,
1790447991912,34.0343,200,
1790447991944,30.2621,200,
1790447991972,25.9607,200,
1790447992001,27.277,200,
1790447992035,32.1436,200,
1790447992062,27.3261,200,
1790447992090,25.8447,200,
1790447992120,29.1521,200,
1790447992152,30.4879,200,
1790447992181,28.1509,200,
1790447992210,28.0289,200,
1790447992237,25.4613,200,
1790447992268,28.1594,200,
1790447992294,24.7377,200,
1790447992326,31.818,200,
1790447992362,34.4435,200,
1790447992390,27.0086,200,
1790447992421,29.2822,200,
1790447992450,28.6072,200,
1790447992478,26.6417,200,
1790447992510,30.8602,200,
1790447992547,35.8571,200,
1790447992580,33.2424,200,
1790447992621,40.0226,200,
1790447992655,32.3224,200,
1790447992688,31.8022,200,
1790447992723,34.1087,200,
1790447992759,33.9518,200,
1790447992794,34.0069,200,
1790447992823,27.3996,200,
1790447992856,31.0245,200,
1790447992882,25.0231,200,
1790447992910,27.1395,200,
1790447992939,27.7063,200,
1790447992969,29.5433,200,
1790447992999,27.9575,200,
1790447993028,28.2731,200,
1790447993061,32.3762,200,
1790447993089,27.0461,200,
1790447993117,26.9326,200,
1790447993151,32.2638,200,
1790447993178,25.1369,200,
1790447993204,25.8502,200,
1790447993233,27.4134,200,
1790447993262,28.9389,200,
1790447993302,38.2258,200,
1790447993330,28.0111,200,
1790447993367,35.6995,200,
1790447993404,35.7893,200,
1790447993430,24.278,200,
1790447993456,25.5771,200,
1790447993484,26.6024,200,
1790447993510,24.833,200,
1790447993540,29.062,200,
1790447993567,27.1579,200,
1790447993599,29.5523,200,
1790447993631,30.5894,200,
1790447993664,32.3017,200,
1790447993690,24.4396,200,
1790447993725,33.8675,200,
1790447993754,28.109,200,
1790447993787,32.504,200,
1790447993821,32.6448,200,
1790447993847,25.9941,200,
1790447993877,27.7559,200,
1790447993909,32.5182,200,
1790447993939,27.8135,200,
1790447993970,29.7059,200,
1790447994003,32.4609,200,
1790447994030,25.4533,200,
1790447994057,26.5513,200,
1790447994084,26.5882,200,
1790447994108,22.1964,200,
1790447994139,31.2602,200,
1790447994176,34.7589,200,
1790447994206,28.9371,200,
1790447994236,29.3383,200,
1790447994266,27.8777,200,
1790447994294,26.1424,200,
1790447994328,33.2809,200,
1790447994363,33.6747,200,
1790447994397,32.4959,200,
1790447994429,30.4325,200,
1790447994466,35.8826,200,
1790447994500,32.6294,200,
1790447994530,28.9316,200,
1790447994561,30.3616,200,
1790447994594,31.194,200,
1790447994630,35.0941,200,
1790447994662,31.0127,200,
1790447994697,33.9124,200,
1790447994724,26.3982,200,
1790447994750,25.0717,200,
1790447994785,34.1871,200,
1790447994816,29.3737,200,
1790447994843,26.2876,200,
1790447994871,26.1443,200,
1790447994904,32.6858,200,
1790447994936,30.2107,200,
1790447994963,25.8693,200,
1790447994998,33.6767,200,
1790447995025,26.7034,200,
1790447995054,28.1829,200,
1790447995079,24.0875,200,
1790447995106,25.8681,200,
1790447995133,26.0865,200,
1790447995165,31.6589,200,
1790447995197,30.0164,200,
1790447995227,29.46,200,
1790447995255,25.6172,200,
1790447995287,31.8148,200,
1790447995319,30.8117,200,
1790447995349,30.1671,200,
1790447995383,31.278,200,
1790447995413,29.7448,200,
1790447995443,29.3337,200,
1790447995475,30.5326,200,
1790447995508,31.4682,200,
1790447995540,30.7278,200,
1790447995570,28.7387,200,
1790447995603,32.21,200,
1790447995633,28.3086,200,
1790447995661,27.1523,200,
1790447995691,29.8357,200,
1790447995719,26.5153,200,
1790447995746,25.9686,200,
1790447995772,24.8321,200,
1790447995799,26.3131,200,
1790447995829,27.9834,200,
1790447995860,30.6454,200,
1790447995894,32.8714,200,
1790447995924,28.7562,200,
1790447995957,31.5476,200,
1790447995986,27.5135,200,
1790447996014,25.9578,200,
1790447996042,27.5292,200,
1790447996070,27.1469,200,
1790447996094,23.2679,200,
1790447996124,28.04,200,
1790447996156,30.2239,200,
1790447996187,30.2944,200,
1790447996212,23.4815,200,
1790447996246,32.8504,200,
1790447996276,28.9614,200,
1790447996306,29.0817,200,
1790447996337,29.7236,200,
1790447996369,31.3036,200,
1790447996404,33.9946,200,
1790447996434,28.0749,200,
1790447996460,25.3547,200,
1790447996493,31.5746,200,
1790447996525,30.8118,200,
1790447996553,25.7992,200,
1790447996584,29.894,200,
1790447996621,36.3457,200,
1790447996650,27.9026,200,
1790447996677,25.968,200,
1790447996709,28.0341,200,
1790447996736,25.3198,200,
1790447996763,26.3447,200,
1790447996789,25.7015,200,
1790447996822,31.2402,200,
1790447996852,28.783,200,
1790447996880,27.3963,200,
1790447996910,28.167,200,
1790447996940,28.9738,200,
1790447996968,26.5598,200,
1790447996999,27.9657,200,
1790447997025,25.1662,200,
1790447997052,26.8148,200,
1790447997075,21.4812,200,
1790447997097,22.3458,200,
1790447997119,20.4273,200,
1790447997144,23.7691,200,
1790447997166,21.4682,200,
1790447997188,20.706,200,
1790447997210,21.3431,200,
1790447997234,22.2598,200,
1790447997256,21.9797,200,
1790447997286,28.1698,200,
1790447997308,20.3076,200,
1790447997331,22.6388,200,
1790447997354,22.0447,200,
1790447997381,26.4923,200,
1790447997408,25.3621,200,
1790447997435,26.8932,200,
1790447997533,95.354,200,
1790447997564,30.2309,200,
1790447997594,27.5415,200,
1790447997622,27.0872,200,
1790447997652,29.2659,200,
1790447997680,26.8406,200,
1790447997710,29.1051,200,
1790447997740,28.9117,200,
1790447997777,36.0596,200,
1790447997807,29.5169,200,
1790447997843,34.1829,200,
1790447997873,29.0513,200,
1790447997903,28.6236,200,
1790447997932,28.0507,200,
1790447997962,29.0063,200,
1790447997990,27.338,200,
1790447998020,28.2332,200,
1790447998047,26.6247,200,
1790447998072,23.7309,200,
1790447998098,25.2078,200,
1790447998137,38.1207,200,
1790447998169,30.7764,200,
1790447998198,28.2349,200,
1790447998230,31.0619,200,
1790447998267,35.9874,200,
1790447998297,28.4731,200,
1790447998328,30.0187,200,
1790447998363,34.6321,200,
1790447998393,28.7952,200,
1790447998421,25.9776,200,
1790447998447,25.3506,200,
1790447998479,31.2849,200,
1790447998508,26.5061,200,
1790447998536,27.8443,200,
1790447998564,26.5078,200,
1790447998599,33.969,200,
1790447998627,26.4965,200,
1790447998659,31.1017,200,
1790447998686,26.3119,200,
1790447998722,35.5453,200,
1790447998751,26.3607,200,
1790447998781,29.549,200,
1790447998813,30.4783,200,
1790447998846,32.7652,200,
1790447998878,30.8257,200,
1790447998905,25.6984,200,
1790447998931,25.7059,200,
1790447998962,30.1327,200,
1790447998994,30.2035,200,
1790447999026,31.1155,200,
1790447999052,25.0672,200,
1790447999081,28.0177,200,
1790447999109,26.7091,200,
1790447999142,31.7844,200,
1790447999172,29.1849,200,
1790447999197,24.0613,200,
1790447999232,33.4281,200,
1790447999263,30.5974,200,
1790447999290,26.1636,200,
1790447999319,27.7163,200,
1790447999346,25.6875,200,
1790447999381,33.3221,200,
1790447999412,30.2788,200,
1790447999440,27.3412,200,
1790447999470,28.1429,200,
1790447999497,25.2115,200,
1790447999525,27.4295,200,
1790447999556,29.9415,200,
1790447999593,36.0408,200,
1790447999625,30.1623,200,
1790447999657,31.2305,200,
1790447999687,29.4699,200,
1790447999710,21.7543,200,
1790447999735,24.2853,200,
1790447999762,25.1739,200,
1790447999795,31.8105,200,
1790447999823,27.6637,200,
1790447999852,27.4205,200,
1790447999881,28.6566,200,
1790447999916,34.6299,200,
1790447999945,27.2213,200,
1790447999973,27.0596,200,
1790447999999,25.9131,200,
1790448000033,32.2657,200,
1790448000061,26.4327,200,
1790448000089,26.745,200,
1790448000115,24.4174,200,
1790448000140,24.4499,200,
1790448000171,30.8464,200,
1790448000200,27.276,200,
1790448000224,22.293,200,
1790448000247,22.6565,200,
1790448000273,25.9217,200,
1790448000305,28.5236,200,
1790448000330,24.3084,200,
1790448000367,36.2725,200,
1790448000398,30.065,200,
1790448000437,37.5152,200,
1790448000476,37.5771,200,
1790448000553,75.1921,200,
1790448000614,60.4785,200,
1790448000647,30.8581,200,
1790448000681,33.1128,200,
1790448000712,30.4819,200,
1790448000742,28.5415,200,
1790448000777,34.0871,200,
1790448000806,28.9024,200,
1790448000832,23.7943,200,
1790448000863,29.3974,200,
1790448000893,29.3837,200,
1790448000918,23.9329,200,
1790448000947,28.3469,200,
1790448000982,33.3311,200,
1790448001009,25.9115,200,
1790448001034,24.8082,200,
1790448001065,29.8111,200,
1790448001094,27.6605,200,
1790448001116,22.7454,200,
1790448001144,25.8247,200,
1790448001176,31.3516,200,
1790448001219,41.3262,200,
1790448001251,31.1085,200,
1790448001292,40.3354,200,
1790448001320,26.782,200,
1790448001369,47.9062,200,
1790448001463,93.4031,200,
1790448001501,36.5904,200,
1790448001530,28.6555,200,
1790448001562,30.4558,200,
1790448001595,31.5332,200,
1790448001661,65.4244,200,
1790448001694,31.4122,200,
1790448001722,27.0645,200,
1790448001745,22.6956,200,
1790448001781,33.8747,200,
1790448001821,38.9256,200,
1790448001847,25.1541,200,
1790448001880,31.5614,200,
1790448001908,27.8113,200,
1790448001933,24.8294,200,
1790448001963,27.3005,200,
1790448001992,27.6954,200,
1790448002022,29.1473,200,
1790448002049,25.8419,200,
1790448002078,28.4297,200,
1790448002105,25.2327,200,
1790448002130,24.1021,200,
1790448002157,26.4109,200,
1790448002192,33.6161,200,
1790448002220,27.1303,200,
1790448002248,26.7841,200,
1790448002282,32.2857,200,
1790448002310,28.3577,200,
1790448002342,30.1186,200,
1790448002373,29.9785,200,
1790448002404,30.0784,200,
1790448002446,41.1181,200,
1790448002475,28.4065,200,
1790448002506,30.4861,200,
1790448002547,39.1353,200,
1790448002585,36.8028,200,
1790448002621,34.2775,200,
1790448002662,39.5842,200,
1790448002693,29.8945,200,
1790448002727,32.2987,200,
1790448002760,32.4796,200,
1790448002842,79.8337,200,
1790448002872,29.6957,200,
1790448002904,29.5283,200,
1790448002932,26.938,200,
1790448002961,28.0882,200,
1790448002991,28.5843,200,
1790448003022,30.5612,200,
1790448003053,30.1241,200,
1790448003081,26.5318,200,
1790448003108,26.3534,200,
1790448003139,29.4465,200,
1790448003167,26.9357,200,
1790448003198,27.7824,200,
1790448003226,27.3483,200,
1790448003261,33.1499,200,
1790448003293,30.5917,200,
1790448003321,27.0478,200,
1790448003353,31.0569,200,
1790448003391,37.8751,200,
1790448003429,35.3948,200,
1790448003457,26.9687,200,
1790448003485,27.534,200,
1790448003515,28.1261,200,
1790448003544,28.8288,200,
1790448003572,26.918,200,
1790448003603,28.5586,200,
1790448003637,33.7145,200,
1790448003669,29.8866,200,
1790448003700,29.6802,200,
1790448003728,27.2744,200,
1790448003757,27.5655,200,
1790448003789,30.0686,200,
1790448003817,27.4298,200,
1790448003842,24.1101,200,
1790448003873,29.1743,200,
1790448003902,28.6253,200,
1790448003935,31.6434,200,
1790448003964,28.5182,200,
1790448003999,33.0634,200,
1790448004028,27.7965,200,
1790448004057,28.6337,200,
1790448004088,29.0598,200,
1790448004124,35.06,200,
1790448004163,37.3595,200,
1790448004191,27.2865,200,
1790448004219,26.9955,200,
1790448004248,27.4852,200,
1790448004273,24.1346,200,
1790448004302,28.1821,200,
1790448004332,29.0601,200,
1790448004370,36.4466,200,
1790448004400,29.1085,200,
1790448004428,27.7079,200,
1790448004467,37.1288,200,
1790448004497,28.1684,200,
1790448004527,29.3765,200,
1790448004559,31.3585,200,
1790448004588,27.5093,200,
1790448004616,27.69,200,
1790448004647,29.322,200,
1790448004675,27.7446,200,
1790448004709,32.2418,200,
1790448004737,27.1606,200,
1790448004769,31.0733,200,
1790448004802,32.2245,200,
1790448004834,30.8175,200,
1790448004863,27.8642,200,
1790448004890,26.1096,200,
1790448004918,26.5903,200,
1790448004947,28.8989,200,
1790448004976,27.8935,200,
1790448005005,28.0737,200,
1790448005032,25.2812,200,
1790448005059,26.503,200,
1790448005088,27.8258,200,
1790448005115,26.0997,200,
1790448005144,28.0491,200,
1790448005174,28.8993,200,
1790448005204,28.5925,200,
1790448005230,25.389,200,
1790448005261,29.1655,200,
1790448005292,28.5917,200,
1790448005321,27.6613,200,
1790448005353,31.2247,200,
1790448005383,28.7184,200,
1790448005421,36.5421,200,
1790448005450,27.9104,200,
1790448005485,34.2662,200,
1790448005516,29.7409,200,
1790448005555,37.5414,200,
1790448005582,26.1119,200,
1790448005621,37.7253,200,
1790448005652,29.2809,200,
1790448005680,27.4422,200,
1790448005709,28.0559,200,
1790448005735,25.1956,200,
1790448005761,24.7633,200,
1790448005786,23.8195,200,
1790448005814,26.761,200,
1790448005841,26.1648,200,
1790448005873,31.79,200,
1790448005907,31.4496,200,
1790448005947,38.4879,200,
1790448005977,29.8921,200,
1790448006007,28.3549,200,
1790448006036,27.8927,200,
1790448006065,27.7171,200,
1790448006088,22.7631,200,
1790448006115,24.7909,200,
1790448006143,27.6519,200,
1790448006172,26.9883,200,
1790448006202,29.4483,200,
1790448006230,26.5536,200,
1790448006261,30.1746,200,
1790448006293,31.4924,200,
1790448006324,29.4523,200,
1790448006354,29.4328,200,
1790448006388,32.2805,200,
1790448006416,27.2891,200,
1790448006450,32.6001,200,
1790448006487,36.1099,200,
1790448006512,24.0595,200,
1790448006543,28.9299,200,
1790448006579,35.5283,200,
1790448006616,35.0063,200,
1790448006648,31.0045,200,
1790448006676,27.813,200,
1790448006698,21.1018,200,
1790448006730,30.5253,200,
1790448006756,25.145,200,
1790448006786,28.3682,200,
1790448006819,31.6772,200,
1790448006850,29.0898,200,
1790448006878,27.3827,200,
1790448006908,28.8558,200,
1790448006937,28.6171,200,
1790448006967,28.9852,200,
1790448006996,27.2089,200,
1790448007025,28.1498,200,
1790448007051,24.9961,200,
1790448007080,26.444,200,
1790448007105,25.3534,200,
1790448007135,28.7563,200,
1790448007165,29.0438,200,
1790448007193,26.6082,200,
1790448007219,24.8964,200,
1790448007249,28.7973,200,
1790448007280,30.181,200,
1790448007308,26.495,200,
1790448007356,46.967,200,
1790448007386,27.7747,200,
1790448007414,25.3239,200,
1790448007440,26.1603,200,
1790448007467,25.7985,200,
1790448007494,26.3862,200,
1790448007525,29.527,200,
1790448007550,24.66,200,
1790448007579,27.8483,200,
1790448007610,29.2612,200,
1790448007647,36.5221,200,
1790448007673,25.3677,200,
1790448007702,28.2281,200,
1790448007730,26.6459,200,
1790448007763,32.7013,200,
1790448007803,38.0374,200,
1790448007834,29.7512,200,
1790448007863,28.5515,200,
1790448007890,26.7331,200,
1790448007923,30.7308,200,
1790448007962,38.6949,200,
1790448007991,27.8947,200,
1790448008019,26.8477,200,
1790448008052,31.457,200,
1790448008080,27.6894,200,
1790448008108,26.7883,200,
1790448008131,22.7979,200,
1790448008162,28.6619,200,
1790448008191,28.0907,200,
1790448008218,25.9749,200,
1790448008250,31.3209,200,
1790448008278,26.7672,200,
1790448008306,27.8675,200,
1790448008338,29.828,200,
1790448008369,30.6829,200,
1790448008402,31.0451,200,
1790448008442,39.8085,200,
1790448008468,24.2983,200,
1790448008495,25.0631,200,
1790448008529,33.3807,200,
1790448008560,30.4327,200,
1790448008592,30.3782,200,
1790448008629,35.6792,200,
1790448008662,32.0908,200,
1790448008688,24.8677,200,
1790448008717,27.3268,200,
1790448008748,29.5416,200,
1790448008779,29.7169,200,
1790448008806,26.6986,200,
1790448008839,31.4872,200,
1790448008868,28.1836,200,
1790448008898,28.8173,200,
1790448008926,26.5472,200,
1790448008955,28.0673,200,
1790448008985,28.231,200,
1790448009010,24.2484,200,
1790448009039,27.4461,200,
1790448009069,28.9788,200,
1790448009098,27.753,200,
1790448009124,25.3673,200,
1790448009158,32.0617,200,
1790448009201,41.6425,200,
1790448009233,31.5495,200,
1790448009256,21.5417,200,
1790448009286,29.4354,200,
1790448009316,28.4171,200,
1790448009346,28.6301,200,
1790448009378,31.2637,200,
1790448009408,28.2661,200,
1790448009443,33.5122,200,
1790448009474,29.4485,200,
1790448009502,26.8263,200,
1790448009536,33.1968,200,
1790448009562,24.8614,200,
1790448009593,29.8827,200,
1790448009623,28.2003,200,
1790448009652,28.898,200,
1790448009680,26.795,200,
1790448009713,31.3576,200,
1790448009743,29.4117,200,
1790448009773,29.0129,200,
1790448009807,33.0283,200,
1790448009840,30.5304,200,
1790448009869,27.8015,200,
1790448009897,26.6515,200,
1790448009925,28.06,200,
1790448009951,24.9487,200,
1790448009981,29.4818,200,
1790448010015,31.5179,200,
1790448010044,27.7029,200,
1790448010071,26.3408,200,
1790448010097,25.7435,200,
1790448010128,29.0249,200,
1790448010160,31.1266,200,
1790448010193,32.4343,200,
1790448010221,27.6159,200,
1790448010248,25.5406,200,
1790448010282,34.2829,200,
1790448010308,24.5177,200,
1790448010337,27.2751,200,
1790448010376,37.4909,200,
1790448010415,37.8992,200,
1790448010450,34.1019,200,
1790448010494,41.7484,200,
1790448010585,89.777,200,
1790448010616,29.3612,200,
1790448010651,34.2113,200,
1790448010694,42.0103,200,
1790448010724,28.1713,200,
1790448010752,26.9301,200,
1790448010781,27.7124,200,
1790448010812,30.1119,200,
1790448010840,26.4683,200,
1790448010869,27.824,200,
1790448010897,27.5653,200,
1790448010929,30.6371,200,
1790448010963,32.5195,200,
1790448010991,26.2243,200,
1790448011023,31.1687,200,
1790448011056,31.865,200,
1790448011084,26.8652,200,
1790448011111,25.3581,200,
1790448011139,26.8925,200,
1790448011170,30.0517,200,
1790448011197,25.7214,200,
1790448011235,36.3866,200,
1790448011262,27.0564,200,
1790448011292,27.2583,200,
1790448011318,25.507,200,
1790448011363,44.0035,200,
1790448011403,38.7998,200,
1790448011438,32.9191,200,
1790448011470,31.4789,200,
1790448011505,32.6488,200,
1790448011535,28.9092,200,
1790448011564,28.5036,200,
1790448011598,32.2424,200,
1790448011627,28.1913,200,
1790448011667,39.2728,200,
1790448011694,25.5719,200,
1790448011720,24.9565,200,
1790448011748,27.0024,200,
1790448011777,27.4609,200,
1790448011808,29.6036,200,
1790448011843,34.2849,200,
1790448011875,31.33,200,
1790448011903,26.8635,200,
1790448011933,27.8423,200,
1790448011965,30.9367,200,
1790448011992,26.2018,200,
1790448012020,26.6598,200,
1790448012052,30.659,200,
1790448012078,25.0122,200,
1790448012108,29.3014,200,
1790448012145,31.8376,200,
1790448012183,37.1625,200,
1790448012216,32.2711,200,
1790448012245,27.3705,200,
1790448012277,31.7873,200,
1790448012309,30.0416,200,
1790448012341,30.4395,200,
1790448012370,27.602,200,
1790448012399,28.7001,200,
1790448012426,24.7951,200,
1790448012458,31.3942,200,
1790448012490,31.5821,200,
1790448012518,26.7458,200,
1790448012551,31.847,200,
1790448012593,41.4441,200,
1790448012620,24.8558,200,
1790448012650,27.5331,200,
1790448012683,29.7757,200,
1790448012711,27.7595,200,
1790448012738,26.7737,200,
1790448012767,27.1876,200,
1790448012801,32.3063,200,
1790448012837,35.7535,200,
1790448012868,29.7805,200,
1790448012897,27.0407,200,
1790448012931,33.3111,200,
1790448012960,27.9675,200,
1790448012992,30.4463,200,
1790448013019,26.8914,200,
1790448013048,27.14,200,
1790448013076,25.8102,200,
1790448013105,28.0204,200,
1790448013130,24.6258,200,
1790448013157,26.0029,200,
1790448013188,29.6997,200,
1790448013215,26.4128,200,
1790448013240,24.0397,200,
1790448013268,26.9699,200,
1790448013296,25.3597,200,
1790448013329,32.3378,200,
1790448013380,49.3947,200,
1790448013406,25.5707,200,
1790448013439,32.3782,200,
1790448013469,28.8847,200,
1790448013495,26.3254,200,
1790448013518,20.8229,200,
1790448013544,25.3701,200,
1790448013571,26.7617,200,
1790448013598,24.4511,200,
1790448013626,27.0712,200,
1790448013659,31.7085,200,
1790448013690,28.494,200,
1790448013721,30.0101,200,
1790448013746,24.8609,200,
1790448013783,35.0791,200,
1790448013810,25.9737,200,
1790448013837,26.7009,200,
1790448013867,29.0531,200,
1790448013898,29.4087,200,
1790448013921,22.828,200,
1790448013946,24.0957,200,
1790448013975,27.8598,200,
1790448014006,29.561,200,
1790448014029,22.9019,200,
1790448014058,27.5442,200,
1790448014084,25.4164,200,
1790448014114,27.9965,200,
1790448014153,40.1993,200,
1790448014188,31.5203,200,
1790448014225,35.7952,200,
1790448014254,28.507,200,
1790448014289,33.2845,200,
1790448014317,27.0156,200,
1790448014346,27.9299,200,
1790448014383,35.111,200,
1790448014410,25.1094,200,
1790448014439,28.8488,200,
1790448014471,30.0055,200,
1790448014504,31.0713,200,
1790448014534,28.0005,200,
1790448014563,28.2995,200,
1790448014596,32.0715,200,
1790448014621,23.6563,200,
1790448014644,22.393,200,
1790448014675,30.0728,200,
1790448014703,26.4512,200,
1790448014726,22.1588,200,
1790448014754,27.3076,200,
1790448014787,31.4259,200,
1790448014822,33.8541,200,
1790448014851,26.6221,200,
1790448014879,27.3541,200,
1790448014914,34.3579,200,
1790448014945,29.7745,200,
1790448014977,30.7394,200,
1790448015010,31.7833,200,
1790448015039,27.9009,200,
1790448015064,24.1586,200,
1790448015096,28.3236,200,
1790448015121,24.7794,200,
1790448015150,27.2434,200,
1790448015178,27.7088,200,
1790448015211,30.1065,200,
1790448015240,27.6348,200,
1790448015264,23.5249,200,
1790448015293,28.6807,200,
1790448015331,35.7064,200,
1790448015367,34.0379,200,
1790448015398,31.1971,200,
1790448015430,30.3219,200,
1790448015462,30.6349,200,
1790448015497,33.6913,200,
1790448015531,32.7942,200,
1790448015562,29.9624,200,
1790448015593,28.6751,200,
1790448015621,27.7547,200,
1790448015651,28.3072,200,
1790448015682,29.4866,200,
1790448015707,24.505,200,
1790448015735,26.8279,200,
1790448015763,26.7838,200,
1790448015788,25.0009,200,
1790448015814,24.7323,200,
1790448015842,26.5003,200,
1790448015870,27.3459,200,
1790448015903,31.7826,200,
1790448015938,34.0326,200,
1790448015972,33.073,200,
1790448016011,37.4129,200,
1790448016040,27.9169,200,
1790448016068,27.1383,200,
1790448016096,27.1137,200,
1790448016123,25.8756,200,
1790448016151,27.5775,200,
1790448016178,25.8606,200,
1790448016206,26.8281,200,
1790448016230,22.8597,200,
1790448016257,26.6668,200,
1790448016287,28.8813,200,
1790448016315,26.7583,200,
1790448016344,27.6372,200,
1790448016370,25.0213,200,
1790448016399,28.5218,200,
1790448016434,32.9351,200,
1790448016461,25.7859,200,
1790448016492,30.2969,200,
1790448016523,30.3344,200,
1790448016552,27.5708,200,
1790448016579,27.3987,200,
1790448016616,35.8163,200,
1790448016646,27.6348,200,
1790448016675,28.5134,200,
1790448016705,28.7719,200,
1790448016736,28.4294,200,
1790448016762,26.1383,200,
1790448016790,26.2171,200,
1790448016821,30.6347,200,
1790448016852,29.8982,200,
1790448016885,31.4672,200,
1790448016914,28.0537,200,
1790448016944,28.894,200,
1790448016970,25.2624,200,
1790448017000,28.323,200,
1790448017026,24.9521,200,
1790448017055,27.7519,200,
1790448017080,23.7805,200,
1790448017109,29.0471,200,
1790448017136,26.2234,200,
1790448017164,26.1298,200,
1790448017194,29.857,200,
1790448017230,33.1657,200,
1790448017261,30.1675,200,
1790448017292,29.5253,200,
1790448017319,25.8188,200,
1790448017346,28.1135,200,
1790448017376,28.1741,200,
1790448017405,27.0472,200,
1790448017432,26.345,200,
1790448017472,36.6386,200,
1790448017499,26.8681,200,
1790448017527,26.3991,200,
1790448017556,28.3401,200,
1790448017591,34.1297,200,
1790448017624,31.7234,200,
1790448017655,31.0324,200,
1790448017685,28.4738,200,
1790448017719,32.4221,200,
1790448017750,29.077,200,
1790448017781,29.9875,200,
1790448017812,30.4038,200,
1790448017840,27.8081,200,
1790448017872,29.6252,200,
1790448017916,42.9033,200,
1790448017945,28.8841,200,
1790448017975,29.392,200,
1790448018003,26.5299,200,
1790448018030,26.5927,200,
1790448018059,28.1338,200,
1790448018088,26.9478,200,
1790448018116,27.405,200,
1790448018142,25.1395,200,
1790448018174,30.4577,200,
1790448018205,30.3568,200,
1790448018235,28.8581,200,
1790448018271,33.7293,200,
1790448018308,34.7991,200,
1790448018340,31.2409,200,
1790448018372,30.1181,200,
1790448018415,42.8124,200,
1790448018443,26.1993,200,
1790448018478,33.5377,200,
1790448018504,25.7486,200,
1790448018530,25.615,200,
1790448018564,32.6734,200,
1790448018596,31.8692,200,
1790448018624,26.217,200,
1790448018660,33.8307,200,
1790448018690,30.0044,200,
1790448018720,28.4019,200,
1790448018751,29.9586,200,
1790448018778,26.6628,200,
1790448018809,28.8944,200,
1790448018839,29.6621,200,
1790448018870,29.6173,200,
1790448018902,30.6301,200,
1790448018930,27.9799,200,
1790448018956,24.9944,200,
1790448018989,31.662,200,
1790448019020,29.7241,200,
1790448019052,30.1567,200,
1790448019076,22.7707,200,
1790448019107,31.5289,200,
1790448019140,30.4774,200,
1790448019180,38.8735,200,
1790448019209,27.8072,200,
1790448019235,25.234,200,
1790448019266,29.9599,200,
1790448019302,35.2114,200,
1790448019333,30.0537,200,
1790448019360,26.6498,200,
1790448019393,31.2137,200,
1790448019422,28.3651,200,
1790448019449,25.84,200,
1790448019480,29.6092,200,
1790448019518,37.3123,200,
1790448019547,26.9139,200,
1790448019576,28.8608,200,
1790448019612,34.3091,200,
1790448019640,27.7574,200,
1790448019668,27.0673,200,
1790448019696,26.3188,200,
1790448019731,34.2814,200,
1790448019760,27.7976,200,
1790448019787,27.3591,200,
1790448019819,31.0023,200,
1790448019857,34.1377,200,
1790448019891,32.9933,200,
1790448019920,28.3055,200,
1790448019951,29.6296,200,
1790448019982,30.5042,200,
1790448020012,28.5832,200,
1790448020042,29.2401,200,
1790448020072,29.0956,200,
1790448020101,28.1303,200,
1790448020128,25.1341,200,
1790448020154,25.3053,200,
1790448020184,29.5829,200,
1790448020215,29.2774,200,
1790448020244,28.6816,200,
1790448020271,25.6358,200,
1790448020308,36.4918,200,
1790448020336,26.5664,200,
1790448020366,29.6662,200,
1790448020399,31.5146,200,
1790448020434,34.1267,200,
1790448020475,39.3197,200,
1790448020515,39.5333,200,
1790448020599,82.0663,200,
1790448020644,43.5806,200,
1790448020679,33.4416,200,
1790448020714,33.416,200,
1790448020750,34.6389,200,
1790448020780,28.8291,200,
1790448020812,32.198,200,
1790448020839,25.9593,200,
1790448020869,28.7489,200,
1790448020900,30.1837,200,
1790448020935,33.9923,200,
1790448020968,31.0008,200,
1790448020997,27.9083,200,
1790448021026,29.0623,200,
1790448021055,26.8138,200,
1790448021078,22.1103,200,
1790448021101,22.7037,200,
1790448021133,29.579,200,
1790448021160,27.1744,200,
1790448021184,22.7629,200,
1790448021213,28.4071,200,
1790448021241,26.9604,200,
1790448021272,29.8232,200,
1790448021305,31.8958,200,
1790448021341,34.2562,200,
1790448021372,29.8721,200,
1790448021430,56.6788,200,
1790448021525,94.4035,200,
1790448021553,26.7697,200,
1790448021595,40.5415,200,
1790448021646,48.4423,200,
1790448021762,114.6311,200,
1790448021790,27.1526,200,
1790448021816,25.0411,200,
1790448021844,26.6423,200,
1790448021873,29.1865,200,
1790448021905,30.8467,200,
1790448021939,32.153,200,
1790448021968,28.1928,200,
1790448021996,28.056,200,
1790448022026,27.6988,200,
1790448022054,27.4768,200,
1790448022083,28.4454,200,
1790448022113,27.4021,200,
1790448022140,26.8169,200,
1790448022167,25.1866,200,
1790448022197,29.8331,200,
1790448022223,25.5598,200,
1790448022252,28.0275,200,
1790448022288,34.3402,200,
1790448022316,26.5776,200,
1790448022352,34.6724,200,
1790448022382,28.9254,200,
1790448022407,25.3075,200,
1790448022440,30.9106,200,
1790448022468,26.167,200,
1790448022498,28.4238,200,
1790448022547,47.6614,200,
1790448022576,28.753,200,
1790448022607,30.5056,200,
1790448022644,34.2783,200,
1790448022675,30.3189,200,
1790448022706,29.5839,200,
1790448022738,29.9237,200,
1790448022776,36.8805,200,
1790448022804,26.4802,200,
1790448022833,28.4275,200,
1790448022866,31.6634,200,
1790448022898,30.82,200,
1790448022928,28.4003,200,
1790448022957,28.3491,200,
1790448022987,28.8047,200,
1790448023019,30.8669,200,
1790448023046,25.7162,200,
1790448023083,34.7416,200,
1790448023110,26.4237,200,
1790448023144,26.6619,200,
1790448023176,26.7417,200,
1790448023211,26.4011,200,
1790448023241,25.5622,200,
1790448023273,25.9311,200,
1790448023306,28.2105,200,
1790448023361,47.8556,200,
1790448023401,39.4755,200,
1790448023448,44.9793,200,
1790448023480,30.1353,200,
1790448023514,27.9657,200,
1790448023547,28.5395,200,
1790448023583,29.6252,200,
1790448023617,32.7365,200,
1790448023646,27.6098,200,
1790448023684,36.7564,200,
1790448023725,38.7068,200,
1790448023760,33.0655,200,
1790448023788,28.2627,200,
1790448023832,42.6736,200,
1790448023862,29.5675,200,
1790448023891,26.905,200,
1790448023919,25.8212,200,
1790448023948,28.3057,200,
1790448023975,26.1821,200,
1790448024004,27.8266,200,
1790448024032,27.7346,200,
1790448024060,26.2179,200,
1790448024089,27.2207,200,
1790448024117,27.3471,200,
1790448024156,37.7102,200,
1790448024190,32.1039,200,
1790448024219,28.0732,200,
1790448024247,26.8689,200,
1790448024276,27.8207,200,
1790448024307,30.6429,200,
1790448024337,28.73,200,
1790448024364,25.5721,200,
1790448024395,29.469,200,
1790448024426,31.1052,200,
1790448024455,28.1771,200,
1790448024483,26.9018,200,
1790448024516,30.7453,200,
1790448024551,34.3787,200,
1790448024580,26.9602,200,
1790448024615,34.1459,200,
1790448024645,29.5421,200,
1790448024674,27.0582,200,
1790448024703,27.6118,200,
1790448024727,24.8355,200,
1790448024756,26.701,200,
1790448024791,34.4592,200,
1790448024820,27.3513,200,
1790448024848,25.9623,200,
1790448024879,30.755,200,
1790448024913,31.7891,200,
1790448024942,27.5025,200,
1790448024972,28.9486,200,
1790448024998,24.8334,200,
1790448025022,23.2827,200,
1790448025050,27.3764,200,
1790448025077,25.7678,200,
1790448025103,24.5108,200,
1790448025128,24.9808,200,
1790448025156,26.9256,200,
1790448025183,25.4101,200,
1790448025209,25.811,200,
1790448025246,35.6463,200,
1790448025274,26.8644,200,
1790448025309,33.5135,200,
1790448025332,22.9011,200,
1790448025359,25.6745,200,
1790448025387,26.4558,200,
1790448025418,29.492,200,
1790448025445,26.7979,200,
1790448025475,29.665,200,
1790448025505,27.6853,200,
1790448025535,29.4707,200,
1790448025567,29.5539,200,
1790448025595,27.5172,200,
1790448025620,23.3168,200,
1790448025644,24.7176,200,
1790448025674,27.6161,200,
1790448025698,23.464,200,
1790448025724,24.6042,200,
1790448025749,23.7454,200,
1790448025777,26.4845,200,
1790448025803,24.4016,200,
1790448025828,23.9838,200,
1790448025852,23.5649,200,
1790448025879,25.585,200,
1790448025904,23.8783,200,
1790448025938,32.3916,200,
1790448025968,27.4356,200,
1790448025999,30.2154,200,
1790448026024,23.5859,200,
1790448026056,30.3908,200,
1790448026099,41.8582,200,
1790448026125,25.2636,200,
1790448026151,25.254,200,
1790448026182,29.0578,200,
1790448026209,25.9759,200,
1790448026238,27.1378,200,
1790448026270,32.0291,200,
1790448026298,26.2921,200,
1790448026326,26.7823,200,
1790448026355,27.0322,200,
1790448026387,30.6516,200,
1790448026410,22.7113,200,
1790448026441,30.2496,200,
1790448026470,26.9934,200,
1790448026498,26.9036,200,
1790448026532,33.3469,200,
1790448026561,27.44,200,
1790448026591,30.4081,200,
1790448026618,24.7477,200,
1790448026648,28.9419,200,
1790448026678,28.8984,200,
1790448026704,25.0679,200,
1790448026728,23.3743,200,
1790448026757,28.3221,200,
1790448026789,30.3825,200,
1790448026820,28.9544,200,
1790448026856,35.2814,200,
1790448026888,31.1959,200,
1790448026914,25.3899,200,
1790448026942,27.0427,200,
1790448026971,27.5692,200,
1790448026996,24.2382,200,
1790448027024,26.6018,200,
1790448027054,29.4346,200,
1790448027084,29.2524,200,
1790448027113,27.5531,200,
1790448027139,25.007,200,
1790448027168,28.6542,200,
1790448027195,25.7588,200,
1790448027224,27.9208,200,
1790448027262,36.6955,200,
1790448027292,28.8584,200,
1790448027327,33.947,200,
1790448027355,27.1006,200,
1790448027388,31.0932,200,
1790448027419,30.8611,200,
1790448027449,28.3375,200,
1790448027476,26.7835,200,
1790448027505,27.604,200,
1790448027534,26.9188,200,
1790448027563,27.7607,200,
1790448027592,28.5188,200,
1790448027623,29.5432,200,
1790448027653,30.5509,200,
1790448027680,24.2876,200,
1790448027711,30.7955,200,
1790448027750,37.5963,200,
1790448027783,31.412,200,
1790448027813,28.5094,200,
1790448027844,29.9157,200,
1790448027876,29.4494,200,
1790448027905,27.4277,200,
1790448027934,27.9043,200,
1790448027967,31.5416,200,
1790448028002,34.2381,200,
1790448028050,47.4794,200,
1790448028086,33.9102,200,
1790448028110,23.6408,200,
1790448028140,28.4083,200,
1790448028164,23.1535,200,
1790448028191,26.0609,200,
1790448028232,40.3372,200,
1790448028267,34.6303,200,
1790448028300,31.1553,200,
1790448028337,35.2566,200,
1790448028378,40.135,200,
1790448028412,32.6876,200,
1790448028441,28.0477,200,
1790448028474,30.5372,200,
1790448028498,23.7767,200,
1790448028524,25.2601,200,
1790448028554,28.184,200,
1790448028585,30.3615,200,
1790448028613,26.0423,200,
1790448028639,25.5794,200,
1790448028681,40.5829,200,
1790448028718,34.9956,200,
1790448028760,40.9264,200,
1790448028787,26.459,200,
1790448028816,28.4388,200,
1790448028847,29.0482,200,
1790448028876,28.5676,200,
1790448028902,25.6411,200,
1790448028933,29.3537,200,
1790448028963,28.1835,200,
1790448028990,26.667,200,
1790448029020,29.1701,200,
1790448029051,29.7782,200,
1790448029078,25.7042,200,
1790448029103,24.1905,200,
1790448029132,28.4354,200,
1790448029162,29.16,200,
1790448029190,27.1645,200,
1790448029220,28.0594,200,
1790448029246,26.5886,200,
1790448029279,30.4872,200,
1790448029307,27.67,200,
1790448029349,40.798,200,
1790448029382,31.9404,200,
1790448029410,27.3929,200,
1790448029441,29.2257,200,
1790448029472,29.6958,200,
1790448029506,32.3759,200,
1790448029536,28.4799,200,
1790448029566,29.3499,200,
1790448029598,30.4988,200,
1790448029627,27.2241,200,
1790448029653,25.8397,200,
1790448029684,30.2091,200,
1790448029711,26.3677,200,
1790448029739,26.9453,200,
1790448029765,24.5815,200,
1790448029797,30.1303,200,
1790448029825,28.5819,200,
1790448029859,31.4558,200,
1790448029889,28.5643,200,
1790448029924,33.5835,200,
1790448029961,35.9473,200,
1790448029991,28.7068,200,
1790448030029,37.6748,200,
1790448030057,27.1085,200,
1790448030088,28.9136,200,
1790448030115,25.442,200,
1790448030144,28.3715,200,
1790448030173,28.4806,200,
1790448030202,27.4511,200,
1790448030230,28.6065,200,
1790448030269,35.124,200,
1790448030300,29.6749,200,
1790448030327,25.7329,200,
1790448030354,26.3192,200,
1790448030383,27.8349,200,
1790448030416,31.7369,200,
1790448030454,36.5674,200,
1790448030492,36.3263,200,
1790448030550,56.7822,200,
1790448030601,49.0843,200,
1790448030649,46.9104,200,
1790448030723,73.1161,200,
1790448030752,27.5543,200,
1790448030780,27.5753,200,
1790448030811,29.6811,200,
1790448030842,30.0744,200,
1790448030872,29.2576,200,
1790448030900,26.4678,200,
1790448030932,30.7756,200,
1790448030971,37.0586,200,
1790448031002,29.6532,200,
1790448031031,27.768,200,
1790448031061,29.2925,200,
1790448031085,24.0414,200,
1790448031111,23.7391,200,
1790448031137,24.5009,200,
1790448031165,27.0962,200,
1790448031195,28.873,200,
1790448031227,30.9496,200,
1790448031255,27.3397,200,
1790448031286,29.7303,200,
1790448031327,39.6423,200,
1790448031361,32.9439,200,
1790448031400,36.8357,200,
1790448031454,54.038,200,
1790448031481,24.7658,200,
1790448031511,29.3564,200,
1790448031542,29.5559,200,
1790448031567,24.1371,200,
1790448031599,30.908,200,
1790448031631,31.4866,200,
1790448031663,30.3594,200,
1790448031702,38.1463,200,
1790448031749,45.8191,200,
1790448031779,28.6532,200,
1790448031806,26.1528,200,
1790448031834,26.1301,200,
1790448031864,29.4005,200,
1790448031892,27.0676,200,
1790448031927,33.2628,200,
1790448031958,30.0494,200,
1790448031986,26.0722,200,
1790448032011,25.0701,200,
1790448032040,26.4044,200,
1790448032070,28.6821,200,
1790448032095,24.7906,200,
1790448032123,27.2138,200,
1790448032167,42.786,200,
1790448032192,23.9785,200,
1790448032220,26.7371,200,
1790448032247,26.2035,200,
1790448032276,27.3191,200,
1790448032307,28.9398,200,
1790448032339,30.1385,200,
1790448032369,29.2621,200,
1790448032406,34.8237,200,
1790448032432,25.1704,200,
1790448032465,31.5886,200,
1790448032494,28.7435,200,
1790448032527,31.2359,200,
1790448032579,51.0278,200,
1790448032615,34.3516,200,
1790448032647,30.8542,200,
1790448032683,34.285,200,
1790448032708,25.071,200,
1790448032744,33.7824,200,
1790448032778,31.8319,200,
1790448032807,28.0384,200,
1790448032837,28.8683,200,
1790448032866,28.0359,200,
1790448032897,28.9879,200,
1790448032927,29.389,200,
1790448032961,32.3858,200,
1790448032989,27.0229,200,
1790448033014,24.123,200,
1790448033039,23.3372,200,
1790448033074,34.0238,200,
1790448033101,26.5299,200,
1790448033133,30.9396,200,
1790448033163,28.1491,200,
1790448033192,27.7979,200,
1790448033223,29.883,200,
1790448033252,28.4955,200,
1790448033282,29.2829,200,
1790448033313,29.0968,200,
1790448033346,32.5257,200,
1790448033378,30.9838,200,
1790448033412,32.8178,200,
1790448033443,29.2963,200,
1790448033469,24.7797,200,
1790448033501,30.6632,200,
1790448033528,26.1853,200,
1790448033557,28.9501,200,
1790448033590,30.6605,200,
1790448033623,32.1482,200,
1790448033655,30.8945,200,
1790448033684,28.7428,200,
1790448033715,29.1065,200,
1790448033743,27.1646,200,
1790448033773,28.8677,200,
1790448033801,27.4422,200,
1790448033827,24.4734,200,
1790448033865,37.4513,200,
1790448033969,103.2428,200,
1790448033997,26.6648,200,
1790448034026,26.797,200,
1790448034066,40.1521,200,
1790448034164,96.343,200,
1790448034272,106.1674,200,
1790448034354,81.3748,200,
1790448034392,36.6009,200,
1790448034420,26.6921,200,
1790448034448,26.7731,200,
1790448034488,38.4056,200,
1790448034519,30.6471,200,
1790448034566,46.1104,200,
1790448034667,99.7885,200,
1790448034781,112.8754,200,
1790448034879,95.8707,200,
1790448034909,28.5901,200,
1790448034988,78.2948,200,
1790448035088,99.3333,200,
1790448035160,70.3953,200,
1790448035189,27.2012,200,
1790448035219,28.2078,200,
1790448035245,24.5475,200,
1790448035279,32.762,200,
1790448035307,28.1782,200,
1790448035337,28.0056,200,
1790448035377,31.2498,200,
1790448035406,26.869,200,
1790448035435,27.8736,200,
1790448035465,29.4026,200,
1790448035496,29.8569,200,
1790448035528,30.5291,200,
1790448035559,29.6301,200,
1790448035588,27.433,200,
1790448035618,29.0617,200,
1790448035645,26.511,200,
1790448035674,27.2426,200,
1790448035702,27.7993,200,
1790448035728,25.4313,200,
1790448035755,25.5785,200,
1790448035786,29.4115,200,
1790448035810,22.9995,200,
1790448035835,24.801,200,
1790448035869,33.0404,200,
1790448035894,23.3219,200,
1790448035921,25.8088,200,
1790448035957,35.2008,200,
1790448035989,31.3445,200,
1790448036018,27.611,200,
1790448036044,24.8826,200,
1790448036068,23.4186,200,
1790448036094,24.708,200,
1790448036124,28.6309,200,
1790448036156,31.7881,200,
1790448036191,32.9374,200,
1790448036222,30.2002,200,
1790448036256,32.7679,200,
1790448036287,29.5145,200,
1790448036316,28.3741,200,
1790448036346,28.9863,200,
1790448036377,28.8476,200,
1790448036408,30.1463,200,
1790448036440,29.8016,200,
1790448036476,34.497,200,
1790448036509,31.8413,200,
1790448036540,29.9659,200,
1790448036569,28.6095,200,
1790448036598,28.0259,200,
1790448036626,26.4169,200,
1790448036660,33.691,200,
1790448036694,32.5565,200,
1790448036724,28.2741,200,
1790448036752,27.3843,200,
1790448036781,27.7802,200,
1790448036830,46.3878,200,
1790448036860,29.0747,200,
1790448036892,31.135,200,
1790448036921,27.9295,200,
1790448036950,27.6584,200,
1790448036982,31.3331,200,
1790448037010,26.4706,200,
1790448037037,26.1149,200,
1790448037065,26.7567,200,
1790448037096,29.4728,200,
1790448037121,24.551,200,
1790448037150,27.9312,200,
1790448037182,30.2794,200,
1790448037207,24.7561,200,
1790448037240,29.3043,200,
1790448037274,32.8114,200,
1790448037311,36.3728,200,
1790448037343,29.7863,200,
1790448037382,35.8239,200,
1790448037412,28.9785,200,
1790448037438,24.8579,200,
1790448037466,26.5437,200,
1790448037494,27.0949,200,
1790448037521,25.7396,200,
1790448037548,26.2532,200,
1790448037578,29.343,200,
1790448037606,26.4807,200,
1790448037632,25.2177,200,
1790448037661,28.3713,200,
1790448037693,30.5037,200,
1790448037718,24.339,200,
1790448037744,24.2127,200,
1790448037771,26.7584,200,
1790448037798,26.6249,200,
1790448037821,21.6404,200,
1790448037845,21.8853,200,
1790448037871,26.1941,200,
1790448037907,32.8633,200,
1790448037933,24.9785,200,
1790448037963,29.418,200,
1790448037994,29.4636,200,
1790448038023,28.184,200,
1790448038051,26.0523,200,
1790448038084,32.0012,200,
1790448038109,24.1159,200,
1790448038136,25.3386,200,
1790448038167,29.5886,200,
1790448038197,28.3977,200,
1790448038222,25.6943,200,
1790448038249,22.4507,200,
1790448038278,28.0649,200,
1790448038308,29.1489,200,
1790448038336,26.6903,200,
1790448038370,33.435,200,
1790448038432,57.932,200,
1790448038461,28.8158,200,
1790448038491,29.0113,200,
1790448038515,23.0567,200,
1790448038538,21.6253,200,
1790448038565,26.7085,200,
1790448038595,28.154,200,
1790448038616,21.2454,200,
1790448038643,25.2219,200,
1790448038674,30.1084,200,
1790448038700,25.2471,200,
1790448038728,26.4476,200,
1790448038777,47.3815,200,
1790448038828,49.4223,200,
1790448038858,29.0439,200,
1790448038890,31.4852,200,
1790448038918,26.336,200,
1790448038942,22.7507,200,
1790448038969,26.1888,200,
1790448038996,25.5101,200,
1790448039020,23.6947,200,
1790448039045,24.6884,200,
1790448039074,27.7289,200,
1790448039100,25.0964,200,
1790448039129,27.8363,200,
1790448039155,24.7414,200,
1790448039184,27.3763,200,
1790448039212,26.85,200,
1790448039244,30.8865,200,
1790448039324,78.92,200,
1790448039350,24.8732,200,
1790448039380,28.7912,200,
1790448039409,28.6811,200,
1790448039438,27.7395,200,
1790448039471,31.7888,200,
1790448039503,30.3428,200,
1790448039529,24.442,200,
1790448039556,26.8897,200,
1790448039586,28.6404,200,
1790448039610,22.9049,200,
1790448039635,23.0243,200,
1790448039664,27.8986,200,
1790448039698,32.828,200,
1790448039720,21.3303,200,
1790448039750,28.1814,200,
1790448039779,29.1546,200,
1790448039804,23.3025,200,
1790448039829,24.7699,200,
1790448039857,26.8263,200,
1790448039890,31.6596,200,
1790448039919,27.1851,200,
1790448039945,24.7314,200,
1790448039973,27.3826,200,
1790448040002,27.8101,200,
1790448040035,31.7043,200,
1790448040065,29.4588,200,
1790448040098,31.3127,200,
1790448040131,31.6807,200,
1790448040158,25.0681,200,
1790448040185,26.2457,200,
1790448040211,25.65,200,
1790448040243,30.2056,200,
1790448040277,33.3419,200,
1790448040309,30.5159,200,
1790448040341,31.9634,200,
1790448040370,27.2183,200,
1790448040405,34.7233,200,
1790448040438,31.4751,200,
1790448040484,44.1142,200,
1790448040522,37.4946,200,
1790448040566,42.2173,200,
1790448040634,67.0434,200,
1790448040679,42.6033,200,
1790448040715,34.8928,200,
1790448040750,34.3154,200,
1790448040779,28.4935,200,
1790448040805,25.4112,200,
1790448040841,35.0667,200,
1790448040873,30.4717,200,
1790448040904,29.6938,200,
1790448040935,29.651,200,
1790448040969,32.2594,200,
1790448041001,30.4178,200,
1790448041030,28.1378,200,
1790448041056,25.1383,200,
1790448041083,26.1599,200,
1790448041112,27.3346,200,
1790448041140,26.0376,200,
1790448041167,26.761,200,
1790448041192,23.5122,200,
1790448041223,29.4817,200,
1790448041253,27.8667,200,
1790448041283,28.4073,200,
1790448041309,25.7489,200,
1790448041336,25.3043,200,
1790448041370,32.3085,200,
1790448041399,28.5296,200,
1790448041434,33.7321,200,
1790448041466,30.681,200,
1790448041497,29.4972,200,
1790448041546,48.2105,200,
1790448041572,24.4063,200,
1790448041606,32.5358,200,
1790448041642,34.6054,200,
1790448041674,31.2617,200,
1790448041707,31.7128,200,
1790448041742,32.093,200,
1790448041773,30.5389,200,
1790448041803,28.5559,200,
1790448041867,62.7747,200,
1790448041894,26.9516,200,
1790448041922,27.0368,200,
1790448041956,32.1664,200,
1790448041991,33.2046,200,
1790448042017,25.1449,200,
1790448042042,24.6454,200,
1790448042066,23.3812,200,
1790448042095,25.7192,200,
1790448042122,25.9828,200,
1790448042151,28.7919,200,
1790448042178,24.867,200,
1790448042207,28.7011,200,
1790448042239,31.0177,200,
1790448042269,28.7116,200,
1790448042300,29.9145,200,
1790448042326,24.8784,200,
1790448042362,34.5791,200,
1790448042391,27.5433,200,
1790448042424,31.0603,200,
1790448042452,27.0546,200,
1790448042480,27.4291,200,
1790448042510,27.9014,200,
1790448042561,49.943,200,
1790448042594,31.5031,200,
1790448042626,31.2683,200,
1790448042657,29.6387,200,
1790448042693,34.2254,200,
1790448042724,30.5438,200,
1790448042757,31.0912,200,
1790448042787,28.4211,200,
1790448042828,39.6258,200,
1790448042860,29.7223,200,
1790448042888,27.3586,200,
1790448042922,32.3898,200,
1790448042951,28.4714,200,
1790448042987,34.5371,200,
1790448043019,31.5668,200,
1790448043047,26.3625,200,
1790448043076,27.562,200,
1790448043105,28.1274,200,
1790448043135,28.4006,200,
1790448043170,34.5714,200,
1790448043198,26.5311,200,
1790448043227,28.1927,200,
1790448043259,31.8835,200,
1790448043291,31.2272,200,
1790448043319,25.5876,200,
1790448043346,26.039,200,
1790448043382,35.5268,200,
1790448043413,29.4651,200,
1790448043451,37.0687,200,
1790448043485,32.2423,200,
1790448043513,26.668,200,
1790448043540,26.2255,200,
1790448043566,24.8247,200,
1790448043600,32.663,200,
1790448043629,28.5329,200,
1790448043657,27.2849,200,
1790448043687,28.0633,200,
1790448043722,34.4941,200,
1790448043750,27.4626,200,
1790448043779,27.5017,200,
1790448043816,35.0401,200,
1790448043846,28.8455,200,
1790448043875,28.307,200,
1790448043907,31.7915,200,
1790448043936,27.4302,200,
1790448043963,26.2879,200,
1790448043991,27.1527,200,
1790448044022,29.3613,200,
1790448044050,26.6326,200,
1790448044076,24.6145,200,
1790448044102,25.2418,200,
1790448044133,30.2028,200,
1790448044159,24.9396,200,
1790448044190,29.7784,200,
1790448044221,30.3136,200,
1790448044252,29.2648,200,
1790448044280,27.4933,200,
1790448044308,25.3403,200,
1790448044335,26.1884,200,
1790448044361,25.2682,200,
1790448044397,33.4345,200,
1790448044422,24.6979,200,
1790448044451,28.3713,200,
1790448044490,37.1236,200,
1790448044524,32.5531,200,
1790448044558,33.373,200,
1790448044592,33.1619,200,
1790448044623,29.1055,200,
1790448044651,27.2841,200,
1790448044679,26.4576,200,
1790448044721,41.2703,200,
1790448044756,33.7006,200,
1790448044790,32.6657,200,
1790448044818,28.0099,200,
1790448044851,30.8841,200,
1790448044884,31.0075,200,
1790448044918,32.2738,200,
1790448044949,29.4685,200,
1790448044977,27.8648,200,
1790448045003,24.8998,200,
1790448045033,29.4062,200,
1790448045068,32.1069,200,
1790448045102,33.6234,200,
1790448045131,27.323,200,
1790448045162,30.5421,200,
1790448045188,25.0128,200,
1790448045219,30.7076,200,
1790448045249,27.9751,200,
1790448045284,34.1277,200,
1790448045314,27.9938,200,
1790448045341,26.4641,200,
1790448045377,34.7054,200,
1790448045406,28.0438,200,
1790448045434,26.6543,200,
1790448045464,28.9065,200,
1790448045494,28.7277,200,
1790448045527,31.7323,200,
1790448045560,31.5915,200,
1790448045599,37.1895,200,
1790448045634,34.2966,200,
1790448045664,27.9716,200,
1790448045691,26.3658,200,
1790448045720,26.8884,200,
1790448045749,28.7948,200,
1790448045776,26.5925,200,
1790448045810,32.0959,200,
1790448045838,26.9405,200,
1790448045869,31.015,200,
1790448045897,26.8775,200,
1790448045924,25.2571,200,
1790448045958,33.0599,200,
1790448045991,30.0791,200,
1790448046045,28.1725,200,
1790448046101,31.9428,200,
1790448046127,24.683,200,
1790448046156,26.9786,200,
1790448046184,26.94,200,
1790448046211,26.6039,200,
1790448046242,29.7448,200,
1790448046268,25.5895,200,
1790448046293,23.2192,200,
1790448046324,30.2772,200,
1790448046351,25.8535,200,
1790448046383,30.022,200,
1790448046418,33.3342,200,
1790448046470,28.7003,200,
1790448046524,26.7043,200,
1790448046553,28.8959,200,
1790448046581,26.6804,200,
1790448046610,27.2987,200,
1790448046642,30.6588,200,
1790448046670,27.7715,200,
1790448046700,27.9611,200,
1790448046732,30.4166,200,
1790448046763,30.2287,200,
1790448046792,27.9121,200,
1790448046821,28.1085,200,
1790448046851,28.2402,200,
1790448046881,29.7355,200,
1790448046908,25.995,200,
1790448046937,27.0594,200,
1790448046966,28.3726,200,
1790448046993,26.3291,200,
1790448047018,24.2018,200,
1790448047051,31.9372,200,
1790448047159,106.6472,200,
1790448047254,94.4558,200,
1790448047278,22.7309,200,
1790448047461,182.0056,200,
1790448047558,95.4986,200,
1790448047662,103.9324,200,
1790448047768,103.2459,200,
1790448047863,94.5077,200,
1790448047972,108.6798,200,
1790448048061,87.7321,200,
1790448048247,185.0142,200,
1790448048453,204.2584,200,
1790448048651,196.4379,200,
1790448048756,104.5519,200,
1790448048866,108.3755,200,
1790448049053,186.6168,200,
1790448049176,121.4104,200,
1790448049255,77.1473,200,
1790448049359,101.7537,200,
1790448049384,23.8646,200,
1790448049467,82.747,200,
