epochMs,elapsedMs,statusCode,error
1790456213663,430.8171,200,
1790456213968,295.8799,200,
1790456214553,583.7172,200,
1790456214961,406.4534,200,
1790456215262,300.092,200,
1790456215376,112.1194,200,
1790456215555,177.873,200,
1790456215949,392.6754,200,
1790456216257,306.6969,200,
1790456220155,3897.0627,200,
1790456224264,4107.3812,200,
1790456228970,4703.8552,200,
1790456233343,4371.8536,200,
1790456238058,4713.9279,200,
1790456242804,4745.2468,200,
1790456247348,4542.1561,200,
1790456249452,2102.6705,200,
1790456249752,299.1405,200,
1790456252941,3187.8671,200,
1790456253156,212.9449,200,
1790456253336,178.5636,200,
1790456253368,30.5578,200,
1790456253649,281.9751,200,
1790456254252,600.466,200,
1790456254548,294.4172,200,
1790456254855,306.0937,200,
1790456254957,101.0727,200,
1790456255144,185.5572,200,
1790456255260,114.4682,200,
1790456255459,198.0994,200,
1790456255542,82.1657,200,
1790456255658,114.0864,200,
1790456255763,104.2036,200,
1790456255860,96.3653,200,
1790456256056,195.4958,200,
1790456256163,104.7105,200,
1790456256536,371.8188,200,
1790456257045,508.0682,200,
1790456257355,307.9827,200,
1790456257463,106.3007,200,
1790456257558,94.64,200,
1790456257864,304.6065,200,
1790456257958,92.9138,200,
1790456258154,194.0684,200,
1790456258254,99.8338,200,
1790456258351,96.0142,200,
1790456258459,105.9656,200,
1790456258561,101.3497,200,
1790456258767,205.4381,200,
1790456259251,481.8442,200,
1790456259443,191.0662,200,
1790456259471,28.4979,200,
1790456259852,378.5985,200,
1790456259952,99.0511,200,
1790456260150,196.9647,200,
1790456260340,189.1421,200,
1790456260444,102.4898,200,
1790456260553,107.9494,200,
1790456260655,100.897,200,
1790456260751,94.0314,200,
1790456260867,114.8732,200,
1790456261048,180.6385,200,
1790456261218,167.6568,200,
1790456261344,124.4167,200,
1790456261457,111.8066,200,
1790456261658,198.9033,200,
1790456261760,100.4114,200,
1790456261947,186.1467,200,
1790456262161,213.6916,200,
1790456262345,181.9118,200,
1790456262371,24.2025,200,
1790456262460,88.2136,200,
1790456262555,93.2754,200,
1790456262757,200.5094,200,
1790456262958,199.5044,200,
1790456263246,286.939,200,
1790456263347,99.7572,200,
1790456263445,96.5192,200,
1790456263556,108.619,200,
1790456263763,205.609,200,
1790456263861,97.7024,200,
1790456263952,90.3245,200,
1790456264062,107.6272,200,
1790456264343,279.74,200,
1790456264650,305.8636,200,
1790456264860,209.1549,200,
1790456264965,103.9519,200,
1790456265241,274.3646,200,
1790456265368,125.44,200,
1790456265454,85.5618,200,
1790456265563,107.3688,200,
1790456265666,102.5875,200,
1790456265757,89.38,200,
1790456265955,197.519,200,
1790456266148,191.4697,200,
1790456266461,310.8957,200,
1790456267160,697.5447,200,
1790456267261,100.8393,200,
1790456267665,402.7902,200,
1790456268043,376.0325,200,
1790456268262,217.6572,200,
1790456268353,90.2578,200,
1790456268457,102.2369,200,
1790456268565,107.8927,200,
1790456268844,276.7031,200,
1790456269042,196.2004,200,
1790456269171,127.7047,200,
1790456269344,173.3147,200,
1790456269446,99.6725,200,
1790456269474,26.7108,200,
1790456269553,79.8419,200,
1790456269740,184.9371,200,
1790456269859,117.6238,200,
1790456269959,98.2631,200,
1790456270141,181.343,200,
1790456270254,111.3325,200,
1790456270359,104.3992,200,
1790456270439,78.737,200,
1790456270472,31.409,200,
1790456270647,175.1876,200,
1790456270744,95.421,200,
1790456270846,100.583,200,
1790456270956,108.3924,200,
1790456271062,105.5672,200,
1790456271161,97.2925,200,
1790456271261,99.7129,200,
1790456271361,97.9208,200,
1790456271450,88.1995,200,
1790456271558,106.9148,200,
1790456271763,204.0596,200,
1790456271956,191.6707,200,
1790456272058,101.2894,200,
1790456272257,198.0267,200,
1790456272362,103.4331,200,
1790456272442,79.1452,200,
1790456272553,111.3429,200,
1790456272754,198.5393,200,
1790456272859,103.1087,200,
1790456272961,102.5691,200,
1790456273061,96.4411,200,
1790456273160,98.3769,200,
1790456273247,85.7339,200,
1790456273340,91.2675,200,
1790456273368,28.4971,200,
1790456273451,80.9673,200,
1790456273555,102.8103,200,
1790456273665,108.2576,200,
1790456273754,87.4573,200,
1790456273853,98.6209,200,
1790456273961,106.1719,200,
1790456274062,100.9622,200,
1790456274162,99.0502,200,
1790456274346,181.975,200,
1790456274459,112.6497,200,
1790456274543,81.4981,200,
1790456274575,30.6655,200,
1790456274758,182.1111,200,
1790456274865,105.8117,200,
1790456274961,94.799,200,
1790456275054,92.3232,200,
1790456275162,105.9354,200,
1790456275273,110.1633,200,
1790456275359,85.1508,200,
1790456275448,87.6643,200,
1790456275475,27.0567,200,
1790456275547,70.4248,200,
1790456275659,111.5855,200,
1790456275751,90.2226,200,
1790456275851,98.7738,200,
1790456275950,96.8824,200,
1790456276137,184.885,200,
1790456276256,117.6336,200,
1790456276284,26.1825,200,
1790456276448,162.3344,200,
1790456276565,117.2907,200,
1790456276668,101.1512,200,
1790456276955,286.3159,200,
1790456277169,212.59,200,
1790456277263,93.3125,200,
1790456277447,181.9747,200,
1790456277560,111.2217,200,
1790456277658,97.3822,200,
1790456277874,215.606,200,
1790456277960,83.7382,200,
1790456278065,104.1156,200,
1790456278154,88.0139,200,
1790456278268,112.1791,200,
1790456278353,83.8211,200,
1790456278445,90.7176,200,
1790456278552,105.0841,200,
1790456278672,119.0349,200,
1790456278764,91.3085,200,
1790456278938,172.4018,200,
1790456279054,114.6755,200,
1790456279244,188.5169,200,
1790456279351,106.8987,200,
1790456279382,28.892,200,
1790456279465,82.4117,200,
1790456279757,289.3888,200,
1790456279957,198.7688,200,
1790456280054,97.3896,200,
1790456280083,27.1288,200,
1790456280147,63.0297,200,
1790456280365,216.6538,200,
1790456280465,98.8454,200,
1790456280561,94.7884,200,
1790456280654,92.9842,200,
1790456280740,84.2761,200,
1790456280842,101.2451,200,
1790456280875,30.9452,200,
1790456280970,94.1738,200,
1790456281155,183.9445,200,
1790456281256,98.6593,200,
1790456281356,98.722,200,
1790456281449,91.8339,200,
1790456281570,118.3717,200,
1790456281665,93.5667,200,
1790456281858,191.9585,200,
1790456282054,194.074,200,
1790456282264,209.5672,200,
1790456282352,86.0023,200,
1790456282380,27.9059,200,
1790456282452,70.6598,200,
1790456282480,26.919,200,
1790456282754,271.8076,200,
1790456282864,109.9273,200,
1790456282953,88.8909,200,
1790456283067,111.0788,200,
1790456283149,81.2768,200,
1790456283256,105.7955,200,
1790456283342,84.5097,200,
1790456283370,26.5352,200,
1790456283443,72.0384,200,
1790456283552,107.3705,200,
1790456283671,116.7838,200,
1790456283762,90.4872,200,
1790456283855,91.2192,200,
1790456283949,92.3767,200,
1790456283979,30.3061,200,
1790456284058,77.0128,200,
1790456284257,198.389,200,
1790456284357,99.3145,200,
1790456284389,30.5474,200,
1790456284545,154.4012,200,
1790456284654,107.6697,200,
1790456284838,182.2385,200,
1790456284948,108.5429,200,
1790456284980,30.7154,200,
1790456285051,70.5392,200,
1790456285083,29.6376,200,
1790456285149,65.2502,200,
1790456285181,31.0118,200,
1790456285246,63.353,200,
1790456285273,26.6883,200,
1790456285300,25.6751,200,
1790456285324,23.1842,200,
1790456285349,24.6986,200,
1790456285374,22.8917,200,
1790456285402,25.9074,200,
1790456285427,23.938,200,
1790456285460,31.8921,200,
1790456285490,28.287,200,
1790456285544,53.6182,200,
1790456285580,33.8875,200,
1790456285654,73.2746,200,
1790456285756,100.1589,200,
1790456285863,104.6799,200,
1790456285961,96.3299,200,
1790456286044,82.3521,200,
1790456286160,115.0825,200,
1790456286258,97.0749,200,
1790456286364,105.0147,200,
1790456286452,85.3695,200,
1790456286557,103.7728,200,
1790456286660,102.198,200,
1790456286765,103.4031,200,
1790456286809,42.3686,200,
1790456286970,160.2966,200,
1790456287143,171.8053,200,
1790456287243,98.5925,200,
1790456287279,34.5065,200,
1790456287350,69.4556,200,
1790456287452,101.6177,200,
1790456287550,96.5274,200,
1790456287664,111.9054,200,
1790456287762,96.9283,200,
1790456287862,99.79,200,
1790456287973,109.4364,200,
1790456288066,91.153,200,
1790456288160,93.0313,200,
1790456288189,28.0251,200,
1790456288252,62.9846,200,
1790456288282,28.5272,200,
1790456288309,25.9063,200,
1790456288352,42.1252,200,
1790456288394,40.3929,200,
1790456288427,32.3068,200,
1790456288456,27.1964,200,
1790456288489,33.077,200,
1790456288523,31.5823,200,
1790456288568,44.2721,200,
1790456288608,38.7148,200,
1790456288654,44.6348,200,
1790456288690,35.1235,200,
1790456288751,58.7215,200,
1790456288784,32.7059,200,
1790456288827,42.0854,200,
1790456288897,68.2555,200,
1790456288930,31.9158,200,
1790456288964,32.8009,200,
1790456288999,33.604,200,
1790456289057,56.9431,200,
1790456289086,28.3135,200,
1790456289163,75.1839,200,
1790456289258,95.2991,200,
1790456289354,94.6158,200,
1790456289381,25.7717,200,
1790456289409,26.6465,200,
1790456289454,43.8671,200,
1790456289551,95.121,200,
1790456289659,107.0785,200,
1790456289746,85.8189,200,
1790456289776,28.7108,200,
1790456289854,77.8415,200,
1790456289941,85.5695,200,
1790456290053,110.3699,200,
1790456290153,99.0573,200,
1790456290263,108.7413,200,
1790456290357,93.6782,200,
1790456290440,80.972,200,
1790456290468,27.0801,200,
1790456290554,83.3795,200,
1790456290583,27.794,200,
1790456290612,27.2353,200,
1790456290660,48.1899,200,
1790456290689,26.9437,200,
1790456290715,25.4187,200,
1790456290757,40.7455,200,
1790456290854,96.5892,200,
1790456290879,24.3538,200,
1790456290965,85.1239,200,
1790456290992,25.9675,200,
1790456291064,70.635,200,
1790456291259,193.1192,200,
1790456291344,84.5676,200,
1790456291388,41.7784,200,
1790456291455,66.8736,200,
1790456291562,105.2095,200,
1790456291846,283.0175,200,
1790456291879,31.7558,200,
1790456291969,89.8268,200,
1790456292065,94.4266,200,
1790456292155,88.762,200,
1790456292264,108.2627,200,
1790456292292,27.2079,200,
1790456292320,27.4945,200,
1790456292358,35.2626,200,
1790456292386,28.0443,200,
1790456292413,25.7845,200,
1790456292445,30.8299,200,
1790456292544,97.4806,200,
1790456292574,28.4236,200,
1790456292611,34.8356,200,
1790456292654,41.6074,200,
1790456292685,30.3813,200,
1790456292713,27.6645,200,
1790456292746,31.1468,200,
1790456292773,26.3285,200,
1790456292809,34.731,200,
1790456292837,27.5337,200,
1790456292869,30.4174,200,
1790456292899,29.6882,200,
1790456292935,34.7086,200,
1790456292965,28.9558,200,
1790456292996,29.3379,200,
1790456293027,29.8426,200,
1790456293060,31.4146,200,
1790456293092,30.0888,200,
1790456293119,24.434,200,
1790456293149,27.9456,200,
1790456293176,26.7059,200,
1790456293209,32.4893,200,
1790456293238,27.5362,200,
1790456293265,26.4575,200,
1790456293293,27.1663,200,
1790456293325,29.8455,200,
1790456293352,26.2829,200,
1790456293384,31.1222,200,
1790456293412,26.2142,200,
1790456293440,26.7016,200,
1790456293468,27.1472,200,
1790456293495,27.0532,200,
1790456293523,26.5558,200,
1790456293551,26.6916,200,
1790456293591,38.7083,200,
1790456293619,27.8288,200,
1790456293658,36.885,200,
1790456293747,88.1287,200,
1790456293777,28.7551,200,
1790456293808,29.4809,200,
1790456293850,40.5033,200,
1790456293875,23.8674,200,
1790456293904,27.4347,200,
1790456293942,36.5632,200,
1790456293973,29.423,200,
1790456294051,77.2779,200,
1790456294079,26.6587,200,
1790456294110,30.2112,200,
1790456294159,48.2983,200,
1790456294190,29.3986,200,
1790456294260,69.3988,200,
1790456294351,89.4704,200,
1790456294389,36.9759,200,
1790456294420,30.4027,200,
1790456294459,37.2683,200,
1790456294553,93.0803,200,
1790456294655,100.8343,200,
1790456294754,97.9129,200,
1790456294783,28.1678,200,
1790456294844,58.9575,200,
1790456294879,34.096,200,
1790456294908,28.1493,200,
1790456294940,30.9236,200,
1790456294967,26.0776,200,
1790456295053,84.0116,200,
1790456295084,29.9611,200,
1790456295151,65.6071,200,
1790456295190,38.6575,200,
1790456295217,25.2077,200,
1790456295245,27.6311,200,
1790456295274,27.1871,200,
1790456295342,67.3665,200,
1790456295372,27.891,200,
1790456295392,19.6196,200,
1790456295422,28.6605,200,
1790456295448,25.1721,200,
1790456295477,28.3952,200,
1790456295503,24.3074,200,
1790456295537,33.5524,200,
1790456295573,34.2639,200,
1790456295601,27.1659,200,
1790456295626,23.6382,200,
1790456295660,32.4955,200,
1790456295690,29.2608,200,
1790456295749,57.8486,200,
1790456295780,30.5428,200,
1790456295852,70.8265,200,
1790456295885,31.1769,200,
1790456295911,24.7428,200,
1790456295957,45.0227,200,
1790456295987,28.021,200,
1790456296015,26.8047,200,
1790456296052,35.993,200,
1790456296082,29.1397,200,
1790456296109,26.1427,200,
1790456296143,32.8746,200,
1790456296177,32.5492,200,
1790456296213,35.2397,200,
1790456296247,32.5002,200,
1790456296276,27.7089,200,
1790456296305,28.7049,200,
1790456296335,28.2025,200,
1790456296364,27.9407,200,
1790456296388,23.529,200,
1790456296417,28.1904,200,
1790456296451,31.8005,200,
1790456296484,32.1834,200,
1790456296522,36.5837,200,
1790456296561,38.0065,200,
1790456296599,37.2298,200,
1790456296630,29.3796,200,
1790456296665,33.2322,200,
1790456296766,99.3986,200,
1790456296954,186.3364,200,
1790456296984,29.5646,200,
1790456297015,29.4328,200,
1790456297043,27.2021,200,
1790456297082,37.7024,200,
1790456297110,26.5671,200,
1790456297240,127.3476,200,
1790456297272,30.3638,200,
1790456297304,30.3649,200,
1790456297336,32.0374,200,
1790456297368,31.1372,200,
1790456297400,30.4488,200,
1790456297426,25.0107,200,
1790456297464,36.4446,200,
1790456297489,24.6363,200,
1790456297515,24.0222,200,
1790456297544,28.0552,200,
1790456297593,46.4297,200,
1790456297620,26.1566,200,
1790456297649,28.483,200,
1790456297703,51.8417,200,
1790456297777,72.1519,200,
1790456297819,41.3172,200,
1790456297869,48.8004,200,
1790456297912,41.7145,200,
1790456297948,33.3976,200,
1790456298021,71.7368,200,
1790456298110,88.0094,200,
1790456298146,35.1709,200,
1790456298174,27.5896,200,
1790456298198,23.2103,200,
1790456298220,20.0199,200,
1790456298254,32.9165,200,
1790456298314,59.6664,200,
1790456298351,35.0524,200,
1790456298424,72.3648,200,
1790456298528,102.2629,200,
1790456298611,82.3271,200,
1790456298659,46.1694,200,
1790456298759,99.4947,200,
1790456298842,82.4588,200,
1790456298932,87.6083,200,
1790456298962,28.5369,200,
1790456298991,28.5766,200,
1790456299015,23.3382,200,
1790456299038,22.5302,200,
1790456299109,70.204,200,
1790456299138,26.3605,200,
1790456299232,93.1432,200,
1790456299260,27.6057,200,
1790456299301,39.269,200,
1790456299340,39.0077,200,
1790456299374,32.8985,200,
1790456299399,23.6451,200,
1790456299422,21.9179,200,
1790456299448,25.2453,200,
1790456299492,42.1552,200,
1790456299551,58.1476,200,
1790456299584,31.5226,200,
1790456299609,24.1365,200,
1790456299632,21.8636,200,
1790456299663,29.8532,200,
1790456299701,37.8568,200,
1790456299731,28.9852,200,
1790456299768,35.5392,200,
1790456299851,80.8352,200,
1790456299943,90.5527,200,
1790456299970,26.7773,200,
1790456300040,68.3737,200,
1790456300078,36.4341,200,
1790456300104,26.1425,200,
1790456300153,46.8005,200,
1790456300184,29.0189,200,
1790456300210,25.0508,200,
1790456300266,55.7883,200,
1790456300294,27.1905,200,
1790456300350,54.0976,200,
1790456300385,33.5158,200,
1790456300410,24.0627,200,
1790456300447,35.9083,200,
1790456300542,93.3958,200,
1790456300574,31.2577,200,
1790456300604,28.6692,200,
1790456300651,45.6274,200,
1790456300679,26.8862,200,
1790456300710,30.0671,200,
1790456300749,37.4826,200,
1790456300836,84.9383,200,
1790456300869,31.8628,200,
1790456300899,29.4154,200,
1790456300927,27.1713,200,
1790456300974,46.034,200,
1790456301008,32.6866,200,
1790456301047,37.6397,200,
1790456301077,28.008,200,
1790456301106,28.3833,200,
1790456301137,29.7192,200,
1790456301164,25.9751,200,
1790456301192,27.6002,200,
1790456301225,30.6287,200,
1790456301257,31.1349,200,
1790456301297,38.8416,200,
1790456301340,40.7294,200,
1790456301371,30.9266,200,
1790456301400,27.3202,200,
1790456301430,28.4906,200,
1790456301462,31.4393,200,
1790456301492,29.2534,200,
1790456301523,28.9595,200,
1790456301552,28.4436,200,
1790456301583,30.3535,200,
1790456301615,30.6345,200,
1790456301645,29.1076,200,
1790456301680,34.2986,200,
1790456301711,29.9037,200,
1790456301738,24.9583,200,
1790456301769,30.8789,200,
1790456301800,29.9411,200,
1790456301829,27.668,200,
1790456301869,38.529,200,
1790456301909,39.3638,200,
1790456301940,29.3974,200,
1790456301971,30.6011,200,
1790456302006,33.5006,200,
1790456302037,30.6536,200,
1790456302067,28.331,200,
1790456302099,31.7265,200,
1790456302130,29.3595,200,
1790456302160,28.5622,200,
1790456302206,45.5683,200,
1790456302239,31.1331,200,
1790456302270,30.1828,200,
1790456302302,31.2731,200,
1790456302330,27.224,200,
1790456302361,29.6213,200,
1790456302392,29.434,200,
1790456302423,30.0474,200,
1790456302458,33.7899,200,
1790456302488,28.8023,200,
1790456302539,50.3803,200,
1790456302570,30.575,200,
1790456302605,33.2197,200,
1790456302641,35.2364,200,
1790456302676,33.8404,200,
1790456302709,31.8822,200,
1790456302738,27.6772,200,
1790456302770,30.9641,200,
1790456302803,32.1179,200,
1790456302834,29.12,200,
1790456302862,28.2047,200,
1790456302897,32.75,200,
1790456302942,44.9727,200,
1790456302972,27.8874,200,
1790456303006,33.3723,200,
1790456303044,36.251,200,
1790456303083,38.12,200,
1790456303113,29.4808,200,
1790456303146,31.2486,200,
1790456303176,27.6254,200,
1790456303205,27.3203,200,
1790456303236,30.3147,200,
1790456303265,28.048,200,
1790456303300,33.2685,200,
1790456303329,28.1442,200,
1790456303358,28.7597,200,
1790456303388,28.2673,200,
1790456303421,32.6232,200,
1790456303450,27.7248,200,
1790456303481,29.5991,200,
1790456303512,30.0958,200,
1790456303543,29.5092,200,
1790456303576,32.5085,200,
1790456303602,24.8498,200,
1790456303630,27.3491,200,
1790456303667,35.6478,200,
1790456303711,42.2649,200,
1790456303746,34.2331,200,
1790456303776,28.4648,200,
1790456303809,32.3658,200,
1790456303843,32.9402,200,
1790456303872,27.9469,200,
1790456303899,25.4268,200,
1790456303929,29.1147,200,
1790456303957,27.0446,200,
1790456303985,27.0042,200,
1790456304014,27.7712,200,
1790456304037,22.959,200,
1790456304063,25.0819,200,
1790456304093,28.0998,200,
1790456304121,27.213,200,
1790456304144,22.8847,200,
1790456304221,75.6646,200,
1790456304308,85.2472,200,
1790456304334,25.4719,200,
1790456304424,88.4997,200,
1790456304535,110.9121,200,
1790456304637,100.8928,200,
1790456304737,99.9954,200,
1790456304828,89.7613,200,
1790456305009,179.3809,200,
1790456305038,26.8923,200,
1790456305128,89.9108,200,
1790456305223,93.8787,200,
1790456305329,105.7322,200,
1790456305431,100.5837,200,
1790456305524,90.2716,200,
1790456305720,194.2221,200,
1790456305825,104.6466,200,
1790456305940,115.0784,200,
1790456306026,84.1315,200,
1790456306227,200.2256,200,
1790456306339,110.644,200,
1790456306418,78.8345,200,
1790456306513,92.8609,200,
1790456306842,327.0204,200,
1790456307018,174.836,200,
1790456307216,196.2212,200,
1790456307332,115.7002,200,
1790456307422,89.0973,200,
1790456307542,120.0225,200,
1790456307620,76.6369,200,
1790456307734,111.7757,200,
1790456307841,106.5918,200,
1790456308042,199.6997,200,
1790456308141,98.8708,200,
1790456308168,25.6228,200,
1790456308200,30.3078,200,
1790456308230,29.1585,200,
1790456308260,28.9364,200,
1790456308306,45.0633,200,
1790456308333,25.7223,200,
1790456308369,34.4197,200,
1790456308406,36.29,200,
1790456308447,37.898,200,
1790456308483,34.491,200,
1790456308510,26.3435,200,
1790456308541,30.1471,200,
1790456308573,30.7661,200,
1790456308605,31.5766,200,
1790456308633,27.9879,200,
1790456308664,29.3697,200,
1790456308702,36.1614,200,
1790456308737,34.1817,200,
1790456308764,26.9277,200,
1790456308800,33.4451,200,
1790456308835,34.3998,200,
1790456308881,43.9251,200,
1790456308933,50.7269,200,
1790456308970,36.105,200,
1790456309012,41.3113,200,
1790456309047,33.3183,200,
1790456309082,33.5933,200,
1790456309123,40.4609,200,
1790456309154,28.2379,200,
1790456309250,93.9714,200,
1790456309278,26.5387,200,
1790456309363,84.4257,200,
1790456309450,85.7188,200,
1790456309493,41.7467,200,
1790456309527,33.4971,200,
1790456309558,30.2189,200,
1790456309591,32.1636,200,
1790456309621,28.7144,200,
1790456309650,27.8714,200,
1790456309682,30.4207,200,
1790456309716,33.3227,200,
1790456309742,25.2454,200,
1790456309777,31.9102,200,
1790456309822,43.2354,200,
1790456309849,26.9539,200,
1790456309882,31.7511,200,
1790456309921,33.1134,200,
1790456309957,34.8422,200,
1790456309985,27.0963,200,
1790456310015,28.8032,200,
1790456310051,34.5725,200,
1790456310083,31.1832,200,
1790456310114,29.5199,200,
1790456310144,29.0667,200,
1790456310185,39.9306,200,
1790456310208,22.9402,200,
1790456310234,23.2215,200,
1790456310267,32.281,200,
1790456310300,31.987,200,
1790456310325,24.3001,200,
1790456310353,26.4894,200,
1790456310381,27.9633,200,
1790456310410,27.4049,200,
1790456310433,22.5402,200,
1790456310463,29.0716,200,
1790456310504,39.0783,200,
1790456310529,24.1002,200,
1790456310557,27.6095,200,
1790456310588,30.1447,200,
1790456310616,25.7619,200,
1790456310642,25.0259,200,
1790456310675,31.486,200,
1790456310706,29.8551,200,
1790456310732,24.9631,200,
1790456310758,25.0316,200,
1790456310793,33.5655,200,
1790456310817,22.9009,200,
1790456310844,26.1313,200,
1790456310877,32.5045,200,
1790456310907,28.3456,200,
1790456310936,25.5978,200,
1790456310968,31.1703,200,
1790456310998,29.1721,200,
1790456311026,27.1023,200,
1790456311051,23.9403,200,
1790456311105,52.8199,200,
1790456311134,28.1217,200,
1790456311167,31.4908,200,
1790456311201,33.1418,200,
1790456311229,27.1077,200,
1790456311261,30.7722,200,
1790456311295,33.235,200,
1790456311324,27.0696,200,
1790456311354,28.7976,200,
1790456311391,35.5879,200,
1790456311415,23.8608,200,
1790456311441,24.3681,200,
1790456311476,33.8895,200,
1790456311516,39.2677,200,
1790456311543,26.3535,200,
1790456311577,32.2658,200,
1790456311604,24.6753,200,
1790456311630,25.635,200,
1790456311662,30.818,200,
1790456311696,32.6848,200,
1790456311725,28.5025,200,
1790456311753,26.4589,200,
1790456311785,32.0812,200,
1790456311814,27.1095,200,
1790456311843,28.0982,200,
1790456311878,34.5068,200,
1790456311915,35.4121,200,
1790456311943,27.3573,200,
1790456311979,34.6832,200,
1790456312041,60.3538,200,
1790456312069,27.5819,200,
1790456312102,32.6138,200,
1790456312126,22.9404,200,
1790456312152,23.5496,200,
1790456312183,29.7989,200,
1790456312209,25.0936,200,
1790456312231,20.7585,200,
1790456312259,28.1709,200,
1790456312341,80.0318,200,
1790456312373,29.9457,200,
1790456312399,25.2148,200,
1790456312425,24.6166,200,
1790456312451,25.5105,200,
1790456312481,28.291,200,
1790456312512,27.5455,200,
1790456312546,33.4191,200,
1790456312583,35.5239,200,
1790456312610,26.0996,200,
1790456312644,33.5928,200,
1790456312676,30.3804,200,
1790456312706,28.7478,200,
1790456312736,28.7904,200,
1790456312766,29.3673,200,
1790456312795,29.0674,200,
1790456312828,30.8424,200,
1790456312858,29.2209,200,
1790456312887,28.9445,200,
1790456312919,30.0295,200,
1790456312950,30.161,200,
1790456312978,26.6194,200,
1790456313004,24.3648,200,
1790456313034,29.5418,200,
1790456313074,39.0317,200,
1790456313102,27.2406,200,
1790456313132,28.5796,200,
1790456313158,25.4205,200,
1790456313194,34.6729,200,
1790456313231,35.3697,200,
1790456313263,31.0299,200,
1790456313296,32.2631,200,
1790456313326,28.1772,200,
1790456313354,27.2946,200,
1790456313382,27.4319,200,
1790456313415,31.8919,200,
1790456313445,28.9856,200,
1790456313474,27.371,200,
1790456313499,24.8398,200,
1790456313532,31.2224,200,
1790456313568,34.4659,200,
1790456313597,28.8117,200,
1790456313623,24.7305,200,
1790456313657,32.6328,200,
1790456313687,30.238,200,
1790456313718,28.7654,200,
1790456313750,30.9484,200,
1790456313790,38.397,200,
1790456313819,27.7356,200,
1790456313852,30.8215,200,
1790456313882,29.066,200,
1790456313915,33.5021,200,
1790456313952,34.1013,200,
1790456313982,29.6887,200,
1790456314012,29.2361,200,
1790456314042,29.1254,200,
1790456314068,25.2258,200,
1790456314099,30.6113,200,
1790456314128,26.6813,200,
1790456314165,35.49,200,
1790456314199,32.8342,200,
1790456314234,33.3413,200,
1790456314273,38.1935,200,
1790456314300,26.2107,200,
1790456314327,25.9361,200,
1790456314356,28.0957,200,
1790456314382,24.4525,200,
1790456314413,30.2451,200,
1790456314437,23.2391,200,
1790456314463,24.384,200,
1790456314502,39.0539,200,
1790456314554,50.3841,200,
1790456314585,29.9111,200,
1790456314613,27.2552,200,
1790456314648,34.0112,200,
1790456314739,89.7937,200,
1790456314767,27.5524,200,
1790456314800,31.053,200,
1790456314850,48.9046,200,
1790456314950,98.6621,200,
1790456314984,32.7531,200,
1790456315046,61.3114,200,
1790456315078,30.434,200,
1790456315155,76.0698,200,
1790456315184,28.4669,200,
1790456315213,26.7872,200,
1790456315255,41.2175,200,
1790456315284,28.7031,200,
1790456315309,24.0876,200,
1790456315334,23.5758,200,
1790456315367,31.7693,200,
1790456315402,33.2689,200,
1790456315436,32.7862,200,
1790456315462,25.3984,200,
1790456315497,33.8727,200,
1790456315526,28.1722,200,
1790456315555,27.7031,200,
1790456315583,27.878,200,
1790456315619,34.2374,200,
1790456315647,26.5361,200,
1790456315676,27.4729,200,
1790456315718,41.2724,200,
1790456315746,26.6822,200,
1790456315774,27.677,200,
1790456315810,34.1665,200,
1790456315838,27.6242,200,
1790456315866,26.6317,200,
1790456315906,39.0536,200,
1790456315936,29.1773,200,
1790456315964,26.7957,200,
1790456315992,25.7325,200,
1790456316028,35.0937,200,
1790456316062,32.794,200,
1790456316091,27.7743,200,
1790456316120,28.1058,200,
1790456316150,29.8613,200,
1790456316178,27.7368,200,
1790456316207,26.3679,200,
1790456316236,28.0381,200,
1790456316267,30.1484,200,
1790456316299,29.1156,200,
1790456316330,28.9185,200,
1790456316362,31.4548,200,
1790456316388,25.433,200,
1790456316423,33.3809,200,
1790456316453,28.8623,200,
1790456316482,27.5508,200,
1790456316509,25.884,200,
1790456316536,26.1395,200,
1790456316565,29.6696,200,
1790456316599,32.198,200,
1790456316659,58.9585,200,
1790456316697,36.2365,200,
1790456316752,53.2218,200,
1790456316799,45.5734,200,
1790456316858,57.9108,200,
1790456316929,69.6855,200,
1790456316975,43.8941,200,
1790456317011,34.4132,200,
1790456317040,28.3481,200,
1790456317066,25.1689,200,
1790456317104,36.8522,200,
1790456317145,39.8827,200,
1790456317175,29.3529,200,
1790456317209,31.7058,200,
1790456317242,32.6073,200,
1790456317269,25.5769,200,
1790456317295,25.0898,200,
1790456317324,28.1173,200,
1790456317354,28.9173,200,
1790456317385,29.9608,200,
1790456317411,24.918,200,
1790456317440,28.344,200,
1790456317470,28.5755,200,
1790456317506,34.9061,200,
1790456317534,27.8752,200,
1790456317563,27.1695,200,
1790456317592,28.7557,200,
1790456317638,43.8169,200,
1790456317677,35.8313,200,
1790456317720,41.6047,200,
1790456317762,42.0545,200,
1790456317795,31.2682,200,
1790456317832,35.4599,200,
1790456317873,41.0506,200,
1790456317907,31.7785,200,
1790456317961,52.6831,200,
1790456317991,29.0716,200,
1790456318020,27.7351,200,
1790456318071,50.1883,200,
1790456318118,45.1083,200,
1790456318153,32.8964,200,
1790456318182,27.8403,200,
1790456318253,70.5263,200,
1790456318284,29.0882,200,
1790456318309,25.0402,200,
1790456318341,30.2938,200,
1790456318374,31.8095,200,
1790456318451,76.2428,200,
1790456318542,89.2359,200,
1790456318572,28.9039,200,
1790456318609,36.3036,200,
1790456318651,41.1866,200,
1790456318688,34.7295,200,
1790456318725,36.7301,200,
1790456318762,35.8255,200,
1790456318790,27.0197,200,
1790456318823,31.4928,200,
1790456318862,37.2089,200,
1790456318909,46.3249,200,
1790456318944,32.6942,200,
1790456318977,31.1288,200,
1790456319029,51.3152,200,
1790456319064,34.4664,200,
1790456319099,32.5442,200,
1790456319139,39.155,200,
1790456319167,26.4901,200,
1790456319200,32.0363,200,
1790456319233,32.1904,200,
1790456319260,25.102,200,
1790456319291,30.3027,200,
1790456319323,30.483,200,
1790456319354,29.7982,200,
1790456319389,33.9851,200,
1790456319426,35.2876,200,
1790456319458,30.6177,200,
1790456319488,29.3611,200,
1790456319541,52.1805,200,
1790456319573,31.3564,200,
1790456319601,27.6231,200,
1790456319632,29.0035,200,
1790456319661,27.4269,200,
1790456319696,35.045,200,
1790456319734,36.0974,200,
1790456319767,31.3471,200,
1790456319796,29.6569,200,
1790456319831,32.7993,200,
1790456319862,30.0564,200,
1790456319891,28.2966,200,
1790456319921,28.3883,200,
1790456319956,34.2196,200,
1790456319985,26.7917,200,
1790456320013,27.5407,200,
1790456320043,29.3355,200,
1790456320080,35.9125,200,
1790456320114,32.3098,200,
1790456320147,31.6735,200,
1790456320178,30.2164,200,
1790456320208,29.6252,200,
1790456320241,32.053,200,
1790456320279,36.649,200,
1790456320312,31.239,200,
1790456320335,22.4102,200,
1790456320364,27.3211,200,
1790456320393,28.2088,200,
1790456320419,26.603,200,
1790456320448,26.9885,200,
1790456320481,31.7621,200,
1790456320507,24.6559,200,
1790456320539,31.6995,200,
1790456320577,35.7113,200,
1790456320612,33.5395,200,
1790456320645,31.848,200,
1790456320674,28.7414,200,
1790456320704,28.5494,200,
1790456320735,29.517,200,
1790456320763,27.7276,200,
1790456320793,28.3626,200,
1790456320819,25.2101,200,
1790456320848,28.43,200,
1790456320883,32.969,200,
1790456320915,31.5518,200,
1790456320946,28.9238,200,
1790456320980,32.5983,200,
1790456321007,26.3045,200,
1790456321038,29.9106,200,
1790456321071,28.6694,200,
1790456321107,31.2343,200,
1790456321149,36.3976,200,
1790456321184,31.8257,200,
1790456321221,35.362,200,
1790456321251,28.7246,200,
1790456321283,30.6573,200,
1790456321313,29.4202,200,
1790456321340,25.6963,200,
1790456321367,25.7134,200,
1790456321393,25.9599,200,
1790456321427,32.2434,200,
1790456321453,24.6477,200,
1790456321481,27.2418,200,
1790456321515,31.909,200,
1790456321550,33.3514,200,
1790456321592,40.9105,200,
1790456321657,64.0982,200,
1790456321689,30.2527,200,
1790456321718,28.801,200,
1790456321751,30.5681,200,
1790456321783,31.4168,200,
1790456321812,27.6816,200,
1790456321844,30.8001,200,
1790456321897,51.9355,200,
1790456321927,29.1629,200,
1790456321959,30.0983,200,
1790456321988,28.5152,200,
1790456322021,31.8476,200,
1790456322056,32.8777,200,
1790456322087,30.4802,200,
1790456322116,28.2528,200,
1790456322150,32.3176,200,
1790456322183,32.1947,200,
1790456322211,27.7717,200,
1790456322241,29.4827,200,
1790456322270,26.8168,200,
1790456322302,32.0797,200,
1790456322332,28.1781,200,
1790456322363,29.4863,200,
1790456322392,27.8513,200,
1790456322431,37.7834,200,
1790456322461,29.1793,200,
1790456322488,25.2877,200,
1790456322517,28.3282,200,
1790456322553,34.7414,200,
1790456322585,31.8465,200,
1790456322621,34.8613,200,
1790456322660,37.8326,200,
1790456322701,39.7255,200,
1790456322750,47.9267,200,
1790456322783,31.4442,200,
1790456322815,30.7592,200,
1790456322858,43.0431,200,
1790456322890,29.4011,200,
1790456322918,27.717,200,
1790456322953,33.3041,200,
1790456322985,30.6366,200,
1790456323012,25.8132,200,
1790456323043,29.7087,200,
1790456323072,28.7824,200,
1790456323102,28.411,200,
1790456323129,26.4119,200,
1790456323164,33.7908,200,
1790456323196,29.5875,200,
1790456323221,24.6333,200,
1790456323249,27.2643,200,
1790456323280,29.3325,200,
1790456323304,23.0989,200,
1790456323333,28.593,200,
1790456323364,28.6486,200,
1790456323391,26.5764,200,
1790456323416,24.1274,200,
1790456323441,24.2498,200,
1790456323468,26.1184,200,
1790456323497,28.6342,200,
1790456323520,21.4482,200,
1790456323548,26.8705,200,
1790456323586,37.7105,200,
1790456323612,24.437,200,
1790456323639,25.741,200,
1790456323668,27.6431,200,
1790456323701,31.5389,200,
1790456323728,26.2679,200,
1790456323759,29.4646,200,
1790456323791,31.4696,200,
1790456323819,26.8342,200,
1790456323848,28.3007,200,
1790456323880,30.956,200,
1790456323906,25.784,200,
1790456323933,25.1267,200,
1790456323963,28.8289,200,
1790456323995,29.9601,200,
1790456324021,25.9004,200,
1790456324050,28.0542,200,
1790456324080,28.1306,200,
1790456324110,29.2517,200,
1790456324140,29.1395,200,
1790456324169,27.1474,200,
1790456324197,27.1065,200,
1790456324229,31.4329,200,
1790456324278,47.1355,200,
1790456324306,27.4007,200,
1790456324333,25.7091,200,
1790456324364,29.732,200,
1790456324395,29.5456,200,
1790456324424,28.3232,200,
1790456324454,29.3581,200,
1790456324483,28.5919,200,
1790456324510,26.2458,200,
1790456324540,28.4547,200,
1790456324573,32.8656,200,
1790456324601,25.5468,200,
1790456324627,25.5466,200,
1790456324654,26.8738,200,
1790456324688,32.5666,200,
1790456324717,27.4638,200,
1790456324745,27.4902,200,
1790456324777,31.2285,200,
1790456324806,27.8259,200,
1790456324832,25.0664,200,
1790456324858,24.259,200,
1790456324888,28.4859,200,
1790456324916,26.3754,200,
1790456324948,30.5675,200,
1790456324980,30.1065,200,
1790456325007,26.5133,200,
1790456325030,21.9629,200,
1790456325054,23.0954,200,
1790456325091,35.0754,200,
1790456325121,29.3599,200,
1790456325149,26.8397,200,
1790456325184,32.3443,200,
1790456325218,33.055,200,
1790456325258,38.6068,200,
1790456325294,35.2735,200,
1790456325322,26.4233,200,
1790456325346,23.0409,200,
1790456325376,28.3308,200,
1790456325405,28.4698,200,
1790456325434,29.2128,200,
1790456325468,32.3577,200,
1790456325499,30.2482,200,
1790456325532,31.2142,200,
1790456325563,29.9908,200,
1790456325591,27.0955,200,
1790456325620,29.0258,200,
1790456325649,27.8619,200,
1790456325678,28.7774,200,
1790456325707,26.1494,200,
1790456325736,27.431,200,
1790456325763,27.1025,200,
1790456325795,30.0188,200,
1790456325824,28.4304,200,
1790456325851,26.3055,200,
1790456325888,34.0821,200,
1790456325922,34.5153,200,
1790456325964,39.0997,200,
1790456326000,34.6368,200,
1790456326046,45.72,200,
1790456326075,27.6187,200,
1790456326105,28.7434,200,
1790456326134,28.5749,200,
1790456326169,33.7989,200,
1790456326196,26.7064,200,
1790456326227,29.7113,200,
1790456326254,26.3636,200,
1790456326283,27.7549,200,
1790456326312,27.9268,200,
1790456326343,30.0114,200,
1790456326373,28.2984,200,
1790456326400,26.9341,200,
1790456326429,27.2745,200,
1790456326459,30.206,200,
1790456326486,25.5597,200,
1790456326520,32.5189,200,
1790456326559,37.5019,200,
1790456326599,39.5691,200,
1790456326667,67.4645,200,
1790456326748,78.6401,200,
1790456326796,46.6733,200,
1790456326851,54.5533,200,
1790456326917,63.5102,200,
1790456326961,42.5209,200,
1790456326994,32.7186,200,
1790456327025,30.3189,200,
1790456327060,29.0974,200,
1790456327103,41.6488,200,
1790456327135,31.0542,200,
1790456327171,34.4033,200,
1790456327197,25.8539,200,
1790456327230,30.9267,200,
1790456327260,29.1484,200,
1790456327288,27.3001,200,
1790456327320,31.4357,200,
1790456327351,29.78,200,
1790456327380,26.6604,200,
1790456327410,28.6137,200,
1790456327437,25.697,200,
1790456327473,35.5853,200,
1790456327504,30.193,200,
1790456327532,26.8917,200,
1790456327562,28.7487,200,
1790456327589,26.827,200,
1790456327624,33.5716,200,
1790456327669,43.6681,200,
1790456327713,42.5998,200,
1790456327752,37.6398,200,
1790456327780,27.1229,200,
1790456327815,33.468,200,
1790456327848,32.0254,200,
1790456327876,27.1797,200,
1790456327907,30.0267,200,
1790456327954,44.022,200,
1790456327984,29.5822,200,
1790456328012,26.3796,200,
1790456328055,41.5881,200,
1790456328086,30.2862,200,
1790456328117,29.5586,200,
1790456328150,32.3646,200,
1790456328190,38.8637,200,
1790456328219,27.3961,200,
1790456328249,28.1837,200,
1790456328277,28.1404,200,
1790456328306,27.142,200,
1790456328335,28.3073,200,
1790456328363,27.56,200,
1790456328391,26.6253,200,
1790456328421,29.0088,200,
1790456328457,34.626,200,
1790456328487,28.4627,200,
1790456328518,29.6409,200,
1790456328546,27.342,200,
1790456328576,28.8466,200,
1790456328606,28.4715,200,
1790456328634,27.5082,200,
1790456328659,24.1492,200,
1790456328692,32.366,200,
1790456328726,33.0432,200,
1790456328760,32.406,200,
1790456328795,33.6609,200,
1790456328825,28.4428,200,
1790456328863,37.8972,200,
1790456328912,47.4813,200,
1790456328946,33.1395,200,
1790456328984,35.7743,200,
1790456329018,33.5815,200,
1790456329052,32.5076,200,
1790456329145,91.9477,200,
1790456329184,39.1836,200,
1790456329223,36.6711,200,
1790456329255,30.7805,200,
1790456329285,28.4286,200,
1790456329313,27.9892,200,
1790456329344,29.8104,200,
1790456329375,29.5449,200,
1790456329403,26.2176,200,
1790456329428,23.781,200,
1790456329454,24.0135,200,
1790456329485,30.1779,200,
1790456329518,32.4638,200,
1790456329552,32.7059,200,
1790456329589,35.3058,200,
1790456329615,26.1542,200,
1790456329655,38.4091,200,
1790456329685,28.9469,200,
1790456329749,63.2496,200,
1790456329783,32.8904,200,
1790456329850,65.6652,200,
1790456329881,29.2474,200,
1790456329912,30.5873,200,
1790456329964,49.812,200,
1790456329993,28.6021,200,
1790456330022,28.0506,200,
1790456330050,27.3615,200,
1790456330080,28.6797,200,
1790456330109,27.746,200,
1790456330138,28.3285,200,
1790456330171,31.5889,200,
1790456330208,36.4216,200,
1790456330244,34.9396,200,
1790456330292,47.2616,200,
1790456330325,30.7349,200,
1790456330352,26.3823,200,
1790456330381,27.5695,200,
1790456330410,29.2982,200,
1790456330446,33.8002,200,
1790456330477,30.3526,200,
1790456330506,27.2095,200,
1790456330544,35.5082,200,
1790456330579,32.8882,200,
1790456330605,25.3386,200,
1790456330640,33.4134,200,
1790456330674,33.2909,200,
1790456330702,27.1864,200,
1790456330736,31.782,200,
1790456330773,36.4237,200,
1790456330800,26.0096,200,
1790456330830,29.2293,200,
1790456330861,28.919,200,
1790456330886,24.8121,200,
1790456330914,26.5219,200,
1790456330943,27.2381,200,
1790456330975,31.4768,200,
1790456331012,36.1654,200,
1790456331043,29.4513,200,
1790456331072,28.282,200,
1790456331100,25.7331,200,
1790456331130,29.4724,200,
1790456331167,34.9908,200,
1790456331195,27.7963,200,
1790456331230,34.0023,200,
1790456331267,34.6604,200,
1790456331295,27.3025,200,
1790456331328,31.3933,200,
1790456331354,25.7699,200,
1790456331381,26.4138,200,
1790456331412,29.2942,200,
1790456331445,31.8093,200,
1790456331475,28.1591,200,
1790456331500,24.1704,200,
1790456331533,32.6353,200,
1790456331600,65.968,200,
1790456331634,32.4446,200,
1790456331670,34.91,200,
1790456331702,30.7866,200,
1790456331735,31.2601,200,
1790456331768,32.0046,200,
1790456331798,29.0883,200,
1790456331828,28.8915,200,
1790456331857,28.0134,200,
1790456331892,32.8,200,
1790456331924,30.2518,200,
1790456331954,28.971,200,
1790456331984,30.0771,200,
1790456332020,33.6652,200,
1790456332055,33.65,200,
1790456332090,32.5555,200,
1790456332120,29.3693,200,
1790456332154,32.986,200,
1790456332186,30.4065,200,
1790456332219,31.7484,200,
1790456332247,27.1322,200,
1790456332280,31.2907,200,
1790456332308,27.4386,200,
1790456332335,26.8821,200,
1790456332373,35.2948,200,
1790456332399,25.7205,200,
1790456332427,26.8741,200,
1790456332465,36.9418,200,
1790456332493,26.7544,200,
1790456332519,25.5519,200,
1790456332556,35.7339,200,
1790456332590,32.4721,200,
1790456332627,36.2884,200,
1790456332677,48.1889,200,
1790456332705,26.8088,200,
1790456332751,44.9316,200,
1790456332785,33.9728,200,
1790456332816,28.8718,200,
1790456332846,28.4594,200,
1790456332878,30.9439,200,
1790456332907,27.7031,200,
1790456332942,32.7368,200,
1790456332975,31.6706,200,
1790456333004,27.4581,200,
1790456333034,29.6451,200,
1790456333066,29.7478,200,
1790456333097,29.9185,200,
1790456333133,34.0821,200,
1790456333160,27.0258,200,
1790456333190,29.7107,200,
1790456333225,32.6644,200,
1790456333252,26.5618,200,
1790456333282,29.0239,200,
1790456333310,27.2532,200,
1790456333344,32.6412,200,
1790456333373,27.8633,200,
1790456333402,28.2565,200,
1790456333431,28.6014,200,
1790456333463,30.2453,200,
1790456333488,24.0745,200,
1790456333517,28.4219,200,
1790456333547,28.447,200,
1790456333573,25.4334,200,
1790456333602,28.2202,200,
1790456333634,29.938,200,
1790456333668,32.3033,200,
1790456333700,31.5618,200,
1790456333730,28.8358,200,
1790456333766,35.3207,200,
1790456333800,32.7732,200,
1790456333831,30.3015,200,
1790456333859,26.9724,200,
1790456333890,28.9964,200,
1790456333922,31.0053,200,
1790456333951,27.0651,200,
1790456333985,31.9931,200,
1790456334013,27.0603,200,
1790456334043,29.2754,200,
1790456334073,28.1408,200,
1790456334111,36.6324,200,
1790456334137,25.0922,200,
1790456334165,27.3547,200,
1790456334199,33.0431,200,
1790456334232,32.3595,200,
1790456334267,32.2241,200,
1790456334296,27.6774,200,
1790456334354,55.5414,200,
1790456334385,30.0459,200,
1790456334411,23.6229,200,
1790456334449,37.5471,200,
1790456334477,27.1194,200,
1790456334507,28.9007,200,
1790456334541,31.8893,200,
1790456334576,33.8314,200,
1790456334606,28.5538,200,
1790456334635,27.8475,200,
1790456334664,27.0541,200,
1790456334696,30.4383,200,
1790456334734,36.949,200,
1790456334765,29.9361,200,
1790456334799,32.524,200,
1790456334829,28.3408,200,
1790456334867,36.6299,200,
1790456334900,32.0563,200,
1790456334931,29.6153,200,
1790456334959,27.3442,200,
1790456334988,28.0934,200,
1790456335017,27.1022,200,
1790456335043,24.9674,200,
1790456335073,28.5762,200,
1790456335107,33.4438,200,
1790456335143,34.8484,200,
1790456335173,29.6624,200,
1790456335204,29.0471,200,
1790456335233,27.0436,200,
1790456335262,27.7661,200,
1790456335296,34.3699,200,
1790456335329,30.6784,200,
1790456335361,30.6129,200,
1790456335393,31.291,200,
1790456335423,29.1134,200,
1790456335453,28.0727,200,
1790456335488,34.1297,200,
1790456335515,26.1325,200,
1790456335544,27.0392,200,
1790456335574,28.8649,200,
1790456335640,64.1558,200,
1790456335670,29.0517,200,
1790456335698,27.4808,200,
1790456335724,24.2871,200,
1790456335755,29.9653,200,
1790456335788,31.191,200,
1790456335812,22.7695,200,
1790456335835,21.9575,200,
1790456335863,27.3464,200,
1790456335895,30.3564,200,
1790456335921,25.8014,200,
1790456335947,25.0242,200,
1790456335977,28.3133,200,
1790456336010,31.729,200,
1790456336042,31.0862,200,
1790456336072,30.0043,200,
1790456336097,23.2726,200,
1790456336126,27.3344,200,
1790456336156,28.2398,200,
1790456336187,30.5098,200,
1790456336214,26.2194,200,
1790456336243,27.75,200,
1790456336274,30.5321,200,
1790456336301,25.9135,200,
1790456336331,28.5804,200,
1790456336362,30.5299,200,
1790456336396,32.1766,200,
1790456336421,23.7977,200,
1790456336449,27.2774,200,
1790456336482,32.2917,200,
1790456336507,23.7513,200,
1790456336537,27.6871,200,
1790456336586,48.0755,200,
1790456336614,26.5848,200,
1790456336644,29.234,200,
1790456336683,37.3212,200,
1790456336711,27.5902,200,
1790456336741,28.9313,200,
1790456336777,34.6586,200,
1790456336820,41.6224,200,
1790456336868,47.1895,200,
1790456336915,45.1056,200,
1790456336954,37.4424,200,
1790456336986,31.7404,200,
1790456337012,24.5032,200,
1790456337043,31.0033,200,
1790456337077,32.5702,200,
1790456337107,28.3522,200,
1790456337134,27.131,200,
1790456337165,30.2365,200,
1790456337196,29.5805,200,
1790456337228,30.3745,200,
1790456337257,28.4383,200,
1790456337287,28.8334,200,
1790456337315,26.9196,200,
1790456337341,25.2965,200,
1790456337374,31.874,200,
1790456337402,26.4848,200,
1790456337430,27.1892,200,
1790456337461,30.6225,200,
1790456337491,28.7748,200,
1790456337518,25.8656,200,
1790456337546,26.511,200,
1790456337579,31.9007,200,
1790456337606,26.0695,200,
1790456337636,28.6915,200,
1790456337672,34.9589,200,
1790456337704,30.4804,200,
1790456337733,27.964,200,
1790456337764,30.4797,200,
1790456337797,31.5465,200,
1790456337827,28.4494,200,
1790456337862,34.2883,200,
1790456337893,29.9709,200,
1790456337920,25.5512,200,
1790456337954,32.8201,200,
1790456337984,28.9534,200,
1790456338011,25.9214,200,
1790456338040,28.0948,200,
1790456338075,33.8245,200,
1790456338106,29.1274,200,
1790456338172,65.2845,200,
1790456338203,29.997,200,
1790456338230,25.9248,200,
1790456338260,28.9954,200,
1790456338290,29.3441,200,
1790456338316,24.6707,200,
1790456338348,30.4598,200,
1790456338379,29.1429,200,
1790456338405,25.7793,200,
1790456338441,34.3474,200,
1790456338474,30.6746,200,
1790456338505,30.463,200,
1790456338539,32.9829,200,
1790456338569,29.2112,200,
1790456338602,31.4608,200,
1790456338631,27.808,200,
1790456338666,34.1718,200,
1790456338696,28.6306,200,
1790456338728,31.2876,200,
1790456338761,32.0632,200,
1790456338800,37.0468,200,
1790456338830,28.8264,200,
1790456338874,42.7992,200,
1790456338920,44.924,200,
1790456338950,28.3981,200,
1790456338987,36.1805,200,
1790456339035,46.5561,200,
1790456339071,34.8658,200,
1790456339129,56.9509,200,
1790456339169,38.3649,200,
1790456339201,31.1721,200,
1790456339241,37.3314,200,
1790456339277,35.3309,200,
1790456339305,27.0458,200,
1790456339332,26.1593,200,
1790456339364,31.2487,200,
1790456339389,23.9876,200,
1790456339416,26.5312,200,
1790456339451,33.2683,200,
1790456339489,36.055,200,
1790456339521,31.6932,200,
1790456339556,33.4257,200,
1790456339587,30.0515,200,
1790456339650,60.7472,200,
1790456339678,28.0336,200,
1790456339711,32.2349,200,
1790456339740,27.5902,200,
1790456339771,29.0184,200,
1790456339806,34.8176,200,
1790456339842,34.0572,200,
1790456339879,36.537,200,
1790456339912,31.446,200,
1790456339943,30.0229,200,
1790456339973,27.7566,200,
1790456339999,24.991,200,
1790456340033,33.1625,200,
1790456340061,27.2964,200,
1790456340090,28.4747,200,
1790456340123,32.4007,200,
1790456340162,36.1322,200,
1790456340197,34.6477,200,
1790456340231,32.957,200,
1790456340270,38.8492,200,
1790456340300,28.9037,200,
1790456340332,29.9558,200,
1790456340366,33.4332,200,
1790456340398,31.1869,200,
1790456340430,31.4517,200,
1790456340472,39.2295,200,
1790456340502,29.6841,200,
1790456340535,31.4441,200,
1790456340586,48.1645,200,
1790456340619,32.1595,200,
1790456340649,28.5195,200,
1790456340681,30.8714,200,
1790456340710,29.3671,200,
1790456340741,28.7331,200,
1790456340771,29.1431,200,
1790456340806,34.7788,200,
1790456340836,27.5513,200,
1790456340868,31.4879,200,
1790456340899,29.7948,200,
1790456340932,31.5527,200,
1790456340968,35.2677,200,
1790456341000,31.5039,200,
1790456341026,25.0886,200,
1790456341064,35.0046,200,
1790456341092,26.8008,200,
1790456341117,24.5589,200,
1790456341147,29.1075,200,
1790456341178,28.6478,200,
1790456341211,32.021,200,
1790456341246,33.8588,200,
1790456341280,33.5145,200,
1790456341310,28.6569,200,
1790456341343,32.7128,200,
1790456341370,26.2188,200,
1790456341404,31.8219,200,
1790456341436,30.9361,200,
1790456341468,31.3119,200,
1790456341500,31.2204,200,
1790456341530,30.1705,200,
1790456341562,29.249,200,
1790456341590,27.7323,200,
1790456341626,34.4089,200,
1790456341668,40.8511,200,
1790456341700,30.5017,200,
1790456341733,32.0472,200,
1790456341768,33.3489,200,
1790456341802,32.5645,200,
1790456341830,27.4126,200,
1790456341861,29.2889,200,
1790456341895,34.1707,200,
1790456341924,27.3907,200,
1790456341957,31.4054,200,
1790456341994,36.3355,200,
1790456342024,27.7733,200,
1790456342057,32.6234,200,
1790456342096,37.2191,200,
1790456342122,24.8889,200,
1790456342153,30.5055,200,
1790456342188,32.8146,200,
1790456342219,30.4725,200,
1790456342248,27.2904,200,
1790456342279,30.2625,200,
1790456342306,26.9126,200,
1790456342345,38.2081,200,
1790456342390,44.1409,200,
1790456342420,28.3435,200,
1790456342449,28.0737,200,
1790456342478,29.2666,200,
1790456342509,29.6428,200,
1790456342548,37.0135,200,
1790456342577,27.4008,200,
1790456342609,30.8159,200,
1790456342639,29.6964,200,
1790456342669,28.19,200,
1790456342701,31.0486,200,
1790456342742,37.9301,200,
1790456342792,50.152,200,
1790456342844,50.2801,200,
1790456342874,28.8671,200,
1790456342907,31.8125,200,
1790456342939,30.6381,200,
1790456342969,29.0162,200,
1790456342998,28.2526,200,
1790456343029,29.4988,200,
1790456343061,31.3505,200,
1790456343093,30.842,200,
1790456343126,31.9435,200,
1790456343160,32.64,200,
1790456343186,24.6509,200,
1790456343217,30.2419,200,
1790456343248,30.1137,200,
1790456343279,30.1249,200,
1790456343307,26.9706,200,
1790456343335,26.9866,200,
1790456343365,28.4743,200,
1790456343391,25.7967,200,
1790456343418,25.4751,200,
1790456343448,28.8427,200,
1790456343477,28.2131,200,
1790456343507,29.1031,200,
1790456343533,25.2484,200,
1790456343567,32.727,200,
1790456343603,34.4853,200,
1790456343640,35.7927,200,
1790456343670,29.7057,200,
1790456343702,30.0128,200,
1790456343733,31.5162,200,
1790456343762,28.2765,200,
1790456343796,31.8402,200,
1790456343826,28.6504,200,
1790456343856,29.6881,200,
1790456343884,26.2311,200,
1790456343920,34.1507,200,
1790456343948,26.2301,200,
1790456343982,33.6054,200,
1790456344012,27.8998,200,
1790456344037,24.2139,200,
1790456344071,32.3774,200,
1790456344108,34.7773,200,
1790456344143,33.6197,200,
1790456344176,32.2654,200,
1790456344206,29.7556,200,
1790456344236,28.5321,200,
1790456344265,27.59,200,
1790456344296,29.0111,200,
1790456344328,31.5345,200,
1790456344357,27.688,200,
1790456344386,27.4606,200,
1790456344416,27.753,200,
1790456344450,33.3458,200,
1790456344484,32.7984,200,
1790456344514,28.0051,200,
1790456344556,40.8094,200,
1790456344586,29.7454,200,
1790456344616,28.1195,200,
1790456344648,31.0455,200,
1790456344679,30.062,200,
1790456344707,27.1761,200,
1790456344746,36.8499,200,
1790456344783,36.3789,200,
1790456344815,31.1778,200,
1790456344844,28.1586,200,
1790456344882,36.5963,200,
1790456344909,26.4556,200,
1790456344937,26.6085,200,
1790456344966,28.4359,200,
1790456344994,26.5548,200,
1790456345024,28.9836,200,
1790456345050,25.3001,200,
1790456345077,25.4602,200,
1790456345109,31.4211,200,
1790456345138,27.1421,200,
1790456345166,26.9233,200,
1790456345200,33.25,200,
1790456345229,29.3172,200,
1790456345264,32.9338,200,
1790456345293,27.7899,200,
1790456345319,24.7958,200,
1790456345351,31.3963,200,
1790456345377,24.5872,200,
1790456345404,25.9222,200,
1790456345435,29.3433,200,
1790456345468,33.2527,200,
1790456345508,37.7658,200,
1790456345542,33.841,200,
1790456345575,31.272,200,
1790456345607,30.8801,200,
1790456345643,34.8167,200,
1790456345676,31.8603,200,
1790456345708,30.4757,200,
1790456345749,39.7904,200,
1790456345779,30.2167,200,
1790456345812,31.0823,200,
1790456345848,35.1822,200,
1790456345880,29.8431,200,
1790456345910,29.0795,200,
1790456345943,30.423,200,
1790456345978,33.9784,200,
1790456346008,29.2794,200,
1790456346044,35.0445,200,
1790456346086,40.67,200,
1790456346116,29.0332,200,
1790456346145,28.2352,200,
1790456346176,30.0072,200,
1790456346208,30.4516,200,
1790456346235,27.1145,200,
1790456346267,28.9135,200,
1790456346298,29.6834,200,
1790456346322,23.9108,200,
1790456346359,35.0659,200,
1790456346387,26.7166,200,
1790456346412,23.4752,200,
1790456346447,33.1867,200,
1790456346477,30.3998,200,
1790456346505,26.3787,200,
1790456346533,26.8149,200,
1790456346563,28.8575,200,
1790456346600,36.0336,200,
1790456346664,61.4106,200,
1790456346696,31.6681,200,
1790456346749,51.0211,200,
1790456346792,42.0031,200,
1790456346840,47.3296,200,
1790456346896,53.9959,200,
1790456346960,63.1268,200,
1790456346996,34.795,200,
1790456347027,29.6714,200,
1790456347067,39.9659,200,
1790456347099,30.2739,200,
1790456347127,26.873,200,
1790456347153,24.3707,200,
1790456347186,32.543,200,
1790456347217,29.0628,200,
1790456347246,28.3814,200,
1790456347275,27.5597,200,
1790456347305,29.0189,200,
1790456347337,30.0866,200,
1790456347369,31.8085,200,
1790456347401,29.7877,200,
1790456347427,25.2497,200,
1790456347468,39.088,200,
1790456347498,28.8294,200,
1790456347526,27.9482,200,
1790456347560,31.226,200,
1790456347590,29.7802,200,
1790456347622,29.6468,200,
1790456347654,31.7273,200,
1790456347698,42.5521,200,
1790456347741,41.6344,200,
1790456347776,33.6579,200,
1790456347808,31.139,200,
1790456347836,27.8569,200,
1790456347870,31.5989,200,
1790456347899,28.7371,200,
1790456347926,26.2717,200,
1790456347957,29.0117,200,
1790456347992,34.2443,200,
1790456348024,30.7416,200,
1790456348056,30.5652,200,
1790456348088,31.2105,200,
1790456348116,27.0721,200,
1790456348146,28.5595,200,
1790456348179,32.1333,200,
1790456348210,29.8045,200,
1790456348251,40.5917,200,
1790456348281,28.9298,200,
1790456348309,27.1017,200,
1790456348333,22.7525,200,
1790456348362,27.6034,200,
1790456348396,33.2074,200,
1790456348426,28.5067,200,
1790456348454,26.3257,200,
1790456348485,30.6754,200,
1790456348510,23.0779,200,
1790456348537,26.7492,200,
1790456348572,33.9636,200,
1790456348601,26.4849,200,
1790456348630,27.9495,200,
1790456348658,27.0116,200,
1790456348686,27.4946,200,
1790456348713,24.9443,200,
1790456348741,26.9112,200,
1790456348774,32.475,200,
1790456348804,28.7795,200,
1790456348829,23.8804,200,
1790456348857,27.2643,200,
1790456348906,47.6828,200,
1790456348951,43.2731,200,
1790456348988,34.8173,200,
1790456349018,26.9978,200,
1790456349044,25.6847,200,
1790456349085,38.534,200,
1790456349112,25.7157,200,
1790456349147,33.378,200,
1790456349183,35.0033,200,
1790456349222,37.8381,200,
1790456349253,30.0331,200,
1790456349289,34.9599,200,
1790456349318,27.8348,200,
1790456349347,28.4467,200,
1790456349380,31.6286,200,
1790456349403,22.5846,200,
1790456349428,24.2269,200,
1790456349457,28.7302,200,
1790456349491,31.2141,200,
1790456349524,32.0673,200,
1790456349551,26.3692,200,
1790456349586,33.9586,200,
1790456349612,23.98,200,
1790456349639,26.3635,200,
1790456349670,29.7185,200,
1790456349698,27.4596,200,
1790456349724,25.2817,200,
1790456349751,25.3532,200,
1790456349789,37.0881,200,
1790456349818,26.6962,200,
1790456349849,30.0186,200,
1790456349881,31.9423,200,
1790456349912,29.3133,200,
1790456349937,24.5995,200,
1790456349965,25.8114,200,
1790456349993,28.2357,200,
1790456350019,24.772,200,
1790456350047,26.5524,200,
1790456350087,38.5048,200,
1790456350113,24.6854,200,
1790456350140,25.877,200,
1790456350172,30.7933,200,
1790456350202,28.4827,200,
1790456350227,24.3251,200,
1790456350257,28.6429,200,
1790456350290,32.264,200,
1790456350317,25.731,200,
1790456350344,27.3729,200,
1790456350373,27.3783,200,
1790456350396,22.518,200,
1790456350425,27.9231,200,
1790456350451,24.9794,200,
1790456350491,38.6259,200,
1790456350520,27.2505,200,
1790456350548,26.694,200,
1790456350582,33.6633,200,
1790456350614,29.1412,200,
1790456350641,25.9303,200,
1790456350673,31.5639,200,
1790456350706,30.9388,200,
1790456350738,30.9857,200,
1790456350769,30.8049,200,
1790456350806,35.1794,200,
1790456350833,25.8396,200,
1790456350864,29.1356,200,
1790456350890,25.3792,200,
1790456350923,31.8386,200,
1790456350956,31.8964,200,
1790456350985,28.0166,200,
1790456351014,28.1896,200,
1790456351052,36.8918,200,
1790456351083,30.0586,200,
1790456351123,38.8442,200,
1790456351155,31.1464,200,
1790456351184,27.7347,200,
1790456351213,27.9172,200,
1790456351244,29.0749,200,
1790456351278,33.4233,200,
1790456351311,31.3739,200,
1790456351346,33.927,200,
1790456351379,31.3864,200,
1790456351407,27.9633,200,
1790456351435,26.5798,200,
1790456351460,24.7147,200,
1790456351496,34.0479,200,
1790456351525,27.7807,200,
1790456351555,28.9585,200,
1790456351584,27.988,200,
1790456351623,36.8409,200,
1790456351663,39.1335,200,
1790456351700,34.8919,200,
1790456351727,25.8646,200,
1790456351755,27.3483,200,
1790456351793,35.9031,200,
1790456351824,30.8853,200,
1790456351854,28.403,200,
1790456351890,34.4365,200,
1790456351922,31.0256,200,
1790456351958,34.5834,200,
1790456351989,31.2303,200,
1790456352015,24.5763,200,
1790456352048,30.8491,200,
1790456352081,32.1885,200,
1790456352118,35.0773,200,
1790456352149,30.5902,200,
1790456352186,34.396,200,
1790456352218,32.1052,200,
1790456352251,31.361,200,
1790456352283,30.8968,200,
1790456352310,25.8137,200,
1790456352338,27.5845,200,
1790456352374,33.0096,200,
1790456352402,26.6349,200,
1790456352432,29.7755,200,
1790456352464,30.2985,200,
1790456352490,24.9256,200,
1790456352522,29.6379,200,
1790456352561,37.7466,200,
1790456352597,34.8489,200,
1790456352626,28.0664,200,
1790456352659,32.3342,200,
1790456352695,34.6987,200,
1790456352735,37.9717,200,
1790456352765,28.9318,200,
1790456352794,28.7276,200,
1790456352830,34.3333,200,
1790456352859,28.1933,200,
1790456352888,27.5521,200,
1790456352916,27.9289,200,
1790456352948,29.5771,200,
1790456352981,32.2537,200,
1790456353016,33.085,200,
1790456353049,32.3967,200,
1790456353085,35.1746,200,
1790456353113,26.6917,200,
1790456353143,28.9444,200,
1790456353170,26.1121,200,
1790456353203,31.0441,200,
1790456353231,27.5446,200,
1790456353262,30.1797,200,
1790456353290,26.126,200,
1790456353322,30.8401,200,
1790456353350,26.88,200,
1790456353385,32.2237,200,
1790456353412,26.8283,200,
1790456353442,27.3943,200,
1790456353469,26.003,200,
1790456353498,27.8933,200,
1790456353527,27.5969,200,
1790456353555,27.093,200,
1790456353582,26.4688,200,
1790456353612,28.8444,200,
1790456353648,33.9372,200,
1790456353679,30.2438,200,
1790456353708,27.98,200,
1790456353741,32.7835,200,
1790456353774,32.4181,200,
1790456353809,33.3039,200,
1790456353837,26.1897,200,
1790456353865,27.3827,200,
1790456353898,31.8137,200,
1790456353929,30.3066,200,
1790456353958,28.1287,200,
1790456353998,38.3381,200,
1790456354030,30.4121,200,
1790456354059,28.6672,200,
1790456354088,27.9879,200,
1790456354117,26.9282,200,
1790456354148,30.0189,200,
1790456354175,27.2877,200,
1790456354207,30.4975,200,
1790456354239,31.1213,200,
1790456354268,27.0015,200,
1790456354296,27.3063,200,
1790456354329,32.056,200,
1790456354373,43.2294,200,
1790456354404,29.0625,200,
1790456354431,26.9294,200,
1790456354462,29.5306,200,
1790456354493,29.6915,200,
1790456354522,28.779,200,
1790456354549,25.8203,200,
1790456354580,28.5813,200,
1790456354606,24.5326,200,
1790456354632,24.3272,200,
1790456354662,29.7826,200,
1790456354698,34.5913,200,
1790456354741,40.8959,200,
1790456354770,28.3114,200,
1790456354806,34.4771,200,
1790456354836,29.3855,200,
1790456354864,26.8276,200,
1790456354898,31.9395,200,
1790456354927,28.0413,200,
1790456354954,26.3982,200,
1790456354984,28.7492,200,
1790456355014,29.8016,200,
1790456355050,33.3399,200,
1790456355079,28.4114,200,
1790456355112,32.0672,200,
1790456355141,27.6238,200,
1790456355172,29.1433,200,
1790456355204,30.3235,200,
1790456355235,29.9824,200,
1790456355265,28.8933,200,
1790456355300,33.6233,200,
1790456355329,28.7796,200,
1790456355364,33.2065,200,
1790456355395,29.3598,200,
1790456355427,31.0478,200,
1790456355456,28.5445,200,
1790456355486,27.9481,200,
1790456355514,26.9475,200,
1790456355548,32.9893,200,
1790456355577,27.5047,200,
1790456355606,27.2422,200,
1790456355634,27.2354,200,
1790456355667,31.1389,200,
1790456355711,42.8586,200,
1790456355743,32.2408,200,
1790456355774,29.3097,200,
1790456355806,30.4462,200,
1790456355834,26.0602,200,
1790456355860,26.4124,200,
1790456355889,27.2366,200,
1790456355919,28.7471,200,
1790456355951,31.1615,200,
1790456355982,29.787,200,
1790456356012,28.7162,200,
1790456356047,34.2715,200,
1790456356077,28.9299,200,
1790456356112,32.1593,200,
1790456356139,26.568,200,
1790456356173,32.3274,200,
1790456356202,27.9452,200,
1790456356232,29.2733,200,
1790456356263,29.8181,200,
1790456356295,30.7558,200,
1790456356321,25.8795,200,
1790456356346,23.534,200,
1790456356372,26.282,200,
1790456356405,30.3465,200,
1790456356432,26.9961,200,
1790456356465,30.851,200,
1790456356496,31.1929,200,
1790456356524,26.24,200,
1790456356556,30.3442,200,
1790456356586,31.0837,200,
1790456356628,38.8843,200,
1790456356661,32.0153,200,
1790456356690,28.8339,200,
1790456356718,25.8299,200,
1790456356750,31.5831,200,
1790456356797,45.1257,200,
1790456356833,35.2456,200,
1790456356893,59.0981,200,
1790456356963,68.5904,200,
1790456356996,31.1012,200,
1790456357032,34.2343,200,
1790456357064,31.6876,200,
1790456357099,33.5612,200,
1790456357130,30.0973,200,
1790456357156,25.1125,200,
1790456357187,30.0924,200,
1790456357216,28.4134,200,
1790456357245,28.449,200,
1790456357278,31.6981,200,
1790456357310,30.1154,200,
1790456357337,26.6709,200,
1790456357369,31.0057,200,
1790456357399,29.1756,200,
1790456357426,25.4597,200,
1790456357455,27.5394,200,
1790456357480,24.7388,200,
1790456357510,27.6409,200,
1790456357540,28.1619,200,
1790456357574,34.1289,200,
1790456357608,31.9921,200,
1790456357638,28.811,200,
1790456357676,36.8111,200,
1790456357735,57.2594,200,
1790456357773,37.3314,200,
1790456357809,34.8722,200,
1790456357842,31.5746,200,
1790456357878,35.7507,200,
1790456357907,28.0845,200,
1790456357938,30.2289,200,
1790456357969,29.1667,200,
1790456358003,33.5487,200,
1790456358036,31.3899,200,
1790456358069,31.7333,200,
1790456358103,32.4426,200,
1790456358133,29.5929,200,
1790456358160,25.8347,200,
1790456358189,27.5878,200,
1790456358217,26.7568,200,
1790456358247,28.6879,200,
1790456358282,34.2653,200,
1790456358311,28.2055,200,
1790456358343,30.7305,200,
1790456358377,32.6673,200,
1790456358411,32.9955,200,
1790456358445,31.9667,200,
1790456358474,28.1876,200,
1790456358543,67.9722,200,
1790456358570,25.9133,200,
1790456358601,29.9424,200,
1790456358629,27.1712,200,
1790456358657,26.9486,200,
1790456358691,32.0954,200,
1790456358721,28.5622,200,
1790456358753,31.6048,200,
1790456358796,41.8269,200,
1790456358832,35.1545,200,
1790456358862,29.1281,200,
1790456358901,37.7227,200,
1790456358944,41.4483,200,
1790456358971,26.4513,200,
1790456359012,38.9593,200,
1790456359051,38.2063,200,
1790456359084,31.7355,200,
1790456359122,35.9402,200,
1790456359160,37.3526,200,
1790456359189,27.4442,200,
1790456359228,37.0496,200,
1790456359261,32.322,200,
1790456359291,27.2367,200,
1790456359324,32.4393,200,
1790456359351,27.3501,200,
1790456359383,29.5212,200,
1790456359415,30.8313,200,
1790456359447,31.2544,200,
1790456359505,57.2058,200,
1790456359558,51.2704,200,
1790456359654,95.5983,200,
1790456359683,27.152,200,
1790456359720,37.1745,200,
1790456359758,36.6187,200,
1790456359839,79.0904,200,
1790456359925,86.4122,200,
1790456360013,84.7756,200,
1790456360060,46.508,200,
1790456360124,63.8654,200,
1790456360214,87.9823,200,
1790456360243,27.5899,200,
1790456360276,32.3571,200,
1790456360301,24.6114,200,
1790456360327,24.8229,200,
1790456360393,63.8787,200,
1790456360418,23.5696,200,
1790456360444,26.3149,200,
1790456360476,29.8809,200,
1790456360503,26.6503,200,
1790456360531,27.1276,200,
1790456360561,28.2063,200,
1790456360616,53.9928,200,
1790456360649,31.8273,200,
1790456360729,79.4333,200,
1790456360765,33.837,200,
1790456360821,55.0535,200,
1790456360850,28.1996,200,
1790456360878,26.7117,200,
1790456360905,25.9992,200,
1790456360936,28.9077,200,
1790456360969,32.8197,200,
1790456361003,33.8033,200,
1790456361034,28.1813,200,
1790456361073,38.6424,200,
1790456361106,30.7895,200,
1790456361133,26.9593,200,
1790456361167,32.1789,200,
1790456361200,31.5498,200,
1790456361224,23.9073,200,
1790456361253,27.7019,200,
1790456361287,33.0835,200,
1790456361310,22.6661,200,
1790456361339,27.6231,200,
1790456361380,40.3709,200,
1790456361415,34.2244,200,
1790456361442,25.0491,200,
1790456361471,28.7092,200,
1790456361499,26.4566,200,
1790456361526,26.1993,200,
1790456361565,37.5679,200,
1790456361596,30.0924,200,
1790456361648,50.3409,200,
1790456361687,36.7703,200,
1790456361714,26.9406,200,
1790456361740,25.1709,200,
1790456361770,28.8462,200,
1790456361802,31.0172,200,
1790456361827,23.39,200,
1790456361851,23.5793,200,
1790456361885,32.3512,200,
1790456361915,28.9749,200,
1790456361954,37.4916,200,
1790456361989,33.7489,200,
1790456362015,24.427,200,
1790456362042,26.1881,200,
1790456362075,31.8945,200,
1790456362107,30.4933,200,
1790456362133,25.272,200,
1790456362164,30.3774,200,
1790456362195,29.5648,200,
1790456362218,22.5326,200,
1790456362245,25.6617,200,
1790456362275,29.4021,200,
1790456362303,26.1095,200,
1790456362329,24.8303,200,
1790456362363,31.8409,200,
1790456362391,27.2935,200,
1790456362419,27.2762,200,
1790456362445,25.0791,200,
1790456362479,33.2099,200,
1790456362508,28.044,200,
1790456362538,29.1668,200,
1790456362569,30.1878,200,
1790456362601,30.1538,200,
1790456362627,25.3087,200,
1790456362661,32.3215,200,
1790456362709,46.4797,200,
1790456362738,27.4681,200,
1790456362772,33.1796,200,
1790456362808,34.7857,200,
1790456362840,30.6488,200,
1790456362869,28.4778,200,
1790456362896,25.4983,200,
1790456362923,25.7007,200,
1790456362960,35.2685,200,
1790456362989,29.3878,200,
1790456363017,25.9098,200,
1790456363046,26.565,200,
1790456363079,32.4234,200,
1790456363112,31.9299,200,
1790456363140,26.1795,200,
1790456363169,28.1442,200,
1790456363195,24.7597,200,
1790456363226,30.2203,200,
1790456363259,31.9041,200,
1790456363288,28.8806,200,
1790456363317,27.5667,200,
1790456363347,28.183,200,
1790456363378,31.2545,200,
1790456363408,28.5588,200,
1790456363435,25.9632,200,
1790456363463,26.0972,200,
1790456363494,30.9635,200,
1790456363527,30.7105,200,
1790456363561,32.3084,200,
1790456363596,34.2681,200,
1790456363626,29.1685,200,
1790456363657,30.4066,200,
1790456363681,23.8475,200,
1790456363710,27.6087,200,
1790456363738,26.4279,200,
1790456363772,33.6556,200,
1790456363830,55.2525,200,
1790456363869,38.2531,200,
1790456363902,31.6597,200,
1790456363936,32.9486,200,
1790456363967,31.1091,200,
1790456363995,26.2846,200,
1790456364027,30.2589,200,
1790456364076,48.4479,200,
1790456364109,33.4776,200,
1790456364142,30.9841,200,
1790456364177,32.0419,200,
1790456364213,35.4717,200,
1790456364251,35.4012,200,
1790456364282,29.7876,200,
1790456364314,31.5359,200,
1790456364348,31.829,200,
1790456364386,37.1038,200,
1790456364422,35.133,200,
1790456364453,29.4342,200,
1790456364493,38.2918,200,
1790456364529,35.0319,200,
1790456364570,39.203,200,
1790456364602,31.6511,200,
1790456364650,46.9152,200,
1790456364676,24.8889,200,
1790456364705,27.6966,200,
1790456364736,30.5253,200,
1790456364770,32.7989,200,
1790456364813,40.867,200,
1790456364842,28.8683,200,
1790456364877,33.3109,200,
1790456364908,31.5215,200,
1790456364938,27.9839,200,
1790456364967,27.878,200,
1790456364996,28.6343,200,
1790456365025,27.7263,200,
1790456365057,31.3026,200,
1790456365083,24.1938,200,
1790456365112,28.4415,200,
1790456365150,36.7365,200,
1790456365180,29.5978,200,
1790456365213,31.7276,200,
1790456365251,36.4118,200,
1790456365283,30.427,200,
1790456365314,32.0259,200,
1790456365351,33.7186,200,
1790456365380,28.6409,200,
1790456365409,27.8462,200,
1790456365439,29.7519,200,
1790456365479,37.9098,200,
1790456365510,29.7285,200,
1790456365541,30.0019,200,
1790456365570,27.8517,200,
1790456365600,27.7647,200,
1790456365629,27.8705,200,
1790456365659,29.703,200,
1790456365689,28.8136,200,
1790456365717,26.296,200,
1790456365748,30.9113,200,
1790456365780,31.2507,200,
1790456365808,26.6808,200,
1790456365833,23.8048,200,
1790456365867,33.6297,200,
1790456365908,38.6398,200,
1790456365940,32.115,200,
1790456365972,30.7749,200,
1790456366005,31.2732,200,
1790456366036,30.4425,200,
1790456366067,30.6241,200,
1790456366099,30.261,200,
1790456366131,31.0107,200,
1790456366160,28.2777,200,
1790456366185,24.0645,200,
1790456366214,28.2092,200,
1790456366250,34.6119,200,
1790456366281,28.5264,200,
1790456366309,26.9926,200,
1790456366346,35.4459,200,
1790456366374,26.9429,200,
1790456366407,31.3402,200,
1790456366437,28.8362,200,
1790456366463,24.9441,200,
1790456366490,26.3235,200,
1790456366518,27.5338,200,
1790456366548,29.808,200,
1790456366576,26.66,200,
1790456366607,29.2319,200,
1790456366636,29.4983,200,
1790456366694,55.0465,200,
1790456366753,58.2515,200,
1790456366792,39.0946,200,
1790456366829,33.6576,200,
1790456366888,58.19,200,
1790456366936,47.386,200,
1790456366978,40.2173,200,
1790456367049,70.2068,200,
1790456367085,34.8126,200,
1790456367117,30.0528,200,
1790456367148,30.3161,200,
1790456367176,27.5838,200,
1790456367203,25.9399,200,
1790456367231,26.4078,200,
1790456367258,25.6176,200,
1790456367286,27.4856,200,
1790456367317,29.36,200,
1790456367351,31.3515,200,
1790456367378,26.6835,200,
1790456367407,27.9436,200,
1790456367435,27.8342,200,
1790456367461,24.3873,200,
1790456367499,36.2605,200,
1790456367530,30.0884,200,
1790456367562,30.4064,200,
1790456367591,27.9021,200,
1790456367618,25.7551,200,
1790456367650,31.2856,200,
1790456367684,33.4556,200,
1790456367720,34.4514,200,
1790456367764,42.5319,200,
1790456367826,59.8155,200,
1790456367857,29.8956,200,
1790456367891,33.5747,200,
1790456367921,28.4434,200,
1790456367955,32.9478,200,
1790456367983,26.6533,200,
1790456368013,28.8132,200,
1790456368048,34.0109,200,
1790456368079,31.0167,200,
1790456368108,27.0598,200,
1790456368143,34.1462,200,
1790456368177,32.7721,200,
1790456368208,28.9218,200,
1790456368235,27.121,200,
1790456368266,29.4661,200,
1790456368299,30.9097,200,
1790456368329,29.3875,200,
1790456368364,33.1343,200,
1790456368394,29.9314,200,
1790456368463,66.8966,200,
1790456368497,32.9737,200,
1790456368531,33.0853,200,
1790456368561,30.3533,200,
1790456368588,25.9442,200,
1790456368620,30.5692,200,
1790456368649,27.1912,200,
1790456368676,25.8896,200,
1790456368703,25.3585,200,
1790456368733,29.8649,200,
1790456368761,26.5848,200,
1790456368798,35.7996,200,
1790456368827,28.4178,200,
1790456368862,34.0657,200,
1790456368893,29.0783,200,
1790456368937,43.1287,200,
1790456368979,41.0348,200,
1790456369018,36.994,200,
1790456369045,26.0979,200,
1790456369075,29.3668,200,
1790456369136,59.5119,200,
1790456369238,101.3469,200,
1790456369425,185.4448,200,
1790456369632,205.8518,200,
1790456369722,88.4654,200,
1790456369831,108.294,200,
1790456369928,96.4908,200,
1790456370039,110.3045,200,
1790456370123,82.8387,200,
1790456370149,24.5413,200,
1790456370236,86.6592,200,
1790456370325,87.499,200,
1790456370432,107.2287,200,
1790456370522,88.4897,200,
1790456370639,115.8621,200,
1790456370822,182.208,200,
1790456370915,92.1141,200,
1790456370943,26.4022,200,
1790456371129,185.6995,200,
1790456371322,192.0234,200,
1790456371443,118.8025,200,
1790456371531,87.164,200,
1790456371728,196.1861,200,
1790456371833,104.135,200,
1790456371934,99.5965,200,
1790456372129,194.4908,200,
1790456372319,188.7413,200,
1790456372434,113.4847,200,
1790456372535,99.5197,200,
1790456372629,93.6868,200,
1790456372737,107.1178,200,
1790456372921,182.9594,200,
1790456373034,111.1882,200,
1790456373226,191.2744,200,
1790456373322,95.0259,200,
1790456373424,100.4364,200,
1790456373521,96.9318,200,
1790456373563,39.7915,200,
1790456373597,33.3996,200,
1790456373622,23.461,200,
1790456373648,25.0656,200,
1790456373682,32.6568,200,
1790456373707,24.2544,200,
1790456373731,23.5907,200,
1790456373757,24.4393,200,
1790456373796,38.9569,200,
1790456373827,29.1797,200,
1790456373859,28.6295,200,
1790456373886,27.2501,200,
1790456373914,25.9676,200,
1790456373942,27.1443,200,
1790456373976,32.7817,200,
1790456374004,26.639,200,
1790456374028,23.3432,200,
1790456374053,23.0815,200,
1790456374084,28.0602,200,
1790456374110,26.5731,200,
1790456374137,25.0332,200,
1790456374170,32.3135,200,
1790456374198,27.4389,200,
1790456374245,44.8785,200,
1790456374277,31.1618,200,
1790456374303,25.2881,200,
1790456374328,24.4863,200,
1790456374361,31.185,200,
1790456374391,28.2129,200,
1790456374421,29.3148,200,
1790456374448,25.0347,200,
1790456374483,34.2852,200,
1790456374507,22.607,200,
1790456374535,26.8424,200,
1790456374574,38.7998,200,
1790456374602,25.8779,200,
1790456374629,26.9848,200,
1790456374660,29.7319,200,
1790456374688,26.9122,200,
1790456374713,23.7904,200,
1790456374738,23.6561,200,
1790456374766,27.8966,200,
1790456374800,32.4595,200,
1790456374829,27.7172,200,
1790456374861,30.9037,200,
1790456374894,31.9,200,
1790456374918,23.9322,200,
1790456374946,26.4744,200,
1790456374975,27.6931,200,
1790456375004,27.3143,200,
1790456375031,25.5068,200,
1790456375060,27.7458,200,
1790456375091,30.7711,200,
1790456375117,25.0431,200,
1790456375142,23.4938,200,
1790456375171,27.891,200,
1790456375202,30.5471,200,
1790456375233,29.6525,200,
1790456375261,27.0353,200,
1790456375291,28.4338,200,
1790456375318,26.2141,200,
1790456375348,29.1245,200,
1790456375382,32.937,200,
1790456375406,22.8855,200,
1790456375437,30.3765,200,
1790456375466,28.0789,200,
1790456375494,26.7163,200,
1790456375524,28.7894,200,
1790456375553,28.2792,200,
1790456375585,30.6376,200,
1790456375611,25.0724,200,
1790456375638,25.9278,200,
1790456375666,27.2691,200,
1790456375699,31.7291,200,
1790456375723,23.34,200,
1790456375752,26.6965,200,
1790456375783,30.3979,200,
1790456375815,30.4027,200,
1790456375846,29.6794,200,
1790456375875,29.2597,200,
1790456375947,68.5657,200,
1790456375977,30.6956,200,
1790456376053,74.5784,200,
1790456376088,34.4586,200,
1790456376122,31.975,200,
1790456376149,26.7941,200,
1790456376194,43.6636,200,
1790456376223,28.1772,200,
1790456376251,26.2683,200,
1790456376281,28.847,200,
1790456376312,30.1388,200,
1790456376341,27.7921,200,
1790456376370,27.7588,200,
1790456376400,29.4127,200,
1790456376433,32.0392,200,
1790456376461,26.8622,200,
1790456376492,30.7399,200,
1790456376522,28.9031,200,
1790456376552,29.4814,200,
1790456376592,37.8975,200,
1790456376618,25.3837,200,
1790456376655,36.0518,200,
1790456376696,39.6544,200,
1790456376742,44.5958,200,
1790456376772,29.1432,200,
1790456376815,41.1766,200,
1790456376858,41.6077,200,
1790456376916,56.9046,200,
1790456376975,58.0107,200,
1790456377010,32.9774,200,
1790456377037,26.5624,200,
1790456377073,34.7151,200,
1790456377108,34.6597,200,
1790456377141,30.4257,200,
1790456377172,30.5706,200,
1790456377250,75.8726,200,
1790456377279,27.9662,200,
1790456377306,25.9203,200,
1790456377336,29.5201,200,
1790456377368,30.3956,200,
1790456377400,30.3741,200,
1790456377426,26.2742,200,
1790456377455,26.6907,200,
1790456377487,30.9,200,
1790456377517,29.1706,200,
1790456377551,32.8017,200,
1790456377581,29.429,200,
1790456377606,23.7641,200,
1790456377637,29.6476,200,
1790456377679,41.201,200,
1790456377716,35.7383,200,
1790456377755,38.0649,200,
1790456377803,46.1199,200,
1790456377841,37.4428,200,
1790456377881,38.6145,200,
1790456377910,28.1204,200,
1790456377942,31.2424,200,
1790456377972,28.7722,200,
1790456378001,27.593,200,
1790456378035,32.6932,200,
1790456378067,31.2631,200,
1790456378104,35.9618,200,
1790456378135,29.5123,200,
1790456378168,31.34,200,
1790456378197,27.681,200,
1790456378246,47.8277,200,
1790456378278,30.9526,200,
1790456378309,29.7567,200,
1790456378338,28.8508,200,
1790456378365,24.9102,200,
1790456378391,25.5431,200,
1790456378426,34.3272,200,
1790456378456,28.4751,200,
1790456378485,27.4972,200,
1790456378517,31.3805,200,
1790456378573,54.998,200,
1790456378598,24.0309,200,
1790456378623,23.5355,200,
1790456378647,23.5962,200,
1790456378669,22.6345,200,
1790456378692,20.9046,200,
1790456378713,20.1945,200,
1790456378737,21.8635,200,
1790456378759,20.2561,200,
1790456378781,22.5145,200,
1790456378806,22.8341,200,
1790456378827,21.0922,200,
1790456378858,29.6,200,
1790456378900,40.7456,200,
1790456378965,63.3338,200,
1790456378994,27.7866,200,
1790456379030,35.0842,200,
1790456379066,34.9466,200,
1790456379096,29.0679,200,
1790456379134,36.5894,200,
1790456379163,27.3262,200,
1790456379196,32.5281,200,
1790456379248,50.8412,200,
1790456379294,44.5405,200,
1790456379323,28.2535,200,
1790456379356,32.6516,200,
1790456379388,30.3701,200,
1790456379419,30.0448,200,
1790456379447,26.5002,200,
1790456379478,30.725,200,
1790456379533,52.781,200,
1790456379560,26.4323,200,
1790456379593,31.3701,200,
1790456379635,41.1853,200,
1790456379674,38.4329,200,
1790456379704,28.8324,200,
1790456379736,30.7909,200,
1790456379764,25.5689,200,
1790456379799,34.0831,200,
1790456379830,29.9107,200,
1790456379864,32.4342,200,
1790456379896,30.9905,200,
1790456379922,25.2091,200,
1790456379951,27.4754,200,
1790456379982,29.4902,200,
1790456380012,28.7364,200,
1790456380043,29.6521,200,
1790456380079,34.9551,200,
1790456380105,25.6624,200,
1790456380134,26.8277,200,
1790456380161,26.9679,200,
1790456380196,33.0884,200,
1790456380227,30.5627,200,
1790456380254,25.0764,200,
1790456380286,30.9514,200,
1790456380316,29.3634,200,
1790456380363,46.3698,200,
1790456380396,31.5149,200,
1790456380454,56.9837,200,
1790456380480,26.1519,200,
1790456380512,30.1577,200,
1790456380536,23.472,200,
1790456380568,30.8417,200,
1790456380601,30.8853,200,
1790456380642,39.9419,200,
1790456380672,29.1538,200,
1790456380704,31.373,200,
1790456380733,28.1475,200,
1790456380761,27.4351,200,
1790456380795,32.1523,200,
1790456380823,26.9111,200,
1790456380851,27.049,200,
1790456380884,32.2881,200,
1790456380918,33.6383,200,
1790456380949,30.1735,200,
1790456380987,34.7756,200,
1790456381021,32.9482,200,
1790456381051,29.3582,200,
1790456381084,32.0639,200,
1790456381118,33.7378,200,
1790456381152,32.856,200,
1790456381192,38.6469,200,
1790456381226,33.2752,200,
1790456381257,29.4045,200,
1790456381287,29.3836,200,
1790456381315,26.556,200,
1790456381342,26.9493,200,
1790456381369,25.4408,200,
1790456381409,37.8478,200,
1790456381437,26.9794,200,
1790456381465,26.8381,200,
1790456381510,44.0902,200,
1790456381544,31.7484,200,
1790456381580,35.5801,200,
1790456381610,28.9941,200,
1790456381650,38.1583,200,
1790456381680,28.9911,200,
1790456381713,30.7435,200,
1790456381744,30.3004,200,
1790456381778,33.2963,200,
1790456381811,32.1109,200,
1790456381842,29.2438,200,
1790456381872,29.6078,200,
1790456381901,27.4695,200,
1790456381934,31.9479,200,
1790456381968,32.8513,200,
1790456382001,32.7904,200,
1790456382030,27.7234,200,
1790456382060,27.419,200,
1790456382089,27.3966,200,
1790456382123,32.8059,200,
1790456382162,37.5464,200,
1790456382193,29.6812,200,
1790456382223,28.5814,200,
1790456382262,37.0874,200,
1790456382299,37.7088,200,
1790456382329,27.572,200,
1790456382360,29.984,200,
1790456382394,32.0468,200,
1790456382427,33.7146,200,
1790456382460,31.3393,200,
1790456382489,26.6974,200,
1790456382532,40.8792,200,
1790456382563,29.7861,200,
1790456382597,32.8568,200,
1790456382628,30.0104,200,
1790456382656,26.9312,200,
1790456382686,28.9973,200,
1790456382720,32.773,200,
1790456382753,32.0156,200,
1790456382789,33.207,200,
1790456382819,28.4405,200,
1790456382850,29.8847,200,
1790456382884,33.0517,200,
1790456382919,33.1736,200,
1790456382956,36.1057,200,
1790456382989,31.9132,200,
1790456383026,35.8599,200,
1790456383054,27.1547,200,
1790456383083,28.7113,200,
1790456383113,28.0838,200,
1790456383143,29.3959,200,
1790456383174,29.6384,200,
1790456383208,33.6974,200,
1790456383241,31.3714,200,
1790456383273,31.6933,200,
1790456383302,27.3119,200,
1790456383331,28.0362,200,
1790456383359,26.84,200,
1790456383386,25.7705,200,
1790456383415,28.0414,200,
1790456383444,27.3941,200,
1790456383470,24.7816,200,
1790456383496,25.2865,200,
1790456383529,31.7057,200,
1790456383561,31.1193,200,
1790456383591,28.6019,200,
1790456383619,27.9896,200,
1790456383651,30.1231,200,
1790456383685,33.7704,200,
1790456383713,26.4959,200,
1790456383743,29.1099,200,
1790456383775,31.4502,200,
1790456383817,40.5968,200,
1790456383848,30.6506,200,
1790456383881,31.5928,200,
1790456383908,26.2685,200,
1790456383936,26.3063,200,
1790456383968,31.0188,200,
1790456384001,32.3122,200,
1790456384030,28.4466,200,
1790456384058,26.6424,200,
1790456384087,27.6931,200,
1790456384123,35.1344,200,
1790456384150,26.4937,200,
1790456384186,34.9146,200,
1790456384219,31.5194,200,
1790456384252,31.0059,200,
1790456384283,30.2927,200,
1790456384313,28.2679,200,
1790456384347,33.8258,200,
1790456384374,26.689,200,
1790456384400,24.8818,200,
1790456384428,26.7194,200,
1790456384465,36.1517,200,
1790456384502,35.6817,200,
1790456384536,32.8363,200,
1790456384566,28.5019,200,
1790456384604,36.0714,200,
1790456384634,28.4187,200,
1790456384663,27.7692,200,
1790456384693,28.8075,200,
1790456384722,27.9288,200,
1790456384747,24.8446,200,
1790456384777,28.4646,200,
1790456384818,39.5516,200,
1790456384848,29.7273,200,
1790456384881,31.4071,200,
1790456384917,35.4625,200,
1790456384951,32.4137,200,
1790456384979,27.2115,200,
1790456385006,25.8506,200,
1790456385035,28.4474,200,
1790456385066,29.5489,200,
1790456385093,26.4653,200,
1790456385123,27.9934,200,
1790456385157,32.7081,200,
1790456385186,27.7409,200,
1790456385217,29.8909,200,
1790456385249,31.133,200,
1790456385282,31.9421,200,
1790456385309,25.6686,200,
1790456385336,27.057,200,
1790456385365,27.226,200,
1790456385397,30.0677,200,
1790456385429,31.1659,200,
1790456385456,25.7089,200,
1790456385487,30.4947,200,
1790456385523,34.6218,200,
1790456385548,23.6472,200,
1790456385578,28.7872,200,
1790456385607,28.0235,200,
1790456385636,27.7541,200,
1790456385664,27.1582,200,
1790456385698,32.7532,200,
1790456385736,36.5248,200,
1790456385769,31.7264,200,
1790456385804,34.1185,200,
1790456385831,25.364,200,
1790456385861,30.0021,200,
1790456385888,26.5937,200,
1790456385914,23.7965,200,
1790456385942,27.0406,200,
1790456385970,27.8896,200,
1790456386005,33.3844,200,
1790456386032,24.8746,200,
1790456386060,27.4135,200,
1790456386089,28.6106,200,
1790456386118,27.7441,200,
1790456386147,28.2493,200,
1790456386178,29.5379,200,
1790456386205,25.8072,200,
1790456386233,27.1423,200,
1790456386266,31.4186,200,
1790456386299,31.4309,200,
1790456386324,23.6393,200,
1790456386355,29.5067,200,
1790456386383,28.0712,200,
1790456386410,25.3175,200,
1790456386437,25.4045,200,
1790456386464,26.4999,200,
1790456386501,35.3098,200,
1790456386528,25.7745,200,
1790456386556,27.9934,200,
1790456386593,35.2908,200,
1790456386626,31.3754,200,
1790456386657,30.5898,200,
1790456386702,42.9641,200,
1790456386736,33.502,200,
1790456386779,42.0878,200,
1790456386852,69.5578,200,
1790456386912,57.7459,200,
1790456386962,48.7479,200,
1790456386999,36.4496,200,
1790456387025,24.9105,200,
1790456387050,23.9715,200,
1790456387089,37.1814,200,
1790456387123,33.5076,200,
1790456387156,31.9246,200,
1790456387188,29.6721,200,
1790456387212,23.5876,200,
1790456387243,29.4934,200,
1790456387275,31.1674,200,
1790456387306,30.4167,200,
1790456387334,26.6379,200,
1790456387364,29.6551,200,
1790456387394,28.8381,200,
1790456387427,30.952,200,
1790456387452,25.4153,200,
1790456387482,28.2922,200,
1790456387507,24.3881,200,
1790456387535,26.1599,200,
1790456387570,34.4104,200,
1790456387608,36.4999,200,
1790456387635,25.8578,200,
1790456387665,28.7504,200,
1790456387702,36.734,200,
1790456387728,24.4809,200,
1790456387760,30.4076,200,
1790456387803,40.6644,200,
1790456387838,34.72,200,
1790456387868,28.6866,200,
1790456387899,30.4234,200,
1790456387925,24.2665,200,
1790456387953,28.0311,200,
1790456387985,31.4409,200,
1790456388021,33.0032,200,
1790456388051,29.3541,200,
1790456388079,27.1155,200,
1790456388108,27.0165,200,
1790456388138,29.8024,200,
1790456388169,29.167,200,
1790456388198,27.7727,200,
1790456388232,33.6565,200,
1790456388265,31.0139,200,
1790456388298,31.6209,200,
1790456388321,23.0346,200,
1790456388348,25.3667,200,
1790456388378,28.9615,200,
1790456388409,29.3327,200,
1790456388444,34.0632,200,
1790456388474,29.2363,200,
1790456388505,29.9874,200,
1790456388534,27.9482,200,
1790456388563,27.9866,200,
1790456388593,29.6921,200,
1790456388626,31.7414,200,
1790456388665,36.9836,200,
1790456388695,30.5062,200,
1790456388723,25.6345,200,
1790456388749,24.9128,200,
1790456388790,40.8415,200,
1790456388853,60.5781,200,
1790456388881,27.8431,200,
1790456388908,24.8505,200,
1790456388953,44.1376,200,
1790456389008,53.7926,200,
1790456389038,29.6393,200,
1790456389071,31.4088,200,
1790456389098,26.4069,200,
1790456389125,25.8263,200,
1790456389163,36.2654,200,
1790456389200,35.9962,200,
1790456389231,29.6151,200,
1790456389267,35.0373,200,
1790456389297,28.8302,200,
1790456389333,33.9936,200,
1790456389375,41.6318,200,
1790456389403,27.0828,200,
1790456389434,28.6323,200,
1790456389465,28.9437,200,
1790456389493,28.0271,200,
1790456389521,27.0274,200,
1790456389551,29.0289,200,
1790456389586,33.5531,200,
1790456389624,36.6742,200,
1790456389661,35.6522,200,
1790456389691,29.1037,200,
1790456389741,48.7833,200,
1790456389771,28.239,200,
1790456389801,29.5579,200,
1790456389828,26.765,200,
1790456389861,31.384,200,
1790456389896,33.9533,200,
1790456389948,50.8856,200,
1790456389981,31.4851,200,
1790456390010,27.8674,200,
1790456390038,27.5199,200,
1790456390071,31.3109,200,
1790456390102,29.5703,200,
1790456390129,25.5,200,
1790456390162,31.5118,200,
1790456390191,27.3455,200,
1790456390218,26.4551,200,
1790456390249,29.7844,200,
1790456390286,34.9398,200,
1790456390315,28.9571,200,
1790456390342,25.9199,200,
1790456390372,27.773,200,
1790456390407,34.4205,200,
1790456390432,23.5763,200,
1790456390459,26.5382,200,
1790456390488,27.9357,200,
1790456390517,27.4052,200,
1790456390545,28.0698,200,
1790456390587,39.3876,200,
1790456390617,29.3358,200,
1790456390646,27.0226,200,
1790456390673,27.6252,200,
1790456390706,30.3489,200,
1790456390737,30.5596,200,
1790456390765,26.6938,200,
1790456390797,30.8632,200,
1790456390829,30.8324,200,
1790456390863,33.1489,200,
1790456390891,27.5292,200,
1790456390918,26.0403,200,
1790456390947,28.028,200,
1790456390982,33.7727,200,
1790456391013,30.2543,200,
1790456391045,30.9005,200,
1790456391082,36.4269,200,
1790456391115,30.9879,200,
1790456391148,31.7465,200,
1790456391179,30.3339,200,
1790456391208,28.1083,200,
1790456391238,28.9087,200,
1790456391264,25.2329,200,
1790456391293,28.5394,200,
1790456391323,28.6428,200,
1790456391356,32.631,200,
1790456391385,27.1332,200,
1790456391424,37.2146,200,
1790456391455,29.9148,200,
1790456391482,26.8848,200,
1790456391510,26.3608,200,
1790456391543,32.4219,200,
1790456391589,44.0367,200,
1790456391628,37.0272,200,
1790456391662,32.2985,200,
1790456391695,32.0002,200,
1790456391728,32.9726,200,
1790456391754,24.3154,200,
1790456391787,31.7411,200,
1790456391826,37.9754,200,
1790456391861,34.1041,200,
1790456391891,28.7207,200,
1790456391953,60.7301,200,
1790456391984,29.9639,200,
1790456392064,78.627,200,
1790456392092,26.6544,200,
1790456392159,65.6273,200,
1790456392190,30.1367,200,
1790456392226,34.5078,200,
1790456392264,36.436,200,
1790456392297,32.2336,200,
1790456392323,24.8139,200,
1790456392351,26.5465,200,
1790456392382,29.9609,200,
1790456392412,29.1005,200,
1790456392445,32.496,200,
1790456392472,25.0415,200,
1790456392503,30.1216,200,
1790456392538,34.1962,200,
1790456392569,29.248,200,
1790456392603,33.5467,200,
1790456392634,30.4519,200,
1790456392661,25.3212,200,
1790456392691,29.0169,200,
1790456392723,31.829,200,
1790456392761,35.1727,200,
1790456392792,29.8952,200,
1790456392825,32.6094,200,
1790456392869,41.738,200,
1790456392901,31.7695,200,
1790456392930,28.1918,200,
1790456392963,32.4273,200,
1790456392998,32.3797,200,
1790456393030,31.7226,200,
1790456393067,35.5435,200,
1790456393095,26.8474,200,
1790456393123,26.1795,200,
1790456393153,29.4361,200,
1790456393186,31.3533,200,
1790456393218,30.6147,200,
1790456393250,29.9422,200,
1790456393280,29.0584,200,
1790456393306,24.3424,200,
1790456393334,27.1799,200,
1790456393367,32.2962,200,
1790456393396,28.4029,200,
1790456393425,27.4305,200,
1790456393463,37.563,200,
1790456393495,30.6727,200,
1790456393524,28.2246,200,
1790456393555,29.4456,200,
1790456393584,27.2263,200,
1790456393614,29.4759,200,
1790456393642,27.3299,200,
1790456393671,27.7387,200,
1790456393703,30.7625,200,
1790456393729,25.4065,200,
1790456393758,27.7291,200,
1790456393792,33.4945,200,
1790456393820,27.4649,200,
1790456393854,32.8802,200,
1790456393887,31.3684,200,
1790456393918,30.1022,200,
1790456393950,31.4773,200,
1790456393981,29.6688,200,
1790456394015,33.3345,200,
1790456394046,29.3193,200,
1790456394074,25.677,200,
1790456394105,30.7246,200,
1790456394135,28.696,200,
1790456394165,29.0292,200,
1790456394194,27.5767,200,
1790456394224,29.7979,200,
1790456394257,30.9324,200,
1790456394290,32.5766,200,
1790456394321,28.9143,200,
1790456394349,27.3942,200,
1790456394378,28.9409,200,
1790456394409,29.049,200,
1790456394430,21.8551,200,
1790456394465,32.472,200,
1790456394492,26.2141,200,
1790456394517,23.1348,200,
1790456394547,28.8494,200,
1790456394576,27.048,200,
1790456394602,25.3662,200,
1790456394629,25.2555,200,
1790456394668,38.2607,200,
1790456394699,30.029,200,
1790456394739,40.1099,200,
1790456394770,29.2069,200,
1790456394802,30.2488,200,
1790456394831,27.6945,200,
1790456394862,29.2316,200,
1790456394897,33.9812,200,
1790456394924,25.7788,200,
1790456394951,25.8388,200,
1790456394983,30.8471,200,
1790456395015,30.2037,200,
1790456395048,32.2915,200,
1790456395079,29.2913,200,
1790456395109,28.8719,200,
1790456395139,28.5876,200,
1790456395165,24.953,200,
1790456395192,25.6095,200,
1790456395222,29.3576,200,
1790456395256,32.498,200,
1790456395284,27.8851,200,
1790456395315,29.7968,200,
1790456395350,33.9218,200,
1790456395379,27.4638,200,
1790456395411,31.5875,200,
1790456395445,33.2638,200,
1790456395475,29.0708,200,
1790456395501,24.4012,200,
1790456395531,29.8196,200,
1790456395559,26.2181,200,
1790456395584,24.7342,200,
1790456395612,25.7469,200,
1790456395643,29.9134,200,
1790456395686,42.5089,200,
1790456395715,28.0508,200,
1790456395746,29.0554,200,
1790456395775,27.9901,200,
1790456395806,30.3442,200,
1790456395838,30.857,200,
1790456395867,27.8814,200,
1790456395900,31.704,200,
1790456395925,24.2041,200,
1790456395956,29.5118,200,
1790456395990,32.4688,200,
1790456396026,35.3382,200,
1790456396056,28.7078,200,
1790456396087,28.7455,200,
1790456396121,34.0979,200,
1790456396154,30.468,200,
1790456396180,25.4767,200,
1790456396210,28.309,200,
1790456396238,28.1744,200,
1790456396267,27.0315,200,
1790456396297,29.0201,200,
1790456396323,26.102,200,
1790456396351,27.3479,200,
1790456396382,29.1337,200,
1790456396416,33.5348,200,
1790456396451,31.8511,200,
1790456396482,30.2222,200,
1790456396512,29.8396,200,
1790456396542,29.3973,200,
1790456396572,29.029,200,
1790456396610,34.4203,200,
1790456396645,34.732,200,
1790456396686,39.354,200,
1790456396718,32.0527,200,
1790456396751,31.3558,200,
1790456396789,36.9573,200,
1790456396824,33.4498,200,
1790456396873,48.1594,200,
1790456396921,46.5728,200,
1790456396969,46.6385,200,
1790456397013,42.0982,200,
1790456397048,34.3834,200,
1790456397077,27.7186,200,
1790456397103,26.182,200,
1790456397134,29.289,200,
1790456397164,28.6519,200,
1790456397201,35.6661,200,
1790456397226,24.7561,200,
1790456397261,33.1376,200,
1790456397294,30.555,200,
1790456397327,31.9133,200,
1790456397356,27.7792,200,
1790456397385,27.832,200,
1790456397419,32.7579,200,
1790456397453,32.4374,200,
1790456397484,29.8405,200,
1790456397512,28.2084,200,
1790456397545,30.71,200,
1790456397580,33.8497,200,
1790456397609,27.65,200,
1790456397644,34.2989,200,
1790456397680,35.074,200,
1790456397725,42.7127,200,
1790456397762,35.7301,200,
1790456397798,35.1234,200,
1790456397834,33.7417,200,
1790456397873,37.0223,200,
1790456397905,31.0923,200,
1790456397932,26.4125,200,
1790456397960,26.4209,200,
1790456397991,30.6835,200,
1790456398021,28.9061,200,
1790456398053,30.8715,200,
1790456398090,34.8213,200,
1790456398117,26.4238,200,
1790456398146,28.7019,200,
1790456398182,34.4715,200,
1790456398215,31.1728,200,
1790456398243,28.1942,200,
1790456398274,28.1839,200,
1790456398310,34.4632,200,
1790456398339,27.6566,200,
1790456398370,29.6998,200,
1790456398413,40.9792,200,
1790456398445,31.1886,200,
1790456398478,31.4461,200,
1790456398511,32.5046,200,
1790456398539,26.7049,200,
1790456398569,28.8652,200,
1790456398597,26.2115,200,
1790456398628,30.4574,200,
1790456398663,33.9251,200,
1790456398706,40.551,200,
1790456398733,25.908,200,
1790456398765,30.8912,200,
1790456398795,29.0168,200,
1790456398823,26.5456,200,
1790456398865,40.6865,200,
1790456398894,27.2777,200,
1790456398928,33.3268,200,
1790456398958,28.7655,200,
1790456399004,45.4812,200,
1790456399047,41.9186,200,
1790456399080,31.9139,200,
1790456399112,30.1128,200,
1790456399140,27.1013,200,
1790456399171,30.0371,200,
1790456399202,30.6583,200,
1790456399230,26.7966,200,
1790456399263,29.992,200,
1790456399295,31.1901,200,
1790456399322,26.2646,200,
1790456399347,23.7846,200,
1790456399391,42.912,200,
1790456399421,28.9631,200,
1790456399454,31.3004,200,
1790456399488,32.2666,200,
1790456399513,24.2516,200,
1790456399545,30.6187,200,
1790456399582,35.9866,200,
1790456399627,43.1729,200,
1790456399656,29.0743,200,
1790456399691,32.4293,200,
1790456399718,26.8021,200,
1790456399744,24.6014,200,
1790456399776,31.0134,200,
1790456399808,30.9972,200,
1790456399836,26.4979,200,
1790456399868,30.4852,200,
1790456399901,30.5411,200,
1790456399933,30.4995,200,
1790456399961,27.5769,200,
1790456399991,29.2037,200,
1790456400018,25.6554,200,
1790456400046,25.7446,200,
1790456400082,35.4929,200,
1790456400110,27.5334,200,
1790456400135,24.489,200,
1790456400163,26.8984,200,
1790456400191,26.35,200,
1790456400217,24.1887,200,
1790456400246,28.2623,200,
1790456400278,31.6232,200,
1790456400306,27.0537,200,
1790456400330,22.5556,200,
1790456400356,24.8868,200,
1790456400388,31.1088,200,
1790456400417,27.8917,200,
1790456400443,24.87,200,
1790456400474,30.8899,200,
1790456400501,26.2175,200,
1790456400525,22.6872,200,
1790456400555,29.1929,200,
1790456400590,34.1995,200,
1790456400625,32.3784,200,
1790456400649,24.078,200,
1790456400691,40.5298,200,
1790456400721,28.3888,200,
1790456400752,30.3256,200,
1790456400783,29.9193,200,
1790456400813,28.5697,200,
1790456400843,29.1932,200,
1790456400879,35.9187,200,
1790456400909,28.0017,200,
1790456400937,27.0712,200,
1790456400968,29.9233,200,
1790456401004,34.5772,200,
1790456401037,32.0864,200,
1790456401070,32.0094,200,
1790456401103,31.6292,200,
1790456401134,29.2939,200,
1790456401168,33.6015,200,
1790456401200,30.7439,200,
1790456401232,31.0924,200,
1790456401265,31.4998,200,
1790456401297,31.1072,200,
1790456401326,27.0397,200,
1790456401356,28.7159,200,
1790456401393,36.1071,200,
1790456401425,30.1024,200,
1790456401456,30.4953,200,
1790456401487,30.7112,200,
1790456401509,21.4359,200,
1790456401547,36.518,200,
1790456401584,35.9973,200,
1790456401629,43.0074,200,
1790456401662,31.7802,200,
1790456401705,42.1213,200,
1790456401774,68.7383,200,
1790456401823,46.4787,200,
1790456401865,41.1369,200,
1790456401913,45.0127,200,
1790456401953,39.1904,200,
1790456401999,44.9839,200,
1790456402048,47.8982,200,
1790456402091,41.6447,200,
1790456402134,42.2186,200,
1790456402172,36.1008,200,
1790456402206,33.435,200,
1790456402238,30.3815,200,
1790456402300,60.4101,200,
1790456402346,44.323,200,
1790456402374,26.9985,200,
1790456402405,29.896,200,
1790456402435,28.9313,200,
1790456402463,27.3498,200,
1790456402498,32.5447,200,
1790456402527,28.7618,200,
1790456402563,35.0005,200,
1790456402588,23.9301,200,
1790456402613,23.3871,200,
1790456402639,24.6596,200,
1790456402665,25.7229,200,
1790456402690,23.6367,200,
1790456402726,35.3042,200,
1790456402761,33.1408,200,
1790456402792,29.8655,200,
1790456402826,32.9898,200,
1790456402868,40.8631,200,
1790456402903,34.388,200,
1790456402936,31.3896,200,
1790456402970,32.5123,200,
1790456402998,26.3512,200,
1790456403026,27.2983,200,
1790456403054,27.0156,200,
1790456403086,31.3252,200,
1790456403119,30.7575,200,
1790456403155,34.9842,200,
1790456403186,29.729,200,
1790456403221,34.1495,200,
1790456403251,28.5823,200,
1790456403282,28.4504,200,
1790456403312,28.7795,200,
1790456403341,27.8994,200,
1790456403374,31.6563,200,
1790456403398,24.0575,200,
1790456403428,27.9823,200,
1790456403457,28.3589,200,
1790456403486,28.171,200,
1790456403518,29.7288,200,
1790456403557,38.4511,200,
1790456403589,30.3135,200,
1790456403619,29.4607,200,
1790456403652,31.3554,200,
1790456403682,29.6473,200,
1790456403715,31.7022,200,
1790456403743,26.6231,200,
1790456403773,29.4872,200,
1790456403804,29.7115,200,
1790456403837,32.0954,200,
1790456403874,35.8034,200,
1790456403909,33.8388,200,
1790456403939,28.2352,200,
1790456403967,26.9567,200,
1790456403998,30.1439,200,
1790456404032,32.6888,200,
1790456404059,25.7996,200,
1790456404088,28.2969,200,
1790456404119,29.0533,200,
1790456404152,32.7277,200,
1790456404181,28.0539,200,
1790456404213,31.0586,200,
1790456404246,31.8489,200,
1790456404282,34.8894,200,
1790456404309,26.2425,200,
1790456404343,33.2787,200,
1790456404375,30.002,200,
1790456404453,76.7126,200,
1790456404484,30.6201,200,
1790456404569,83.9344,200,
1790456404665,94.9851,200,
1790456404745,77.4787,200,
1790456404781,34.8828,200,
1790456404813,31.3451,200,
1790456404845,30.6308,200,
1790456404880,34.2393,200,
1790456404922,39.8923,200,
1790456404954,31.4241,200,
1790456404984,28.1894,200,
1790456405012,27.4512,200,
1790456405042,28.5799,200,
1790456405071,28.4753,200,
1790456405098,26.6468,200,
1790456405130,30.5594,200,
1790456405162,30.1534,200,
1790456405191,27.9871,200,
1790456405223,30.472,200,
1790456405252,27.5385,200,
1790456405286,31.3843,200,
1790456405313,26.2514,200,
1790456405348,33.9413,200,
1790456405376,25.944,200,
1790456405404,26.1441,200,
1790456405436,30.1632,200,
1790456405476,39.1662,200,
1790456405505,28.7701,200,
1790456405537,30.2103,200,
1790456405569,31.4749,200,
1790456405600,30.0971,200,
1790456405627,25.5917,200,
1790456405657,28.8075,200,
1790456405691,33.2773,200,
1790456405716,25.2441,200,
1790456405748,30.6831,200,
1790456405781,31.2,200,
1790456405812,29.5294,200,
1790456405843,29.8104,200,
1790456405875,30.7084,200,
1790456405907,30.8084,200,
1790456405936,27.729,200,
1790456405962,25.0363,200,
1790456405991,28.4417,200,
1790456406027,34.1787,200,
1790456406059,31.4046,200,
1790456406095,34.6557,200,
1790456406127,31.5916,200,
1790456406165,34.8671,200,
1790456406195,28.6441,200,
1790456406222,25.7736,200,
1790456406253,30.6665,200,
1790456406279,25.6491,200,
1790456406312,31.9877,200,
1790456406342,27.6064,200,
1790456406378,34.353,200,
1790456406407,27.867,200,
1790456406436,28.0853,200,
1790456406467,29.1391,200,
1790456406499,31.4125,200,
1790456406525,24.6842,200,
1790456406547,21.2469,200,
1790456406572,24.0505,200,
1790456406605,31.2374,200,
1790456406641,36.0356,200,
1790456406681,37.2943,200,
1790456406727,46.2017,200,
1790456406756,26.8345,200,
1790456406792,34.9374,200,
1790456406837,43.6112,200,
1790456406878,39.2407,200,
1790456406937,57.1889,200,
1790456406974,35.9903,200,
1790456407001,25.7837,200,
1790456407038,35.4202,200,
1790456407087,47.7975,200,
1790456407115,27.4248,200,
1790456407144,28.6822,200,
1790456407177,31.496,200,
1790456407216,37.9773,200,
1790456407242,24.1898,200,
1790456407271,27.4875,200,
1790456407298,26.6383,200,
1790456407327,28.3125,200,
1790456407352,23.4124,200,
1790456407379,25.8739,200,
1790456407414,33.1651,200,
1790456407441,27.1444,200,
1790456407472,28.0161,200,
1790456407506,33.2947,200,
1790456407534,27.3411,200,
1790456407567,31.6297,200,
1790456407599,30.3148,200,
1790456407627,27.6065,200,
1790456407660,31.3423,200,
1790456407695,34.3277,200,
1790456407733,36.8137,200,
1790456407763,28.8268,200,
1790456407795,31.0899,200,
1790456407827,30.0558,200,
1790456407872,43.8166,200,
1790456407906,33.1049,200,
1790456407938,30.6258,200,
1790456407968,28.983,200,
1790456407997,28.2939,200,
1790456408025,26.728,200,
1790456408055,28.9855,200,
1790456408083,27.0997,200,
1790456408111,27.6379,200,
1790456408137,25.2124,200,
1790456408169,31.5174,200,
1790456408210,38.8457,200,
1790456408240,29.2726,200,
1790456408277,35.3402,200,
1790456408307,28.4869,200,
1790456408335,25.0667,200,
1790456408363,27.0915,200,
1790456408390,26.3168,200,
1790456408422,30.2786,200,
1790456408455,31.5612,200,
1790456408479,24.6583,200,
1790456408505,24.4147,200,
1790456408533,25.8735,200,
1790456408564,30.7311,200,
1790456408593,28.3139,200,
1790456408629,34.0823,200,
1790456408674,43.5623,200,
1790456408713,37.5607,200,
1790456408738,24.3868,200,
1790456408770,31.092,200,
1790456408804,32.2278,200,
1790456408864,57.7563,200,
1790456408890,25.315,200,
1790456408920,29.0176,200,
1790456408961,39.7228,200,
1790456409001,38.8429,200,
1790456409040,37.2245,200,
1790456409074,33.8153,200,
1790456409111,35.0519,200,
1790456409140,28.9028,200,
1790456409172,29.8702,200,
1790456409201,28.0177,200,
1790456409232,30.1048,200,
1790456409277,43.3309,200,
1790456409307,29.7385,200,
1790456409338,29.4165,200,
1790456409365,27.0629,200,
1790456409394,26.3026,200,
1790456409421,26.8452,200,
1790456409452,30.2973,200,
1790456409488,33.8031,200,
1790456409515,25.7376,200,
1790456409552,35.8176,200,
1790456409592,38.1844,200,
1790456409629,35.3722,200,
1790456409664,33.546,200,
1790456409731,66.8034,200,
1790456409759,26.5672,200,
1790456409788,28.2565,200,
1790456409824,34.2879,200,
1790456409853,27.6296,200,
1790456409886,31.8383,200,
1790456409926,38.1098,200,
1790456409961,34.3895,200,
1790456409991,28.9629,200,
1790456410019,27.2022,200,
1790456410054,33.4809,200,
1790456410086,31.8153,200,
1790456410113,25.6387,200,
1790456410144,29.376,200,
1790456410173,28.3163,200,
1790456410202,28.09,200,
1790456410235,31.2588,200,
1790456410272,35.6704,200,
1790456410301,27.3872,200,
1790456410327,25.2268,200,
1790456410359,31.2047,200,
1790456410389,29.0504,200,
1790456410419,29.25,200,
1790456410450,30.0349,200,
1790456410475,23.8714,200,
1790456410498,22.6312,200,
1790456410523,23.7173,200,
1790456410549,24.8606,200,
1790456410576,26.447,200,
1790456410599,22.4196,200,
1790456410627,23.3715,200,
1790456410652,25.3106,200,
1790456410684,30.8407,200,
1790456410708,22.8704,200,
1790456410776,66.9919,200,
1790456410811,32.923,200,
1790456410838,27.3283,200,
1790456410871,30.7646,200,
1790456410900,28.055,200,
1790456410927,26.3195,200,
1790456410956,28.2246,200,
1790456410989,32.2543,200,
1790456411021,30.4348,200,
1790456411055,32.7804,200,
1790456411092,36.0486,200,
1790456411126,33.0329,200,
1790456411162,33.8193,200,
1790456411195,32.7192,200,
1790456411235,37.9597,200,
1790456411265,29.0063,200,
1790456411293,27.3579,200,
1790456411320,25.202,200,
1790456411347,26.6777,200,
1790456411375,27.9884,200,
1790456411403,25.8285,200,
1790456411428,24.1607,200,
1790456411455,25.3814,200,
1790456411492,36.3413,200,
1790456411518,25.0191,200,
1790456411545,25.9119,200,
1790456411575,27.7327,200,
1790456411605,28.8408,200,
1790456411635,29.2233,200,
1790456411667,31.6924,200,
1790456411707,38.459,200,
1790456411747,38.432,200,
1790456411779,30.9021,200,
1790456411813,32.6195,200,
1790456411839,24.8209,200,
1790456411870,30.444,200,
1790456411899,28.2287,200,
1790456411926,25.5318,200,
1790456411952,25.2861,200,
1790456411987,34.1869,200,
1790456412015,26.2727,200,
1790456412043,26.6956,200,
1790456412088,41.1194,200,
1790456412115,25.7452,200,
1790456412140,24.4926,200,
1790456412172,30.7338,200,
1790456412200,27.8115,200,
1790456412226,24.2391,200,
1790456412253,26.4413,200,
1790456412285,31.3043,200,
1790456412310,23.8255,200,
1790456412333,22.0796,200,
1790456412359,24.507,200,
1790456412388,27.5284,200,
1790456412411,22.856,200,
1790456412435,22.8269,200,
1790456412463,27.233,200,
1790456412495,29.4919,200,
1790456412525,28.9139,200,
1790456412559,31.7931,200,
1790456412597,37.2291,200,
1790456412628,28.612,200,
1790456412661,32.6423,200,
1790456412694,31.8517,200,
1790456412721,26.0221,200,
1790456412748,25.0926,200,
1790456412778,29.6675,200,
1790456412810,29.7521,200,
1790456412836,25.1546,200,
1790456412868,30.1889,200,
1790456412916,46.6665,200,
1790456412950,33.0185,200,
1790456412982,31.258,200,
1790456413011,27.9468,200,
1790456413052,40.1153,200,
1790456413087,33.7534,200,
1790456413111,23.1532,200,
1790456413155,43.3577,200,
1790456413189,32.435,200,
1790456413254,63.0748,200,
1790456413286,31.4763,200,
1790456413310,22.2178,200,
1790456413334,23.0045,200,
1790456413361,26.0753,200,
1790456413396,33.9857,200,
1790456413422,24.6146,200,
1790456413454,30.8386,200,
1790456413484,29.8704,200,
1790456413514,27.3707,200,
1790456413541,25.2599,200,
1790456413565,23.8672,200,
1790456413596,29.3756,200,
1790456413622,24.653,200,
1790456413649,25.6795,200,
1790456413679,29.9138,200,
1790456413713,31.7614,200,
1790456413740,26.072,200,
1790456413769,27.1628,200,
1790456413799,30.4399,200,
1790456413828,27.2788,200,
1790456413863,33.336,200,
1790456413889,24.6713,200,
1790456413918,28.3767,200,
1790456413950,31.0295,200,
1790456413985,33.8817,200,
1790456414021,34.2237,200,
1790456414057,35.6211,200,
1790456414086,27.7803,200,
1790456414118,30.4841,200,
1790456414146,26.3326,200,
1790456414177,29.8234,200,
1790456414205,27.0105,200,
1790456414238,30.9829,200,
1790456414271,32.9658,200,
1790456414298,26.3112,200,
1790456414327,26.7565,200,
1790456414359,31.7493,200,
1790456414388,27.5753,200,
1790456414414,24.7447,200,
1790456414447,31.8248,200,
1790456414477,29.227,200,
1790456414501,22.9595,200,
1790456414533,30.5863,200,
1790456414574,39.9078,200,
1790456414609,34.2316,200,
1790456414653,41.9825,200,
1790456414690,36.2695,200,
1790456414729,29.0074,200,
1790456414757,27.1348,200,
1790456414784,25.2049,200,
1790456414813,29.2896,200,
1790456414839,24.033,200,
1790456414868,28.672,200,
1790456414897,27.7652,200,
1790456414924,26.1413,200,
1790456414955,29.105,200,
1790456414985,29.3819,200,
1790456415029,43.2689,200,
1790456415055,25.1711,200,
1790456415082,25.6794,200,
1790456415111,27.7508,200,
1790456415138,25.7643,200,
1790456415172,33.7591,200,
1790456415201,27.5291,200,
1790456415226,24.0019,200,
1790456415253,26.0829,200,
1790456415301,47.0254,200,
1790456415326,24.7281,200,
1790456415352,24.9588,200,
1790456415380,26.7742,200,
1790456415420,38.8203,200,
1790456415450,29.5367,200,
1790456415480,27.7148,200,
1790456415509,28.1515,200,
1790456415538,27.7881,200,
1790456415571,30.7193,200,
1790456415600,28.162,200,
1790456415634,31.9982,200,
1790456415664,29.0526,200,
1790456415692,27.4237,200,
1790456415720,26.5714,200,
1790456415746,26.0181,200,
1790456415777,29.8796,200,
1790456415813,34.333,200,
1790456415842,28.2644,200,
1790456415874,30.0103,200,
1790456415907,33.0161,200,
1790456415934,25.6197,200,
1790456415960,24.9753,200,
1790456415991,29.2285,200,
1790456416020,27.4731,200,
1790456416050,28.2362,200,
1790456416074,23.6366,200,
1790456416107,31.8065,200,
1790456416139,30.4957,200,
1790456416175,34.5739,200,
1790456416199,24.042,200,
1790456416233,31.0747,200,
1790456416260,25.3493,200,
1790456416291,29.6031,200,
1790456416314,22.1175,200,
1790456416346,29.8272,200,
1790456416374,27.4564,200,
1790456416401,26.8846,200,
1790456416433,31.0592,200,
1790456416466,30.4362,200,
1790456416491,24.5367,200,
1790456416515,23.0027,200,
1790456416537,20.7709,200,
1790456416566,28.8167,200,
1790456416597,28.6291,200,
1790456416623,25.9184,200,
1790456416656,29.9896,200,
1790456416689,31.6283,200,
1790456416725,35.0032,200,
1790456416759,32.767,200,
1790456416790,31.3506,200,
1790456416844,52.375,200,
1790456416902,56.4934,200,
1790456416956,52.3686,200,
1790456417007,50.1095,200,
1790456417039,30.9106,200,
1790456417071,30.5988,200,
1790456417110,37.9843,200,
1790456417137,26.042,200,
1790456417173,35.0268,200,
1790456417200,26.6139,200,
1790456417228,26.2242,200,
1790456417253,23.7521,200,
1790456417294,40.505,200,
1790456417321,25.0667,200,
1790456417347,25.3147,200,
1790456417374,25.8162,200,
1790456417410,35.0824,200,
1790456417436,25.0099,200,
1790456417468,31.3211,200,
1790456417499,29.8757,200,
1790456417533,32.349,200,
1790456417571,35.9612,200,
1790456417604,32.1328,200,
1790456417630,24.5126,200,
1790456417668,37.0133,200,
1790456417702,33.0609,200,
1790456417738,35.2538,200,
1790456417781,40.4884,200,
1790456417817,34.284,200,
1790456417847,28.9605,200,
1790456417880,31.5503,200,
1790456417918,36.9345,200,
1790456417946,27.3114,200,
1790456417972,25.0509,200,
1790456418004,30.6144,200,
1790456418033,28.0617,200,
1790456418061,27.1936,200,
1790456418092,29.8768,200,
1790456418128,35.3956,200,
1790456418156,26.6983,200,
1790456418185,27.0957,200,
1790456418216,28.88,200,
1790456418248,30.8931,200,
1790456418276,26.9025,200,
1790456418306,28.5191,200,
1790456418335,28.6915,200,
1790456418364,27.7914,200,
1790456418391,25.908,200,
1790456418418,26.2004,200,
1790456418446,27.3952,200,
1790456418478,29.6939,200,
1790456418522,41.4462,200,
1790456418549,26.4778,200,
1790456418576,25.9872,200,
1790456418606,27.8014,200,
1790456418635,27.9897,200,
1790456418663,27.8166,200,
1790456418691,26.5457,200,
1790456418718,26.2949,200,
1790456418755,35.3279,200,
1790456418781,24.7375,200,
1790456418815,33.0331,200,
1790456418854,37.0387,200,
1790456418888,32.9312,200,
1790456418917,28.2124,200,
1790456418962,43.2377,200,
1790456419064,101.7744,200,
1790456419100,33.9542,200,
1790456419134,33.8373,200,
1790456419160,25.5725,200,
1790456419193,31.5566,200,
1790456419222,27.1092,200,
1790456419253,30.0994,200,
1790456419283,28.9078,200,
1790456419315,31.898,200,
1790456419344,27.0732,200,
1790456419370,24.5191,200,
1790456419398,27.8021,200,
1790456419430,31.2477,200,
1790456419462,30.6859,200,
1790456419493,30.2037,200,
1790456419523,28.889,200,
1790456419558,32.359,200,
1790456419585,25.6368,200,
1790456419626,40.389,200,
1790456419657,30.1318,200,
1790456419692,34.0075,200,
1790456419722,28.7471,200,
1790456419750,26.4361,200,
1790456419782,31.5484,200,
1790456419818,34.6465,200,
1790456419849,29.7345,200,
1790456419882,32.6652,200,
1790456419927,43.0065,200,
1790456419956,27.2449,200,
1790456419986,29.7326,200,
1790456420013,25.7758,200,
1790456420044,30.1972,200,
1790456420070,24.9289,200,
1790456420096,25.4612,200,
1790456420126,28.2162,200,
1790456420157,30.1545,200,
1790456420188,30.0568,200,
1790456420225,35.9649,200,
1790456420262,35.4664,200,
1790456420294,30.7691,200,
1790456420323,27.7807,200,
1790456420352,27.2211,200,
1790456420381,28.817,200,
1790456420410,28.1022,200,
1790456420441,29.1097,200,
1790456420472,29.105,200,
1790456420505,31.973,200,
1790456420534,28.2271,200,
1790456420561,25.8296,200,
1790456420587,24.2254,200,
1790456420616,28.0226,200,
1790456420643,26.7765,200,
1790456420672,28.149,200,
1790456420700,25.9723,200,
1790456420734,33.3096,200,
1790456420767,31.1455,200,
1790456420798,30.3309,200,
1790456420827,28.1472,200,
1790456420858,30.5363,200,
1790456420887,27.901,200,
1790456420919,30.108,200,
1790456420949,29.0453,200,
1790456420978,27.64,200,
1790456421007,28.9499,200,
1790456421041,32.4036,200,
1790456421076,34.5586,200,
1790456421109,31.8528,200,
1790456421140,29.1953,200,
1790456421229,89.334,200,
1790456421276,45.4401,200,
1790456421360,82.0156,200,
1790456421461,101.1879,200,
1790456421490,27.1453,200,
1790456421533,40.7948,200,
1790456421568,34.669,200,
1790456421647,78.1273,200,
1790456421760,111.4899,200,
1790456421853,92.195,200,
1790456421948,93.8945,200,
1790456422037,86.6037,200,
1790456422090,52.5352,200,
1790456422162,69.9101,200,
1790456422191,28.5757,200,
1790456422226,33.7206,200,
1790456422252,24.5104,200,
1790456422279,26.269,200,
1790456422310,30.923,200,
1790456422342,30.054,200,
1790456422425,82.4757,200,
1790456422453,26.9845,200,
1790456422486,31.6401,200,
1790456422509,22.0137,200,
1790456422536,25.6371,200,
1790456422571,33.9267,200,
1790456422597,24.9947,200,
1790456422629,31.2412,200,
1790456422660,29.8387,200,
1790456422693,31.5431,200,
1790456422721,26.8812,200,
1790456422748,25.8821,200,
1790456422783,33.3098,200,
1790456422816,31.5218,200,
1790456422848,31.4284,200,
1790456422888,39.1724,200,
1790456422915,24.9762,200,
1790456422943,27.7316,200,
1790456422977,32.1028,200,
1790456423013,35.3554,200,
1790456423045,30.5914,200,
1790456423081,34.4807,200,
1790456423120,37.2663,200,
1790456423152,30.8655,200,
1790456423183,30.7784,200,
1790456423215,30.6025,200,
1790456423247,30.4538,200,
1790456423282,34.2872,200,
1790456423318,35.4352,200,
1790456423346,27.8976,200,
1790456423379,29.8809,200,
1790456423410,29.9132,200,
1790456423438,27.5144,200,
1790456423468,29.2668,200,
1790456423498,28.0498,200,
1790456423524,26.0396,200,
1790456423555,29.3855,200,
1790456423588,31.2717,200,
1790456423619,30.0873,200,
1790456423650,30.0946,200,
1790456423675,24.5589,200,
1790456423709,32.2363,200,
1790456423738,29.59,200,
1790456423773,32.5398,200,
1790456423802,27.5211,200,
1790456423829,26.4931,200,
1790456423856,25.7803,200,
1790456423896,37.1964,200,
1790456423923,25.847,200,
1790456423952,27.7999,200,
1790456423989,35.5195,200,
1790456424021,31.6474,200,
1790456424052,30.0173,200,
1790456424084,31.3997,200,
1790456424114,27.7125,200,
1790456424140,25.294,200,
1790456424168,27.1485,200,
1790456424200,31.2054,200,
1790456424224,22.9084,200,
1790456424252,26.2943,200,
1790456424287,34.4443,200,
1790456424314,25.1418,200,
1790456424338,24.3563,200,
1790456424367,26.9783,200,
1790456424397,29.1603,200,
1790456424422,23.8164,200,
1790456424460,37.5635,200,
1790456424491,28.852,200,
1790456424520,28.3372,200,
1790456424545,22.6953,200,
1790456424575,29.8173,200,
1790456424605,29.7643,200,
1790456424639,32.0319,200,
1790456424666,24.0859,200,
1790456424694,27.4462,200,
1790456424722,26.0111,200,
1790456424746,22.9294,200,
1790456424778,30.573,200,
1790456424807,28.3165,200,
1790456424829,20.314,200,
1790456424850,20.822,200,
1790456424881,29.7356,200,
1790456424912,28.8712,200,
1790456424938,25.3929,200,
1790456424959,20.7654,200,
1790456424990,29.3418,200,
1790456425019,28.6123,200,
1790456425040,20.2481,200,
1790456425069,28.0403,200,
1790456425099,28.1187,200,
1790456425124,23.5791,200,
1790456425147,22.1879,200,
1790456425169,21.608,200,
1790456425200,29.0393,200,
1790456425231,30.1832,200,
1790456425255,23.3074,200,
1790456425290,33.4028,200,
1790456425321,30.0553,200,
1790456425349,27.0299,200,
1790456425377,27.0707,200,
1790456425406,28.3705,200,
1790456425434,25.9821,200,
1790456425465,29.8632,200,
1790456425493,27.7195,200,
1790456425520,25.2231,200,
1790456425543,23.2229,200,
1790456425576,31.3335,200,
1790456425605,28.1281,200,
1790456425634,28.0889,200,
1790456425673,37.7396,200,
1790456425703,28.239,200,
1790456425728,23.7223,200,
1790456425755,26.696,200,
1790456425785,30.0823,200,
1790456425815,26.9751,200,
1790456425840,24.5371,200,
1790456425871,29.9086,200,
1790456425902,29.3893,200,
1790456425928,24.2179,200,
1790456425952,23.1039,200,
1790456425979,26.0372,200,
1790456426008,28.2363,200,
1790456426035,25.3025,200,
1790456426064,28.4696,200,
1790456426096,29.921,200,
1790456426129,31.6931,200,
1790456426158,28.2756,200,
1790456426195,36.8431,200,
1790456426225,28.1569,200,
1790456426251,25.4231,200,
1790456426279,28.0521,200,
1790456426313,31.8262,200,
1790456426339,25.7912,200,
1790456426368,27.6728,200,
1790456426395,25.3992,200,
1790456426424,27.7007,200,
1790456426450,24.8074,200,
1790456426487,34.7017,200,
1790456426519,30.1256,200,
1790456426547,27.1395,200,
1790456426577,29.2209,200,
1790456426604,26.1204,200,
1790456426639,32.2647,200,
1790456426675,34.6259,200,
1790456426708,31.1771,200,
1790456426739,30.978,200,
1790456426779,38.8245,200,
1790456426817,36.7079,200,
1790456426855,35.8995,200,
1790456426900,43.9154,200,
1790456426950,48.6531,200,
1790456426991,40.1346,200,
1790456427029,36.0098,200,
1790456427073,43.6274,200,
1790456427101,26.4817,200,
1790456427136,34.9154,200,
1790456427168,29.8485,200,
1790456427199,30.3145,200,
1790456427225,25.583,200,
1790456427260,32.768,200,
1790456427290,28.9034,200,
1790456427320,29.5921,200,
1790456427343,22.1776,200,
1790456427374,30.0716,200,
1790456427402,26.589,200,
1790456427431,27.5758,200,
1790456427456,24.194,200,
1790456427479,22.6633,200,
1790456427506,25.6625,200,
1790456427541,33.9695,200,
1790456427569,26.6813,200,
1790456427600,29.9326,200,
1790456427628,27.6281,200,
1790456427660,31.1962,200,
1790456427702,40.5223,200,
1790456427754,50.8414,200,
1790456427785,29.6325,200,
1790456427818,31.7223,200,
1790456427850,30.1787,200,
1790456427888,37.6803,200,
1790456427923,33.9347,200,
1790456427950,27.0018,200,
1790456427981,28.9872,200,
1790456428013,30.6968,200,
1790456428045,31.5213,200,
1790456428077,30.5315,200,
1790456428107,29.7546,200,
1790456428135,26.384,200,
1790456428167,31.13,200,
1790456428200,32.411,200,
1790456428232,31.5282,200,
1790456428259,25.2191,200,
1790456428287,27.3893,200,
1790456428316,27.9916,200,
1790456428347,30.2412,200,
1790456428378,28.2723,200,
1790456428405,27.1539,200,
1790456428437,29.5886,200,
1790456428469,30.2709,200,
1790456428500,29.1284,200,
1790456428530,28.566,200,
1790456428555,24.5066,200,
1790456428580,24.2801,200,
1790456428610,27.9802,200,
1790456428637,26.3646,200,
1790456428667,29.1674,200,
1790456428697,28.4114,200,
1790456428729,30.628,200,
1790456428763,31.9615,200,
1790456428798,34.1189,200,
1790456428828,29.8709,200,
1790456428863,32.8716,200,
1790456428892,28.8174,200,
1790456428920,26.8099,200,
1790456428964,42.948,200,
1790456429002,36.1026,200,
1790456429045,42.3605,200,
1790456429090,43.0552,200,
1790456429170,79.1089,200,
1790456429206,35.1591,200,
1790456429279,71.4679,200,
1790456429312,31.8009,200,
1790456429344,30.0708,200,
1790456429382,38.1133,200,
1790456429415,31.9789,200,
1790456429458,40.8744,200,
1790456429485,26.6159,200,
1790456429515,28.991,200,
1790456429542,25.5936,200,
1790456429581,37.924,200,
1790456429608,26.6837,200,
1790456429647,36.7117,200,
1790456429685,37.1029,200,
1790456429732,45.2147,200,
1790456429765,32.3982,200,
1790456429796,29.0832,200,
1790456429827,30.3624,200,
1790456429861,33.3611,200,
1790456429890,27.6008,200,
1790456429925,34.2463,200,
1790456429956,29.4727,200,
1790456430000,43.2665,200,
1790456430031,29.3807,200,
1790456430061,29.5643,200,
1790456430092,29.5878,200,
1790456430119,26.556,200,
1790456430146,25.9738,200,
1790456430173,26.5848,200,
1790456430206,30.4403,200,
1790456430235,28.1589,200,
1790456430266,29.63,200,
1790456430302,34.8025,200,
1790456430333,29.1941,200,
1790456430359,25.3506,200,
1790456430394,32.9463,200,
1790456430423,28.0791,200,
1790456430449,25.5719,200,
1790456430479,27.1341,200,
1790456430506,25.3109,200,
1790456430534,26.825,200,
1790456430562,27.2412,200,
1790456430594,31.466,200,
1790456430628,32.9207,200,
1790456430658,29.2204,200,
1790456430691,31.3569,200,
1790456430721,28.988,200,
1790456430750,28.2193,200,
1790456430779,28.4696,200,
1790456430811,30.0966,200,
1790456430839,27.2813,200,
1790456430868,27.6822,200,
1790456430900,31.6981,200,
1790456430937,35.8706,200,
1790456430965,27.3383,200,
1790456430995,28.4356,200,
1790456431035,38.8722,200,
1790456431069,32.5642,200,
1790456431098,28.0322,200,
1790456431131,32.1295,200,
1790456431167,36.3307,200,
1790456431241,71.474,200,
1790456431279,37.2015,200,
1790456431313,32.4195,200,
1790456431341,26.4652,200,
1790456431369,25.9962,200,
1790456431400,28.8186,200,
1790456431437,36.6848,200,
1790456431475,36.6048,200,
1790456431510,33.3531,200,
1790456431539,28.4716,200,
1790456431569,28.592,200,
1790456431604,34.3378,200,
1790456431636,30.486,200,
1790456431670,32.4464,200,
1790456431711,39.4401,200,
1790456431741,29.3719,200,
1790456431783,40.5289,200,
1790456431821,37.0898,200,
1790456431853,30.3215,200,
1790456431886,32.3944,200,
1790456431921,33.8966,200,
1790456431956,32.8084,200,
1790456431985,28.5913,200,
1790456432018,31.8332,200,
1790456432056,36.4452,200,
1790456432090,32.6229,200,
1790456432134,43.3184,200,
1790456432162,27.2955,200,
1790456432192,28.8207,200,
1790456432228,35.3226,200,
1790456432262,32.4101,200,
1790456432295,32.0377,200,
1790456432328,31.1056,200,
1790456432358,28.3613,200,
1790456432387,28.615,200,
1790456432419,29.5431,200,
1790456432447,27.0633,200,
1790456432472,24.7433,200,
1790456432508,34.3943,200,
1790456432535,26.1295,200,
1790456432559,22.3901,200,
1790456432584,24.667,200,
1790456432616,31.1837,200,
1790456432649,31.704,200,
1790456432684,34.1806,200,
1790456432713,27.1199,200,
1790456432741,26.0315,200,
1790456432779,36.1686,200,
1790456432811,30.9738,200,
1790456432847,35.3827,200,
1790456432881,33.5291,200,
1790456432909,27.0024,200,
1790456432943,31.4889,200,
1790456432977,33.1143,200,
1790456433010,30.8412,200,
1790456433040,28.5505,200,
1790456433072,31.3536,200,
1790456433109,35.796,200,
1790456433139,29.4677,200,
1790456433169,28.1144,200,
1790456433197,27.7809,200,
1790456433231,32.9256,200,
1790456433256,23.3991,200,
1790456433287,29.5321,200,
1790456433320,33.1262,200,
1790456433350,28.4841,200,
1790456433380,29.4295,200,
1790456433411,29.369,200,
1790456433442,29.427,200,
1790456433468,25.1324,200,
1790456433494,26.2418,200,
1790456433525,29.0732,200,
1790456433551,25.3975,200,
1790456433582,29.2604,200,
1790456433612,29.9124,200,
1790456433640,26.11,200,
1790456433668,28.3984,200,
1790456433700,30.2581,200,
1790456433729,28.4418,200,
1790456433755,24.9573,200,
1790456433781,25.4791,200,
1790456433810,27.2116,200,
1790456433841,30.2072,200,
1790456433868,25.2037,200,
1790456433894,24.9348,200,
1790456433925,30.1474,200,
1790456433962,35.4525,200,
1790456433990,26.7977,200,
1790456434021,29.2642,200,
1790456434136,115.0305,200,
1790456434163,25.6308,200,
1790456434248,83.314,200,
1790456434356,106.9504,200,
1790456434446,89.3847,200,
1790456434539,92.3564,200,
1790456434739,198.1285,200,
1790456434937,196.5548,200,
1790456435043,105.159,200,
1790456435236,191.6417,200,
1790456435343,106.2941,200,
1790456435443,98.2615,200,
1790456435539,95.136,200,
1790456435653,112.7035,200,
1790456435750,96.3312,200,
1790456435843,92.4809,200,
1790456435944,99.2408,200,
1790456436036,91.2325,200,
1790456436249,212.1143,200,
1790456436346,96.2659,200,
1790456436439,91.3137,200,
1790456436550,109.9454,200,
1790456436637,86.8647,200,
1790456436748,109.5931,200,
1790456436851,101.5148,200,
1790456437050,197.8762,200,
1790456437137,86.2247,200,
1790456437157,20.3292,200,
1790456437356,197.3771,200,
1790456437433,76.3858,200,
1790456437542,107.422,200,
1790456437645,102.2207,200,
1790456437845,198.3506,200,
1790456437946,100.0821,200,
1790456438040,92.9338,200,
1790456438140,99.095,200,
1790456438245,103.7135,200,
1790456438270,25.5365,200,
1790456438340,66.9032,200,
1790456438365,23.793,200,
1790456438393,27.6227,200,
1790456438442,48.2247,200,
1790456438481,37.2488,200,
1790456438520,37.196,200,
1790456438549,29.3219,200,
1790456438576,25.0341,200,
1790456438607,29.7967,200,
1790456438637,28.6511,200,
1790456438670,31.7504,200,
1790456438706,35.0709,200,
1790456438735,28.3478,200,
1790456438764,27.2055,200,
1790456438794,29.8785,200,
1790456438820,25.2495,200,
1790456438852,30.1187,200,
1790456438882,29.2312,200,
1790456438923,39.237,200,
1790456438978,53.4088,200,
1790456439013,33.7239,200,
1790456439050,35.7885,200,
1790456439084,33.4642,200,
1790456439116,30.6491,200,
1790456439152,34.7266,200,
1790456439181,27.8385,200,
1790456439217,34.799,200,
1790456439274,55.3205,200,
1790456439304,30.1681,200,
1790456439333,27.7951,200,
1790456439389,54.5123,200,
1790456439422,32.2634,200,
1790456439453,30.4275,200,
1790456439482,27.6811,200,
1790456439514,31.2627,200,
1790456439547,31.4699,200,
1790456439576,27.7845,200,
1790456439602,25.0685,200,
1790456439638,35.5511,200,
1790456439668,28.5843,200,
1790456439700,31.0717,200,
1790456439728,27.1078,200,
1790456439773,43.9583,200,
1790456439809,35.9826,200,
1790456439841,29.9167,200,
1790456439876,34.7084,200,
1790456439903,25.8039,200,
1790456439939,34.5163,200,
1790456439969,28.3895,200,
1790456440006,35.3505,200,
1790456440038,31.0024,200,
1790456440071,32.0055,200,
1790456440106,34.201,200,
1790456440137,29.1372,200,
1790456440166,27.4478,200,
1790456440202,34.0766,200,
1790456440229,26.2941,200,
1790456440259,29.8505,200,
1790456440288,27.399,200,
1790456440318,29.5386,200,
1790456440348,29.8409,200,
1790456440375,25.244,200,
1790456440402,25.4482,200,
1790456440433,29.6926,200,
1790456440467,31.9597,200,
1790456440496,27.4309,200,
1790456440525,28.5702,200,
1790456440553,26.5538,200,
1790456440581,26.6276,200,
1790456440611,28.7825,200,
1790456440641,29.5106,200,
1790456440684,41.0846,200,
1790456440708,23.0235,200,
1790456440737,27.6956,200,
1790456440770,32.5661,200,
1790456440804,31.8825,200,
1790456440833,28.2588,200,
1790456440862,27.2688,200,
1790456440895,31.9643,200,
1790456440923,27.6203,200,
1790456440954,29.5462,200,
1790456440984,28.5429,200,
1790456441013,26.7453,200,
1790456441043,29.8345,200,
1790456441081,36.3664,200,
1790456441119,37.9432,200,
1790456441158,37.2863,200,
1790456441189,30.6024,200,
1790456441227,36.4565,200,
1790456441257,28.4996,200,
1790456441287,29.4307,200,
1790456441318,29.5808,200,
1790456441346,27.4704,200,
1790456441377,30.2968,200,
1790456441413,34.4372,200,
1790456441450,35.5366,200,
1790456441487,35.6152,200,
1790456441514,24.926,200,
1790456441543,29.2136,200,
1790456441576,31.2453,200,
1790456441605,27.1172,200,
1790456441636,30.7439,200,
1790456441668,30.0108,200,
1790456441701,32.6906,200,
1790456441746,43.5366,200,
1790456441780,32.7606,200,
1790456441816,34.1216,200,
1790456441845,28.0941,200,
1790456441877,30.3307,200,
1790456441915,35.6459,200,
1790456441947,30.5413,200,
1790456441971,23.998,200,
1790456442005,32.6825,200,
1790456442043,36.4227,200,
1790456442077,33.6882,200,
1790456442112,33.8493,200,
1790456442144,30.2519,200,
1790456442172,26.8465,200,
1790456442202,29.2885,200,
1790456442239,35.6353,200,
1790456442271,31.4343,200,
1790456442300,26.9696,200,
1790456442343,42.066,200,
1790456442379,34.4956,200,
1790456442410,29.311,200,
1790456442440,29.6444,200,
1790456442473,31.5148,200,
1790456442497,23.8362,200,
1790456442527,27.7394,200,
1790456442556,28.9359,200,
1790456442586,28.1541,200,
1790456442615,27.8229,200,
1790456442641,25.642,200,
1790456442683,40.2487,200,
1790456442715,30.0334,200,
1790456442745,29.7493,200,
1790456442776,29.7396,200,
1790456442806,29.6021,200,
1790456442840,32.4178,200,
1790456442876,35.204,200,
1790456442921,43.9049,200,
1790456442950,28.2483,200,
1790456442977,25.8661,200,
1790456443018,39.9607,200,
1790456443051,32.5813,200,
1790456443084,30.9014,200,
1790456443116,30.7885,200,
1790456443151,34.6804,200,
1790456443179,26.9286,200,
1790456443212,32.3369,200,
1790456443245,30.3077,200,
1790456443274,27.9332,200,
1790456443301,26.143,200,
1790456443328,25.8158,200,
1790456443355,27.1022,200,
1790456443390,33.0011,200,
1790456443421,30.156,200,
1790456443450,27.4264,200,
1790456443481,30.7494,200,
1790456443519,36.5851,200,
1790456443549,29.2319,200,
1790456443577,27.0876,200,
1790456443607,28.5095,200,
1790456443634,25.9814,200,
1790456443665,29.9527,200,
1790456443691,25.8116,200,
1790456443719,27.4448,200,
1790456443750,28.2244,200,
1790456443784,33.0967,200,
1790456443816,30.3651,200,
1790456443840,23.2826,200,
1790456443867,25.2698,200,
1790456443900,32.3721,200,
1790456443928,26.9467,200,
1790456443956,27.1958,200,
1790456443983,25.5271,200,
1790456444014,30.0216,200,
1790456444046,30.8334,200,
1790456444075,28.2011,200,
1790456444112,36.1458,200,
1790456444164,50.9215,200,
1790456444191,25.8803,200,
1790456444222,29.3807,200,
1790456444254,30.7684,200,
1790456444282,27.4651,200,
1790456444313,29.9177,200,
1790456444349,34.9108,200,
1790456444382,31.6679,200,
1790456444413,29.8847,200,
1790456444445,30.378,200,
1790456444479,32.5991,200,
1790456444506,26.6244,200,
1790456444533,25.4868,200,
1790456444561,27.0189,200,
1790456444594,32.0276,200,
1790456444624,29.0445,200,
1790456444655,30.029,200,
1790456444688,31.7745,200,
1790456444733,43.3722,200,
1790456444765,30.2046,200,
1790456444794,28.9347,200,
1790456444822,26.8865,200,
1790456444867,43.7913,200,
1790456444901,32.9949,200,
1790456444977,74.8507,200,
1790456445070,91.7525,200,
1790456445169,98.161,200,
1790456445196,25.3848,200,
1790456445225,28.5623,200,
1790456445255,29.0611,200,
1790456445282,26.3322,200,
1790456445319,35.802,200,
1790456445352,31.4132,200,
1790456445380,27.3717,200,
1790456445411,30.2896,200,
1790456445442,29.3888,200,
1790456445474,30.5994,200,
1790456445500,25.4996,200,
1790456445530,28.1655,200,
1790456445554,23.888,200,
1790456445592,35.6811,200,
1790456445625,32.1243,200,
1790456445659,33.2695,200,
1790456445691,31.6095,200,
1790456445721,27.7428,200,
1790456445749,26.8428,200,
1790456445775,25.7689,200,
1790456445811,33.3327,200,
1790456445838,26.0295,200,
1790456445866,26.7136,200,
1790456445897,30.6963,200,
1790456445929,30.9936,200,
1790456445966,35.3027,200,
1790456445993,25.896,200,
1790456446022,27.8664,200,
1790456446049,27.0139,200,
1790456446083,32.0297,200,
1790456446113,29.16,200,
1790456446141,26.909,200,
1790456446174,31.9522,200,
1790456446209,33.5217,200,
1790456446245,34.3652,200,
1790456446276,30.5782,200,
1790456446307,29.7435,200,
1790456446334,25.8996,200,
1790456446363,28.3321,200,
1790456446392,26.9559,200,
1790456446419,24.6398,200,
1790456446448,28.1393,200,
1790456446479,30.0583,200,
1790456446514,34.5751,200,
1790456446543,28.2124,200,
1790456446573,28.37,200,
1790456446613,38.9246,200,
1790456446646,32.2432,200,
1790456446681,33.2021,200,
1790456446709,27.287,200,
1790456446747,37.4096,200,
1790456446774,25.8309,200,
1790456446807,31.2916,200,
1790456446855,46.3315,200,
1790456446922,66.2022,200,
1790456446977,53.2153,200,
1790456447031,52.8603,200,
1790456447060,28.3043,200,
1790456447093,31.3933,200,
1790456447129,35.5553,200,
1790456447165,34.8221,200,
1790456447194,28.5312,200,
1790456447231,35.9438,200,
1790456447269,36.0005,200,
1790456447296,27.1081,200,
1790456447326,28.5305,200,
1790456447363,36.564,200,
1790456447399,34.1398,200,
1790456447432,32.469,200,
1790456447462,28.995,200,
1790456447491,28.0809,200,
1790456447516,23.0078,200,
1790456447546,29.0122,200,
1790456447575,28.3207,200,
1790456447603,26.1493,200,
1790456447638,33.097,200,
1790456447682,43.5135,200,
1790456447722,38.0945,200,
1790456447759,36.4798,200,
1790456447786,26.152,200,
1790456447818,30.7506,200,
1790456447855,36.3787,200,
1790456447884,27.5752,200,
1790456447924,35.0415,200,
1790456447968,43.3341,200,
1790456448000,29.7436,200,
1790456448029,27.9708,200,
1790456448060,30.172,200,
1790456448094,33.4437,200,
1790456448126,31.2925,200,
1790456448157,30.2171,200,
1790456448196,36.057,200,
1790456448224,27.4251,200,
1790456448254,28.6724,200,
1790456448291,35.6344,200,
1790456448328,35.1264,200,
1790456448358,30.33,200,
1790456448390,30.3413,200,
1790456448432,40.9928,200,
1790456448465,31.7517,200,
1790456448502,36.066,200,
1790456448533,29.5995,200,
1790456448567,32.5268,200,
1790456448596,28.1509,200,
1790456448630,31.6109,200,
1790456448667,35.0034,200,
1790456448702,34.1589,200,
1790456448729,25.4558,200,
1790456448760,30.2391,200,
1790456448800,38.4641,200,
1790456448831,27.779,200,
1790456448860,27.903,200,
1790456448890,29.0245,200,
1790456448921,30.5939,200,
1790456448950,27.449,200,
1790456449000,48.0656,200,
1790456449030,28.2367,200,
1790456449056,25.7223,200,
1790456449099,41.5933,200,
1790456449130,29.565,200,
1790456449157,26.4472,200,
1790456449187,29.2878,200,
1790456449217,28.3528,200,
1790456449243,25.5002,200,
1790456449274,29.8915,200,
1790456449312,36.3419,200,
1790456449341,28.4516,200,
1790456449374,31.993,200,
1790456449403,28.0572,200,
1790456449431,27.1341,200,
1790456449477,44.6511,200,
1790456449506,29.0155,200,
1790456449535,26.8827,200,
1790456449558,22.3516,200,
1790456449583,24.5975,200,
1790456449621,35.5419,200,
1790456449659,38.5341,200,
1790456449687,26.6506,200,
1790456449722,34.3193,200,
1790456449751,27.0439,200,
1790456449780,28.229,200,
1790456449812,31.0347,200,
1790456449838,24.1229,200,
1790456449877,38.1644,200,
1790456449912,33.1998,200,
1790456449939,27.0337,200,
1790456449971,29.918,200,
1790456450001,30.3641,200,
1790456450030,27.5011,200,
1790456450075,43.1564,200,
1790456450109,33.1793,200,
1790456450136,27.1601,200,
1790456450163,24.9655,200,
1790456450193,29.9419,200,
1790456450220,24.7905,200,
1790456450246,25.1616,200,
1790456450275,29.4855,200,
1790456450310,32.4497,200,
1790456450343,32.5894,200,
1790456450371,26.4773,200,
1790456450403,31.0405,200,
1790456450429,25.2065,200,
1790456450453,22.4101,200,
1790456450484,29.0055,200,
1790456450516,30.4173,200,
1790456450540,22.6554,200,
1790456450563,22.2766,200,
1790456450594,30.4309,200,
1790456450631,35.6118,200,
1790456450666,34.0002,200,
1790456450699,32.6307,200,
1790456450724,23.9509,200,
1790456450750,25.1096,200,
1790456450779,27.1981,200,
1790456450811,30.9475,200,
1790456450836,24.4037,200,
1790456450861,23.3333,200,
1790456450890,28.1221,200,
1790456450918,26.994,200,
1790456450943,24.4422,200,
1790456450966,22.0022,200,
1790456450994,27.4405,200,
1790456451017,22.0658,200,
1790456451048,28.7546,200,
1790456451078,29.7584,200,
1790456451116,36.5338,200,
1790456451146,28.094,200,
1790456451176,29.3843,200,
1790456451205,28.2537,200,
1790456451236,29.5617,200,
1790456451263,26.1547,200,
1790456451291,26.9485,200,
1790456451320,26.9138,200,
1790456451348,27.3514,200,
1790456451373,25.1891,200,
1790456451401,25.8691,200,
1790456451427,24.8873,200,
1790456451454,26.6202,200,
1790456451485,30.278,200,
1790456451513,26.9515,200,
1790456451542,27.9223,200,
1790456451574,29.9517,200,
1790456451601,25.3934,200,
1790456451642,40.2175,200,
1790456451683,40.239,200,
1790456451724,37.1543,200,
1790456451775,49.8908,200,
1790456451811,34.7557,200,
1790456451840,27.6969,200,
1790456451873,32.147,200,
1790456451905,29.7285,200,
1790456451940,33.3853,200,
1790456451973,32.6977,200,
1790456452010,35.2508,200,
1790456452038,27.3506,200,
1790456452073,32.8955,200,
1790456452108,34.609,200,
1790456452140,31.2228,200,
1790456452177,35.9075,200,
1790456452206,27.9998,200,
1790456452239,31.3536,200,
1790456452276,35.8331,200,
1790456452304,27.9342,200,
1790456452333,27.1787,200,
1790456452365,31.0055,200,
1790456452396,30.2543,200,
1790456452424,27.1307,200,
1790456452447,22.5866,200,
1790456452473,24.2425,200,
1790456452503,28.4636,200,
1790456452527,23.5448,200,
1790456452553,24.9245,200,
1790456452583,29.3504,200,
1790456452614,30.0648,200,
1790456452645,29.1019,200,
1790456452677,31.3443,200,
1790456452709,31.2996,200,
1790456452741,31.2445,200,
1790456452770,27.7742,200,
1790456452798,27.4638,200,
1790456452827,28.1579,200,
1790456452861,32.9946,200,
1790456452892,29.1668,200,
1790456452925,32.062,200,
1790456452955,28.9823,200,
1790456453001,45.4696,200,
1790456453030,28.0697,200,
1790456453065,33.5638,200,
1790456453094,27.5651,200,
1790456453129,33.193,200,
1790456453160,29.582,200,
1790456453186,25.8591,200,
1790456453231,42.9718,200,
1790456453263,31.0337,200,
1790456453293,29.2873,200,
1790456453321,27.1738,200,
1790456453358,35.9195,200,
1790456453384,24.6353,200,
1790456453411,26.686,200,
1790456453446,32.5452,200,
1790456453478,32.0963,200,
1790456453509,27.8962,200,
1790456453540,26.6197,200,
1790456453574,32.4817,200,
1790456453599,24.4469,200,
1790456453628,27.8254,200,
1790456453655,26.6751,200,
1790456453692,35.4994,200,
1790456453720,27.4806,200,
1790456453747,26.4436,200,
1790456453775,26.868,200,
1790456453809,32.268,200,
1790456453833,23.5236,200,
1790456453862,27.1446,200,
1790456453893,30.5051,200,
1790456453934,39.2719,200,
1790456453972,36.1677,200,
1790456454009,35.111,200,
1790456454071,61.4595,200,
1790456454103,31.0417,200,
1790456454134,29.1846,200,
1790456454162,27.5965,200,
1790456454190,26.724,200,
1790456454221,29.1918,200,
1790456454257,35.1261,200,
1790456454295,36.8125,200,
1790456454327,29.9159,200,
1790456454364,36.5997,200,
1790456454395,29.0725,200,
1790456454425,29.1567,200,
1790456454453,27.8604,200,
1790456454487,32.4524,200,
1790456454514,25.1933,200,
1790456454544,28.2308,200,
1790456454580,33.4311,200,
1790456454608,27.8384,200,
1790456454638,27.5618,200,
1790456454678,39.1234,200,
1790456454707,26.9944,200,
1790456454744,36.6576,200,
1790456454774,28.3137,200,
1790456454800,24.8121,200,
1790456454829,27.728,200,
1790456454862,31.8314,200,
1790456454889,27.019,200,
1790456454926,35.0389,200,
1790456454954,27.4327,200,
1790456454993,38.1008,200,
1790456455024,30.3372,200,
1790456455056,30.4127,200,
1790456455091,33.0213,200,
1790456455120,28.874,200,
1790456455150,28.7254,200,
1790456455178,27.142,200,
1790456455206,26.5374,200,
1790456455234,27.5468,200,
1790456455264,27.9303,200,
1790456455295,30.8318,200,
1790456455332,34.9183,200,
1790456455360,27.2741,200,
1790456455388,26.4385,200,
1790456455422,33.53,200,
1790456455448,24.1385,200,
1790456455477,26.5879,200,
1790456455506,28.4719,200,
1790456455537,29.5968,200,
1790456455565,27.688,200,
1790456455595,28.6163,200,
1790456455626,30.8355,200,
1790456455654,26.7206,200,
1790456455694,38.8287,200,
1790456455723,27.608,200,
1790456455753,28.3677,200,
1790456455783,28.5912,200,
1790456455812,28.195,200,
1790456455842,28.6196,200,
1790456455877,33.8604,200,
1790456455909,30.4126,200,
1790456455937,28.1987,200,
1790456455966,28.3053,200,
1790456455995,26.7366,200,
1790456456021,26.5697,200,
1790456456047,24.4972,200,
1790456456082,33.8929,200,
1790456456109,24.6457,200,
1790456456141,31.0115,200,
1790456456177,35.4883,200,
1790456456209,29.9158,200,
1790456456244,34.4229,200,
1790456456275,30.043,200,
1790456456305,28.2569,200,
1790456456334,28.6063,200,
1790456456362,27.2924,200,
1790456456386,23.0801,200,
1790456456416,28.7608,200,
1790456456442,25.3776,200,
1790456456470,26.374,200,
1790456456498,27.923,200,
1790456456529,29.7468,200,
1790456456561,31.1659,200,
1790456456589,26.2822,200,
1790456456620,30.4749,200,
1790456456647,25.5343,200,
1790456456681,31.0718,200,
1790456456711,28.9866,200,
1790456456744,32.4192,200,
1790456456775,30.0695,200,
1790456456823,45.6578,200,
1790456456861,37.458,200,
1790456456906,43.4304,200,
1790456456959,52.4991,200,
1790456457003,41.3977,200,
1790456457035,31.8857,200,
1790456457068,31.9346,200,
1790456457104,34.3533,200,
1790456457136,30.9268,200,
1790456457164,27.0144,200,
1790456457195,29.5474,200,
1790456457223,26.7512,200,
1790456457255,31.0881,200,
1790456457284,28.5101,200,
1790456457313,28.0905,200,
1790456457340,25.8884,200,
1790456457369,27.8658,200,
1790456457398,27.2866,200,
1790456457433,33.049,200,
1790456457460,26.151,200,
1790456457499,38.0438,200,
1790456457529,28.7645,200,
1790456457559,29.2152,200,
1790456457592,31.8244,200,
1790456457624,30.8032,200,
1790456457658,32.9501,200,
1790456457699,40.1185,200,
1790456457729,29.4309,200,
1790456457764,33.7933,200,
1790456457807,41.5474,200,
1790456457840,32.1886,200,
1790456457871,29.895,200,
1790456457905,32.9085,200,
1790456457942,35.8995,200,
1790456457973,30.0805,200,
1790456458004,29.4341,200,
1790456458032,26.7536,200,
1790456458061,28.0704,200,
1790456458094,31.9822,200,
1790456458127,31.4513,200,
1790456458154,26.2887,200,
1790456458185,29.7205,200,
1790456458221,35.4302,200,
1790456458252,29.4988,200,
1790456458284,30.9196,200,
1790456458314,29.0431,200,
1790456458343,27.6218,200,
1790456458369,24.6713,200,
1790456458397,27.2928,200,
1790456458427,28.7553,200,
1790456458461,33.0241,200,
1790456458491,29.9573,200,
1790456458524,31.2235,200,
1790456458556,31.6049,200,
1790456458587,29.8536,200,
1790456458616,27.7728,200,
1790456458646,29.7773,200,
1790456458676,28.2566,200,
1790456458705,27.7088,200,
1790456458737,31.6914,200,
1790456458764,26.1174,200,
1790456458791,26.2637,200,
1790456458822,29.5815,200,
1790456458855,30.8832,200,
1790456458884,28.5167,200,
1790456458921,35.1207,200,
1790456458965,42.9944,200,
1790456459007,40.0692,200,
1790456459043,35.0706,200,
1790456459080,35.6513,200,
1790456459112,31.2813,200,
1790456459142,28.8868,200,
1790456459175,31.1528,200,
1790456459205,29.788,200,
1790456459234,27.8324,200,
1790456459267,31.259,200,
1790456459302,34.3318,200,
1790456459332,28.2406,200,
1790456459360,26.9896,200,
1790456459390,28.9787,200,
1790456459416,24.3988,200,
1790456459440,23.6782,200,
1790456459464,23.4353,200,
1790456459488,23.0726,200,
1790456459511,22.609,200,
1790456459534,22.211,200,
1790456459556,20.1982,200,
1790456459578,22.1067,200,
1790456459599,19.4613,200,
1790456459624,24.1731,200,
1790456459646,21.3842,200,
1790456459681,33.3521,200,
1790456459716,34.2704,200,
1790456459787,70.3403,200,
1790456459820,31.0441,200,
1790456459850,29.6785,200,
1790456459879,29.191,200,
1790456459920,38.2641,200,
1790456459957,36.2326,200,
1790456459992,34.0166,200,
1790456460046,52.0524,200,
1790456460085,37.6919,200,
1790456460112,26.2472,200,
1790456460142,29.4405,200,
1790456460170,26.5038,200,
1790456460200,28.9855,200,
1790456460231,30.1729,200,
1790456460263,30.7267,200,
1790456460290,26.4269,200,
1790456460318,26.9925,200,
1790456460349,30.0393,200,
1790456460377,26.5599,200,
1790456460413,35.3505,200,
1790456460439,25.2364,200,
1790456460476,35.3907,200,
1790456460510,33.2193,200,
1790456460537,25.8664,200,
1790456460568,29.714,200,
1790456460594,25.7201,200,
1790456460626,30.7441,200,
1790456460657,30.1417,200,
1790456460687,29.3107,200,
1790456460717,27.7832,200,
1790456460749,31.5182,200,
1790456460779,28.7549,200,
1790456460811,30.6765,200,
1790456460845,33.2188,200,
1790456460873,26.6746,200,
1790456460901,27.1014,200,
1790456460930,28.4297,200,
1790456460960,29.0695,200,
1790456460988,27.1256,200,
1790456461015,25.4596,200,
1790456461043,27.5084,200,
1790456461075,30.0906,200,
1790456461110,34.7614,200,
1790456461140,29.7258,200,
1790456461171,28.7927,200,
1790456461200,28.6106,200,
1790456461234,30.9079,200,
1790456461263,27.2627,200,
1790456461295,31.6696,200,
1790456461323,27.6745,200,
1790456461350,25.0161,200,
1790456461373,22.4629,200,
1790456461407,33.2042,200,
1790456461430,22.2974,200,
1790456461455,23.5822,200,
1790456461483,26.9115,200,
1790456461512,27.7512,200,
1790456461542,29.0045,200,
1790456461569,26.0714,200,
1790456461605,33.7908,200,
1790456461628,22.9732,200,
1790456461653,23.0577,200,
1790456461685,31.0328,200,
1790456461762,74.8594,200,
1790456461792,29.8366,200,
1790456461873,79.248,200,
1790456461907,32.4474,200,
1790456461978,71.9952,200,
1790456462012,30.9331,200,
1790456462038,25.6766,200,
1790456462069,30.7363,200,
1790456462105,35.0336,200,
1790456462146,39.0854,200,
1790456462176,28.3607,200,
1790456462211,33.9122,200,
1790456462239,27.2385,200,
1790456462272,32.8867,200,
1790456462310,35.726,200,
1790456462334,22.9376,200,
1790456462360,25.8235,200,
1790456462396,34.328,200,
1790456462424,26.5649,200,
1790456462452,27.6788,200,
1790456462479,27.0361,200,
1790456462510,28.9127,200,
1790456462536,24.8798,200,
1790456462563,25.8513,200,
1790456462595,30.7059,200,
1790456462661,65.2122,200,
1790456462697,33.1065,200,
1790456462724,26.4161,200,
1790456462762,36.0547,200,
1790456462790,27.4041,200,
1790456462814,23.7793,200,
1790456462838,22.4354,200,
1790456462866,27.7974,200,
1790456462917,48.8292,200,
1790456462960,42.0938,200,
1790456462997,36.3461,200,
1790456463037,37.9789,200,
1790456463066,28.5814,200,
1790456463100,33.3153,200,
1790456463129,27.2918,200,
1790456463153,23.3578,200,
1790456463184,29.597,200,
1790456463220,34.4833,200,
1790456463246,25.4452,200,
1790456463280,32.6843,200,
1790456463314,33.0105,200,
1790456463338,23.0234,200,
1790456463366,26.8201,200,
1790456463395,28.476,200,
1790456463421,24.4819,200,
1790456463448,26.2496,200,
1790456463483,33.3062,200,
1790456463517,33.9344,200,
1790456463545,26.2369,200,
1790456463571,25.5866,200,
1790456463604,32.1023,200,
1790456463630,24.2892,200,
1790456463655,24.4425,200,
1790456463687,30.4034,200,
1790456463716,28.153,200,
1790456463740,23.348,200,
1790456463764,22.7105,200,
1790456463792,27.3501,200,
1790456463821,28.201,200,
1790456463847,23.7897,200,
1790456463880,32.0743,200,
1790456463910,29.3625,200,
1790456463947,35.2147,200,
1790456463978,30.1604,200,
1790456464009,30.1967,200,
1790456464039,28.9594,200,
1790456464068,28.5358,200,
1790456464097,27.5523,200,
1790456464124,26.7012,200,
1790456464159,32.7844,200,
1790456464194,34.4552,200,
1790456464229,33.7908,200,
1790456464262,31.4078,200,
1790456464297,33.8182,200,
1790456464326,28.3294,200,
1790456464360,33.1445,200,
1790456464394,31.9658,200,
1790456464422,26.9457,200,
1790456464452,29.1272,200,
1790456464483,30.0421,200,
1790456464512,27.8778,200,
1790456464537,24.5463,200,
1790456464567,28.8021,200,
1790456464594,26.5254,200,
1790456464622,27.0384,200,
1790456464648,24.0392,200,
1790456464686,37.597,200,
1790456464723,34.4325,200,
1790456464767,42.0792,200,
1790456464798,29.0796,200,
1790456464826,27.1258,200,
1790456464854,27.1827,200,
1790456464886,30.6649,200,
1790456464915,28.0173,200,
1790456464943,26.5463,200,
1790456464974,30.6293,200,
1790456465003,28.2511,200,
1790456465028,23.9506,200,
1790456465058,28.944,200,
1790456465089,29.7222,200,
1790456465133,43.3509,200,
1790456465163,28.2723,200,
1790456465193,28.9381,200,
1790456465219,25.8079,200,
1790456465249,28.5158,200,
1790456465275,24.9629,200,
1790456465303,26.7494,200,
1790456465333,29.621,200,
1790456465363,29.3581,200,
1790456465391,25.9656,200,
1790456465419,27.7873,200,
1790456465457,35.9743,200,
1790456465485,27.7157,200,
1790456465519,32.9669,200,
1790456465549,28.779,200,
1790456465579,28.6738,200,
1790456465606,26.1683,200,
1790456465634,27.6149,200,
1790456465666,30.3793,200,
1790456465696,29.6156,200,
1790456465721,24.2314,200,
1790456465749,27.2161,200,
1790456465787,36.0126,200,
1790456465820,31.8038,200,
1790456465843,22.1469,200,
1790456465873,29.5966,200,
1790456465906,31.8755,200,
1790456465936,28.2018,200,
1790456465963,26.7784,200,
1790456465992,27.694,200,
1790456466020,26.6382,200,
1790456466048,27.7871,200,
1790456466075,24.5145,200,
1790456466109,32.5485,200,
1790456466146,36.4167,200,
1790456466174,27.4655,200,
1790456466206,29.8394,200,
1790456466232,25.3592,200,
1790456466269,36.4793,200,
1790456466306,34.8287,200,
1790456466335,28.0531,200,
1790456466366,30.7217,200,
1790456466396,29.0128,200,
1790456466426,28.0481,200,
1790456466456,29.4719,200,
1790456466487,30.0505,200,
1790456466521,32.2539,200,
1790456466548,26.5095,200,
1790456466577,27.4844,200,
1790456466613,36.118,200,
1790456466649,34.2321,200,
1790456466675,25.2883,200,
1790456466705,29.2432,200,
1790456466737,30.4275,200,
1790456466770,31.7166,200,
1790456466802,30.9944,200,
1790456466834,30.2288,200,
1790456466884,48.9027,200,
1790456467000,114.3549,200,
1790456467032,30.0487,200,
1790456467065,32.5647,200,
1790456467112,45.1185,200,
1790456467162,48.9456,200,
1790456467195,31.9482,200,
1790456467224,28.7491,200,
1790456467253,27.3125,200,
1790456467284,29.7583,200,
1790456467317,32.8295,200,
1790456467343,25.0024,200,
1790456467371,27.3342,200,
1790456467404,32.0125,200,
1790456467437,31.7784,200,
1790456467469,30.893,200,
1790456467498,28.4605,200,
1790456467527,27.8245,200,
1790456467555,27.4275,200,
1790456467585,29.602,200,
1790456467614,26.8571,200,
1790456467641,26.3212,200,
1790456467681,39.1263,200,
1790456467719,36.1215,200,
1790456467763,43.0384,200,
1790456467828,66.2587,200,
1790456467863,30.7129,200,
1790456467897,32.9884,200,
1790456467937,38.4532,200,
1790456467971,33.4893,200,
1790456468001,28.5072,200,
1790456468027,25.3598,200,
1790456468058,26.8409,200,
1790456468085,25.2146,200,
1790456468116,30.6127,200,
1790456468150,32.8377,200,
1790456468177,27.0866,200,
1790456468216,37.4904,200,
1790456468244,26.3119,200,
1790456468276,31.0219,200,
1790456468308,30.1238,200,
1790456468335,26.8424,200,
1790456468367,29.9349,200,
1790456468395,27.3002,200,
1790456468422,26.0045,200,
1790456468455,31.5916,200,
1790456468483,27.2513,200,
1790456468512,28.0593,200,
1790456468542,28.6268,200,
1790456468571,28.386,200,
1790456468598,24.9453,200,
1790456468628,28.468,200,
1790456468655,27.1616,200,
1790456468692,35.2367,200,
1790456468722,28.6346,200,
1790456468750,26.8989,200,
1790456468776,25.5684,200,
1790456468806,28.6722,200,
1790456468836,29.2187,200,
1790456468861,24.6526,200,
1790456468888,25.3975,200,
1790456468920,31.518,200,
1790456468964,41.7813,200,
1790456469023,59.1482,200,
1790456469061,35.7823,200,
1790456469093,31.1427,200,
1790456469121,26.9529,200,
1790456469155,33.0161,200,
1790456469186,30.4316,200,
1790456469218,31.2495,200,
1790456469245,26.0954,200,
1790456469278,30.1687,200,
1790456469311,31.7192,200,
1790456469340,27.0515,200,
1790456469377,36.4051,200,
1790456469409,31.1788,200,
1790456469438,28.3125,200,
1790456469470,29.7872,200,
1790456469502,31.3191,200,
1790456469575,71.513,200,
1790456469601,25.0348,200,
1790456469632,30.6428,200,
1790456469658,23.5441,200,
1790456469694,33.2573,200,
1790456469728,33.4793,200,
1790456469760,31.65,200,
1790456469791,29.4344,200,
1790456469826,34.5675,200,
1790456469856,28.2555,200,
1790456469885,28.1754,200,
1790456469913,26.5952,200,
1790456469948,33.633,200,
1790456469977,28.073,200,
1790456470005,28.1338,200,
1790456470039,32.664,200,
1790456470095,53.3329,200,
1790456470145,48.5639,200,
1790456470174,29.117,200,
1790456470205,29.477,200,
1790456470232,26.6933,200,
1790456470269,35.8201,200,
1790456470304,33.6335,200,
1790456470331,25.0726,200,
1790456470372,41.1691,200,
1790456470401,25.9496,200,
1790456470431,29.892,200,
1790456470461,28.7057,200,
1790456470485,23.3391,200,
1790456470515,28.8466,200,
1790456470552,35.0649,200,
1790456470592,37.6277,200,
1790456470621,28.2592,200,
1790456470652,29.8649,200,
1790456470687,34.3165,200,
1790456470717,29.0829,200,
1790456470748,30.2709,200,
1790456470776,27.1379,200,
1790456470808,30.1915,200,
1790456470838,29.3558,200,
1790456470867,28.008,200,
1790456470897,28.6536,200,
1790456470929,31.2599,200,
1790456470962,32.1218,200,
1790456470996,33.2293,200,
1790456471070,72.7987,200,
1790456471099,28.4874,200,
1790456471135,34.4359,200,
1790456471165,29.2821,200,
1790456471199,30.0238,200,
1790456471276,75.6506,200,
1790456471385,107.1659,200,
1790456471469,83.3319,200,
1790456471498,27.4495,200,
1790456471528,29.3618,200,
1790456471561,32.1393,200,
1790456471599,36.268,200,
1790456471627,27.5536,200,
1790456471654,26.2054,200,
1790456471679,23.9764,200,
1790456471713,32.5806,200,
1790456471746,33.0151,200,
1790456471772,24.8379,200,
1790456471808,34.9245,200,
1790456471843,33.2756,200,
1790456471872,28.3547,200,
1790456471907,34.0947,200,
1790456471967,58.5025,200,
1790456471998,29.8478,200,
1790456472026,27.0106,200,
1790456472060,33.9269,200,
1790456472093,31.4555,200,
1790456472134,39.9696,200,
1790456472181,44.6159,200,
1790456472211,29.4114,200,
1790456472240,27.2,200,
1790456472269,28.4893,200,
1790456472308,37.9738,200,
1790456472335,26.0717,200,
1790456472369,32.5356,200,
1790456472398,27.8951,200,
1790456472424,24.9759,200,
1790456472452,26.6204,200,
1790456472488,34.5522,200,
1790456472516,28.4562,200,
1790456472542,23.621,200,
1790456472569,25.2511,200,
1790456472599,28.6715,200,
1790456472626,26.6021,200,
1790456472663,35.8451,200,
1790456472703,39.0936,200,
1790456472768,63.6797,200,
1790456472800,30.1038,200,
1790456472829,28.9972,200,
1790456472866,34.6478,200,
1790456472898,31.5515,200,
1790456472939,39.9095,200,
1790456472974,33.9026,200,
1790456473004,28.5086,200,
1790456473036,31.7252,200,
1790456473071,34.1581,200,
1790456473102,28.3946,200,
1790456473131,29.9938,200,
1790456473165,31.3923,200,
1790456473198,31.9155,200,
1790456473230,28.7594,200,
1790456473263,32.9044,200,
1790456473296,31.3647,200,
1790456473324,26.514,200,
1790456473354,28.4223,200,
1790456473383,28.1586,200,
1790456473418,33.6481,200,
1790456473444,25.1069,200,
1790456473470,24.8179,200,
1790456473497,26.6119,200,
1790456473541,42.5744,200,
1790456473577,34.9945,200,
1790456473610,32.1773,200,
1790456473639,28.3765,200,
1790456473671,30.2675,200,
1790456473701,29.1061,200,
1790456473730,27.5688,200,
1790456473760,29.2452,200,
1790456473789,28.0475,200,
1790456473821,31.1322,200,
1790456473851,29.5006,200,
1790456473880,27.8267,200,
1790456473909,28.4584,200,
1790456473937,26.1994,200,
1790456473963,25.57,200,
1790456473998,34.0404,200,
1790456474025,24.8055,200,
1790456474051,25.7486,200,
1790456474084,32.4311,200,
1790456474115,29.131,200,
1790456474142,26.2082,200,
1790456474171,28.6721,200,
1790456474199,27.241,200,
1790456474227,26.8694,200,
1790456474258,29.8072,200,
1790456474293,32.39,200,
1790456474323,28.3652,200,
1790456474347,23.7633,200,
1790456474380,30.7768,200,
1790456474414,32.5458,200,
1790456474447,31.4321,200,
1790456474469,21.9404,200,
1790456474499,28.5404,200,
1790456474523,23.4309,200,
1790456474550,25.2436,200,
1790456474576,25.9337,200,
1790456474601,23.8923,200,
1790456474631,28.3669,200,
1790456474665,32.4168,200,
1790456474699,32.7251,200,
1790456474735,34.4715,200,
1790456474767,31.8031,200,
1790456474801,33.1165,200,
1790456474829,26.8659,200,
1790456474852,21.8471,200,
1790456474884,30.7273,200,
1790456474910,24.9666,200,
1790456474937,25.3922,200,
1790456474964,26.2024,200,
1790456474994,29.4079,200,
1790456475024,26.5434,200,
1790456475056,30.4365,200,
1790456475085,27.7449,200,
1790456475115,28.2123,200,
1790456475151,34.2896,200,
1790456475176,24.6507,200,
1790456475207,29.0936,200,
1790456475231,22.4488,200,
1790456475255,24.2823,200,
1790456475288,31.4028,200,
1790456475316,26.9648,200,
1790456475342,24.4216,200,
1790456475371,27.3527,200,
1790456475401,28.9077,200,
1790456475427,24.473,200,
1790456475450,22.617,200,
1790456475480,29.219,200,
1790456475513,31.7254,200,
1790456475540,25.8496,200,
1790456475564,22.5925,200,
1790456475598,33.7086,200,
1790456475629,29.7971,200,
1790456475655,25.8074,200,
1790456475686,29.3909,200,
1790456475713,25.8568,200,
1790456475742,27.9862,200,
1790456475775,31.9336,200,
1790456475808,31.7411,200,
1790456475834,24.6725,200,
1790456475862,24.424,200,
1790456475892,28.4909,200,
1790456475919,26.1026,200,
1790456475949,27.9148,200,
1790456475978,27.5151,200,
1790456476008,29.2234,200,
1790456476033,23.0212,200,
1790456476058,23.7605,200,
1790456476081,23.0621,200,
1790456476109,27.1538,200,
1790456476136,25.1538,200,
1790456476161,24.4225,200,
1790456476191,26.9575,200,
1790456476219,27.2624,200,
1790456476246,26.695,200,
1790456476278,29.9145,200,
1790456476317,37.2129,200,
1790456476349,31.7754,200,
1790456476379,27.6701,200,
1790456476406,26.7238,200,
1790456476434,26.8057,200,
1790456476460,24.2591,200,
1790456476488,27.5064,200,
1790456476517,28.0938,200,
1790456476541,23.1854,200,
1790456476571,28.937,200,
1790456476597,24.8315,200,
1790456476622,24.4067,200,
1790456476652,28.6446,200,
1790456476679,26.7639,200,
1790456476723,42.1498,200,
1790456476759,34.3239,200,
1790456476792,32.974,200,
1790456476825,31.8897,200,
1790456476864,37.9021,200,
1790456476922,54.5942,200,
1790456476988,65.178,200,
1790456477034,43.5305,200,
1790456477071,36.0352,200,
1790456477103,30.7565,200,
1790456477134,30.2666,200,
1790456477164,29.2639,200,
1790456477194,28.8559,200,
1790456477224,28.7091,200,
1790456477258,32.817,200,
1790456477289,30.0326,200,
1790456477325,34.9535,200,
1790456477353,27.1713,200,
1790456477383,29.4932,200,
1790456477415,30.9765,200,
1790456477450,33.8771,200,
1790456477478,26.0674,200,
1790456477507,29.397,200,
1790456477534,26.1598,200,
1790456477564,27.7338,200,
1790456477595,30.0829,200,
1790456477620,24.1045,200,
1790456477645,23.9166,200,
1790456477674,28.9228,200,
1790456477711,34.8635,200,
1790456477748,36.0202,200,
1790456477778,28.1805,200,
1790456477816,36.3634,200,
1790456477844,27.7715,200,
1790456477874,29.1461,200,
1790456477913,36.6109,200,
1790456477953,39.6668,200,
1790456477993,38.4381,200,
1790456478022,27.6239,200,
1790456478048,25.6893,200,
1790456478077,27.4421,200,
1790456478104,26.0609,200,
1790456478132,27.0444,200,
1790456478164,30.3439,200,
1790456478199,33.8382,200,
1790456478230,30.4181,200,
1790456478270,38.7031,200,
1790456478306,33.7716,200,
1790456478334,27.155,200,
1790456478364,28.4631,200,
1790456478394,28.8415,200,
1790456478429,34.2031,200,
1790456478465,34.0429,200,
1790456478496,31.0006,200,
1790456478527,30.171,200,
1790456478559,31.1001,200,
1790456478591,30.6929,200,
1790456478622,29.6755,200,
1790456478654,30.2522,200,
1790456478684,29.8179,200,
1790456478715,28.46,200,
1790456478751,34.8393,200,
1790456478778,26.2868,200,
1790456478808,29.677,200,
1790456478834,25.5597,200,
1790456478862,27.0013,200,
1790456478897,32.2268,200,
1790456478926,28.2701,200,
1790456478956,29.4621,200,
1790456478989,31.2839,200,
1790456479036,46.0856,200,
1790456479081,43.7225,200,
1790456479123,40.5476,200,
1790456479161,37.4735,200,
1790456479192,30.2456,200,
1790456479225,32.4155,200,
1790456479254,27.3679,200,
1790456479286,30.0078,200,
1790456479312,26.5957,200,
1790456479346,31.49,200,
1790456479381,34.112,200,
1790456479409,27.4119,200,
1790456479439,28.34,200,
1790456479476,36.3405,200,
1790456479510,32.4001,200,
1790456479541,29.7565,200,
1790456479570,27.5807,200,
1790456479600,29.5167,200,
1790456479626,25.6555,200,
1790456479676,47.3105,200,
1790456479713,36.2837,200,
1790456479741,27.4839,200,
1790456479773,30.2445,200,
1790456479816,42.5949,200,
1790456479845,27.6087,200,
1790456479876,29.9317,200,
1790456479907,30.4938,200,
1790456479936,27.3957,200,
1790456479965,27.7428,200,
1790456479993,27.6093,200,
1790456480023,28.9093,200,
1790456480053,29.1317,200,
1790456480090,36.1525,200,
1790456480130,38.5223,200,
1790456480175,43.0163,200,
1790456480239,63.0546,200,
1790456480269,28.7527,200,
1790456480303,33.6727,200,
1790456480335,31.8055,200,
1790456480371,34.3205,200,
1790456480397,25.8776,200,
1790456480433,34.3477,200,
1790456480474,39.1572,200,
1790456480507,31.8043,200,
1790456480541,32.122,200,
1790456480569,26.5701,200,
1790456480599,29.7937,200,
1790456480635,33.9089,200,
1790456480666,30.9414,200,
1790456480707,37.9969,200,
1790456480752,44.0438,200,
1790456480784,30.7291,200,
1790456480819,33.0742,200,
1790456480846,26.1005,200,
1790456480874,26.7972,200,
1790456480905,30.7546,200,
1790456480937,29.3577,200,
1790456480973,34.8145,200,
1790456481010,34.9952,200,
1790456481045,34.1926,200,
1790456481078,32.1396,200,
1790456481107,28.4567,200,
1790456481142,34.1985,200,
1790456481189,46.0757,200,
1790456481223,32.4053,200,
1790456481253,28.0316,200,
1790456481286,31.8206,200,
1790456481318,31.165,200,
1790456481349,29.2451,200,
1790456481385,34.9313,200,
1790456481413,26.7238,200,
1790456481441,27.385,200,
1790456481468,26.0948,200,
1790456481497,26.0919,200,
1790456481528,30.0786,200,
1790456481554,24.16,200,
1790456481582,26.7941,200,
1790456481617,34.4526,200,
1790456481649,31.04,200,
1790456481681,32.1996,200,
1790456481719,35.3748,200,
1790456481755,35.6031,200,
1790456481784,28.2949,200,
1790456481818,33.0905,200,
1790456481850,29.6691,200,
1790456481880,29.9837,200,
1790456481912,30.5471,200,
1790456481946,33.6209,200,
1790456481978,30.2692,200,
1790456482006,26.6857,200,
1790456482034,26.8484,200,
1790456482062,26.7599,200,
1790456482095,31.8918,200,
1790456482131,34.7955,200,
1790456482171,39.3162,200,
1790456482203,30.1531,200,
1790456482234,30.1754,200,
1790456482275,39.6796,200,
1790456482320,41.4527,200,
1790456482374,53.405,200,
1790456482405,29.7442,200,
1790456482441,34.6928,200,
1790456482467,25.8382,200,
1790456482495,27.1475,200,
1790456482520,24.2907,200,
1790456482552,30.5887,200,
1790456482583,29.3682,200,
1790456482609,25.7228,200,
1790456482635,23.95,200,
1790456482668,33.1029,200,
1790456482703,33.5982,200,
1790456482733,28.9543,200,
1790456482766,31.6651,200,
1790456482796,28.1567,200,
1790456482830,32.5371,200,
1790456482857,25.7514,200,
1790456482890,32.4314,200,
1790456482923,31.6925,200,
1790456482957,33.7218,200,
1790456483057,98.0578,200,
1790456483153,94.944,200,
1790456483200,45.6626,200,
1790456483261,60.9516,200,
1790456483297,34.969,200,
1790456483340,42.3579,200,
1790456483371,29.9269,200,
1790456483441,68.2894,200,
1790456483481,39.4293,200,
1790456483574,91.4563,200,
1790456483670,95.2099,200,
1790456483767,96.1387,200,
1790456483849,80.0249,200,
1790456483901,51.4886,200,
1790456483963,62.0192,200,
1790456483996,30.6438,200,
1790456484024,26.9462,200,
1790456484051,25.8808,200,
1790456484086,33.1957,200,
1790456484131,43.2717,200,
1790456484163,30.7829,200,
1790456484203,39.8615,200,
1790456484229,25.0466,200,
1790456484257,26.6893,200,
1790456484342,82.8361,200,
1790456484378,34.9486,200,
1790456484409,30.6483,200,
1790456484437,26.4994,200,
1790456484466,28.7247,200,
1790456484493,26.0278,200,
1790456484522,26.6592,200,
1790456484551,28.6909,200,
1790456484578,25.3922,200,
1790456484610,30.6314,200,
1790456484638,26.6959,200,
1790456484674,35.4946,200,
1790456484708,32.6105,200,
1790456484744,34.5458,200,
1790456484778,34.0084,200,
1790456484810,29.3714,200,
1790456484833,22.2008,200,
1790456484859,25.5283,200,
1790456484890,29.1284,200,
1790456484921,30.229,200,
1790456484952,29.7162,200,
1790456484979,26.2538,200,
1790456485011,30.8394,200,
1790456485046,33.5826,200,
1790456485081,33.8833,200,
1790456485116,33.8759,200,
1790456485149,31.9344,200,
1790456485182,31.7231,200,
1790456485216,33.198,200,
1790456485243,25.6364,200,
1790456485268,24.1541,200,
1790456485300,31.7799,200,
1790456485329,27.7089,200,
1790456485358,27.9119,200,
1790456485396,37.0085,200,
1790456485432,33.9605,200,
1790456485461,27.9561,200,
1790456485491,28.5188,200,
1790456485522,30.8304,200,
1790456485548,25.4139,200,
1790456485583,33.0992,200,
1790456485612,28.0906,200,
1790456485636,23.6505,200,
1790456485665,28.1005,200,
1790456485695,28.9867,200,
1790456485728,30.5017,200,
1790456485758,29.4816,200,
1790456485788,29.6806,200,
1790456485818,29.0558,200,
1790456485845,25.0755,200,
1790456485873,28.1122,200,
1790456485902,26.6716,200,
1790456485935,32.0454,200,
1790456485963,28.0904,200,
1790456486004,39.1276,200,
1790456486034,27.9997,200,
1790456486060,25.3816,200,
1790456486085,25.2628,200,
1790456486117,30.3878,200,
1790456486152,33.8094,200,
1790456486181,28.125,200,
1790456486212,29.4384,200,
1790456486242,28.3963,200,
1790456486271,28.6199,200,
1790456486301,29.318,200,
1790456486334,32.0672,200,
1790456486360,24.5369,200,
1790456486396,35.1906,200,
1790456486426,28.1287,200,
1790456486459,31.4849,200,
1790456486484,24.7837,200,
1790456486516,30.4761,200,
1790456486547,29.4028,200,
1790456486575,27.2981,200,
1790456486605,27.9879,200,
1790456486635,29.3302,200,
1790456486661,25.2995,200,
1790456486686,24.1726,200,
1790456486718,30.5172,200,
1790456486748,29.542,200,
1790456486780,29.4349,200,
1790456486818,36.7237,200,
1790456486848,29.0678,200,
1790456486888,38.5983,200,
1790456486936,45.9528,200,
1790456486987,49.5938,200,
1790456487034,44.7785,200,
1790456487062,26.7091,200,
1790456487099,35.4449,200,
1790456487126,26.2079,200,
1790456487151,23.9056,200,
1790456487184,30.346,200,
1790456487217,32.3886,200,
1790456487242,23.4361,200,
1790456487266,22.8612,200,
1790456487298,30.9788,200,
1790456487324,25.1163,200,
1790456487350,25.5329,200,
1790456487381,28.9808,200,
1790456487411,28.5382,200,
1790456487442,29.4402,200,
1790456487469,25.5588,200,
1790456487504,34.3361,200,
1790456487527,22.749,200,
1790456487553,23.9527,200,
1790456487576,22.6911,200,
1790456487606,28.5432,200,
1790456487630,22.9818,200,
1790456487652,21.2223,200,
1790456487686,32.7708,200,
1790456487727,40.5497,200,
1790456487766,36.8369,200,
1790456487808,41.1636,200,
1790456487865,55.6688,200,
1790456487899,33.1837,200,
1790456487933,32.0561,200,
1790456487963,29.3668,200,
1790456488002,37.6919,200,
1790456488028,25.1962,200,
1790456488054,25.1454,200,
1790456488086,30.7297,200,
1790456488118,30.9933,200,
1790456488150,29.102,200,
1790456488176,25.2386,200,
1790456488208,31.1968,200,
1790456488233,24.1102,200,
1790456488258,23.312,200,
1790456488287,28.1058,200,
1790456488316,27.2987,200,
1790456488342,25.4636,200,
1790456488372,27.4446,200,
1790456488402,30.2357,200,
1790456488431,27.7134,200,
1790456488459,26.9678,200,
1790456488490,29.6233,200,
1790456488520,28.0799,200,
1790456488550,29.019,200,
1790456488583,32.9741,200,
1790456488622,37.2594,200,
1790456488650,26.5421,200,
1790456488678,26.908,200,
1790456488709,30.1125,200,
1790456488741,31.0941,200,
1790456488764,22.1019,200,
1790456488789,24.4494,200,
1790456488820,29.4168,200,
1790456488846,24.2173,200,
1790456488870,22.6815,200,
1790456488910,37.5675,200,
1790456488935,24.8891,200,
1790456488970,33.6185,200,
1790456489026,54.5315,200,
1790456489059,31.5121,200,
1790456489091,30.3581,200,
1790456489127,35.23,200,
1790456489160,32.5529,200,
1790456489190,28.6411,200,
1790456489226,35.3056,200,
1790456489253,25.7274,200,
1790456489285,30.5796,200,
1790456489317,31.194,200,
1790456489347,28.464,200,
1790456489387,36.8159,200,
1790456489428,39.3969,200,
1790456489456,27.1206,200,
1790456489483,24.8523,200,
1790456489517,31.8354,200,
1790456489558,39.6286,200,
1790456489590,31.3395,200,
1790456489621,27.6907,200,
1790456489648,26.2332,200,
1790456489685,36.5966,200,
1790456489725,38.6784,200,
1790456489784,57.2164,200,
1790456489818,31.7109,200,
1790456489845,27.4257,200,
1790456489873,26.9895,200,
1790456489898,22.8813,200,
1790456489930,31.3606,200,
1790456489984,51.6769,200,
1790456490013,28.2755,200,
1790456490046,31.8689,200,
1790456490079,31.8221,200,
1790456490117,37.3859,200,
1790456490146,28.3462,200,
1790456490179,31.1914,200,
1790456490207,27.0054,200,
1790456490241,34.0977,200,
1790456490281,37.5371,200,
1790456490343,61.1722,200,
1790456490373,28.1549,200,
1790456490403,29.7836,200,
1790456490438,33.1726,200,
1790456490466,27.8198,200,
1790456490494,26.7588,200,
1790456490524,29.0126,200,
1790456490566,39.9571,200,
1790456490595,28.0832,200,
1790456490627,32.0745,200,
1790456490655,26.6263,200,
1790456490692,35.3707,200,
1790456490726,32.2731,200,
1790456490754,27.0658,200,
1790456490787,31.582,200,
1790456490814,26.1914,200,
1790456490841,25.9021,200,
1790456490871,28.4598,200,
1790456490897,25.3262,200,
1790456490930,31.2657,200,
1790456490961,29.4449,200,
1790456491002,39.8737,200,
1790456491029,26.4643,200,
1790456491057,26.9082,200,
1790456491086,28.4867,200,
1790456491115,27.6545,200,
1790456491142,24.75,200,
1790456491171,28.2659,200,
1790456491200,28.5672,200,
1790456491230,28.1403,200,
1790456491257,26.4655,200,
1790456491288,28.5171,200,
1790456491340,51.1051,200,
1790456491369,28.2119,200,
1790456491397,27.5468,200,
1790456491421,22.4859,200,
1790456491447,25.7604,200,
1790456491476,27.9424,200,
1790456491508,29.7078,200,
1790456491535,25.6528,200,
1790456491563,26.2455,200,
1790456491600,36.8137,200,
1790456491631,29.206,200,
1790456491659,27.4292,200,
1790456491691,30.0964,200,
1790456491726,33.4245,200,
1790456491756,28.9288,200,
1790456491786,29.109,200,
1790456491823,35.2016,200,
1790456491852,27.6779,200,
1790456491880,27.1151,200,
1790456491923,42.1276,200,
1790456491954,29.7512,200,
1790456491984,28.8514,200,
1790456492018,33.0803,200,
1790456492052,33.3779,200,
1790456492078,25.0394,200,
1790456492110,31.1446,200,
1790456492145,33.9772,200,
1790456492185,39.2654,200,
1790456492215,28.8531,200,
1790456492244,27.5173,200,
1790456492288,43.0272,200,
1790456492321,32.1854,200,
1790456492369,46.6303,200,
1790456492400,29.4961,200,
1790456492431,29.8727,200,
1790456492458,26.493,200,
1790456492483,23.8333,200,
1790456492508,24.6484,200,
1790456492536,26.9596,200,
1790456492562,24.9834,200,
1790456492586,22.6441,200,
1790456492612,26.9172,200,
1790456492647,33.1517,200,
1790456492690,41.0374,200,
1790456492721,30.405,200,
1790456492753,30.1052,200,
1790456492784,30.7263,200,
1790456492818,32.1171,200,
1790456492848,28.3777,200,
1790456492882,33.1549,200,
1790456492912,28.7483,200,
1790456492946,33.5809,200,
1790456492993,44.6946,200,
1790456493024,29.9426,200,
1790456493054,30.2716,200,
1790456493081,24.8807,200,
1790456493111,28.7393,200,
1790456493140,28.7287,200,
1790456493167,26.8934,200,
1790456493203,33.6412,200,
1790456493237,33.2209,200,
1790456493268,30.0432,200,
1790456493311,42.2915,200,
1790456493345,33.0241,200,
1790456493373,27.1956,200,
1790456493401,26.9765,200,
1790456493424,22.0412,200,
1790456493451,26.1711,200,
1790456493484,31.3061,200,
1790456493519,34.7615,200,
1790456493542,21.7619,200,
1790456493576,32.6932,200,
1790456493603,26.2852,200,
1790456493636,31.8608,200,
1790456493670,33.5687,200,
1790456493703,30.562,200,
1790456493733,28.8767,200,
1790456493760,25.8374,200,
1790456493784,23.7616,200,
1790456493813,27.6075,200,
1790456493846,30.6124,200,
1790456493871,24.0646,200,
1790456493899,27.2073,200,
1790456493927,27.5617,200,
1790456493960,31.2292,200,
1790456493994,33.2934,200,
1790456494039,44.0257,200,
1790456494072,32.2781,200,
1790456494099,26.4074,200,
1790456494129,27.4628,200,
1790456494158,28.2971,200,
1790456494188,30.1036,200,
1790456494217,27.508,200,
1790456494243,25.6699,200,
1790456494275,30.432,200,
1790456494312,35.2873,200,
1790456494343,29.8973,200,
1790456494372,28.3814,200,
1790456494409,36.0734,200,
1790456494438,28.4512,200,
1790456494465,24.6327,200,
1790456494497,29.7212,200,
1790456494532,33.9428,200,
1790456494561,27.2307,200,
1790456494590,28.0878,200,
1790456494616,25.4766,200,
1790456494650,32.3341,200,
1790456494684,33.0783,200,
1790456494718,33.1455,200,
1790456494751,31.3854,200,
1790456494783,31.2397,200,
1790456494815,30.8638,200,
1790456494844,27.2951,200,
1790456494873,28.336,200,
1790456494900,25.3835,200,
1790456494928,27.5248,200,
1790456494958,28.6035,200,
1790456494991,31.8411,200,
1790456495021,29.3212,200,
1790456495055,32.6717,200,
1790456495089,32.2734,200,
1790456495120,30.2993,200,
1790456495149,27.7152,200,
1790456495179,29.0998,200,
1790456495206,27.0437,200,
1790456495234,25.5779,200,
1790456495266,30.3829,200,
1790456495299,31.082,200,
1790456495326,26.6842,200,
1790456495354,25.9157,200,
1790456495387,31.8469,200,
1790456495417,28.8565,200,
1790456495445,26.5579,200,
1790456495471,25.3349,200,
1790456495497,25.0536,200,
1790456495526,27.8876,200,
1790456495554,27.2604,200,
1790456495582,26.7418,200,
1790456495625,41.9525,200,
1790456495649,23.4457,200,
1790456495677,27.4036,200,
1790456495712,33.4777,200,
1790456495765,51.9218,200,
1790456495795,28.627,200,
1790456495829,32.2615,200,
1790456495857,26.7391,200,
1790456495887,29.4733,200,
1790456495918,29.7832,200,
1790456495950,31.9227,200,
1790456495981,29.3424,200,
1790456496013,31.3329,200,
1790456496045,30.9153,200,
1790456496073,27.5089,200,
1790456496099,24.7096,200,
1790456496124,24.4432,200,
1790456496156,30.3448,200,
1790456496183,26.0674,200,
1790456496213,28.5522,200,
1790456496241,28.0736,200,
1790456496273,31.4711,200,
1790456496312,36.7601,200,
1790456496362,49.0321,200,
1790456496391,27.8825,200,
1790456496428,35.1104,200,
1790456496453,24.6771,200,
1790456496481,26.974,200,
1790456496510,26.5987,200,
1790456496537,26.2244,200,
1790456496571,33.0731,200,
1790456496609,37.315,200,
1790456496640,29.0206,200,
1790456496670,28.6564,200,
1790456496697,26.0304,200,
1790456496729,30.7649,200,
1790456496755,25.4401,200,
1790456496788,30.7846,200,
1790456496827,38.4903,200,
1790456496866,37.3396,200,
1790456496904,37.5294,200,
1790456496951,44.8054,200,
1790456497013,60.3213,200,
1790456497057,43.5025,200,
1790456497091,32.485,200,
1790456497120,27.7482,200,
1790456497154,33.2979,200,
1790456497203,47.3991,200,
1790456497236,32.6476,200,
1790456497263,26.1055,200,
1790456497295,29.6252,200,
1790456497322,26.001,200,
1790456497351,28.7671,200,
1790456497378,25.0872,200,
1790456497408,29.509,200,
1790456497446,37.0267,200,
1790456497474,26.6377,200,
1790456497501,26.7735,200,
1790456497536,33.9183,200,
1790456497572,33.5603,200,
1790456497602,28.7093,200,
1790456497633,29.3274,200,
1790456497659,25.145,200,
1790456497698,36.7028,200,
1790456497731,32.5589,200,
1790456497765,31.8301,200,
1790456497793,27.2977,200,
1790456497825,31.8312,200,
1790456497858,31.3155,200,
1790456497888,30.0428,200,
1790456497938,47.0098,200,
1790456497974,35.5262,200,
1790456498014,38.7887,200,
1790456498042,26.9806,200,
1790456498076,32.9175,200,
1790456498104,27.2404,200,
1790456498131,27.0387,200,
1790456498164,30.1463,200,
1790456498199,33.6319,200,
1790456498230,29.5421,200,
1790456498263,32.0178,200,
1790456498312,47.6548,200,
1790456498349,36.2768,200,
1790456498380,30.5761,200,
1790456498415,33.1651,200,
1790456498449,32.7033,200,
1790456498480,29.5794,200,
1790456498510,29.5727,200,
1790456498545,33.385,200,
1790456498584,38.3618,200,
1790456498617,30.8675,200,
1790456498649,30.9773,200,
1790456498681,31.4745,200,
1790456498710,27.2264,200,
1790456498743,31.495,200,
1790456498772,27.2972,200,
1790456498799,25.437,200,
1790456498827,26.9577,200,
1790456498858,29.8199,200,
1790456498888,29.5942,200,
1790456498916,26.5962,200,
1790456498940,23.6949,200,
1790456498981,38.0693,200,
1790456499032,49.779,200,
1790456499091,58.4422,200,
1790456499162,69.392,200,
1790456499256,92.5084,200,
1790456499349,92.9925,200,
1790456499455,104.7368,200,
1790456499540,84.6245,200,
1790456499565,23.8035,200,
1790456499753,186.9798,200,
1790456499851,96.6967,200,
1790456499950,97.7641,200,
1790456500057,105.8128,200,
1790456500151,94.0325,200,
1790456500242,89.4054,200,
1790456500345,101.4148,200,
1790456500549,204.2244,200,
1790456500664,113.1962,200,
1790456500760,95.7269,200,
1790456500852,89.8952,200,
1790456500953,101.1173,200,
1790456501057,102.7035,200,
1790456501150,92.3247,200,
1790456501259,107.8113,200,
1790456501364,103.9678,200,
1790456501454,88.515,200,
1790456501555,100.2845,200,
1790456501672,115.7026,200,
1790456501750,76.5324,200,
1790456501954,203.4958,200,
1790456502153,197.7942,200,
1790456502352,198.3857,200,
1790456502450,95.7185,200,
1790456502562,111.6994,200,
1790456502665,101.654,200,
1790456502753,88.1947,200,
1790456502858,103.6433,200,
1790456502965,105.3825,200,
1790456503151,184.2281,200,
1790456503180,28.0798,200,
1790456503269,88.7211,200,
1790456503304,33.6111,200,
1790456503344,38.0805,200,
1790456503377,32.3309,200,
1790456503410,32.3809,200,
1790456503438,26.7789,200,
1790456503471,31.6327,200,
1790456503506,34.2037,200,
1790456503546,37.5709,200,
1790456503578,30.7894,200,
1790456503611,31.5629,200,
1790456503644,32.386,200,
1790456503673,27.4551,200,
1790456503699,26.4808,200,
1790456503735,32.7672,200,
1790456503770,34.5759,200,
1790456503805,32.9922,200,
1790456503840,34.4484,200,
1790456503870,29.5318,200,
1790456503904,32.6198,200,
1790456503933,28.0116,200,
1790456503964,30.1031,200,
1790456503994,29.2761,200,
1790456504029,33.365,200,
1790456504058,28.826,200,
1790456504086,25.5262,200,
1790456504116,28.4159,200,
1790456504149,32.2169,200,
1790456504187,37.0142,200,
1790456504215,26.7538,200,
1790456504248,31.4635,200,
1790456504275,25.9065,200,
1790456504303,26.5805,200,
1790456504332,27.7045,200,
1790456504363,30.4424,200,
1790456504389,25.1272,200,
1790456504417,26.7305,200,
1790456504448,28.5707,200,
1790456504482,32.8087,200,
1790456504517,34.1321,200,
1790456504546,28.0373,200,
1790456504583,35.1594,200,
1790456504621,36.644,200,
1790456504650,28.5565,200,
1790456504681,28.9952,200,
1790456504713,30.9492,200,
1790456504745,32.2106,200,
1790456504771,25.2175,200,
1790456504806,33.4275,200,
1790456504841,34.018,200,
1790456504872,29.6208,200,
1790456504903,29.5421,200,
1790456504934,29.599,200,
1790456504961,25.8205,200,
1790456504988,26.6,200,
1790456505018,29.7032,200,
1790456505050,30.6328,200,
1790456505078,27.0407,200,
1790456505107,26.5305,200,
1790456505145,37.2034,200,
1790456505181,34.3479,200,
1790456505210,28.2814,200,
1790456505240,28.6225,200,
1790456505274,32.8078,200,
1790456505303,26.7111,200,
1790456505331,27.7333,200,
1790456505363,30.0825,200,
1790456505388,24.4497,200,
1790456505418,28.9408,200,
1790456505455,35.6489,200,
1790456505487,30.6595,200,
1790456505514,25.6593,200,
1790456505544,29.3253,200,
1790456505573,28.0729,200,
1790456505605,30.4165,200,
1790456505635,29.8312,200,
1790456505671,34.7926,200,
1790456505697,25.9006,200,
1790456505732,32.9352,200,
1790456505764,30.7337,200,
1790456505797,31.0308,200,
1790456505829,31.1864,200,
1790456505858,28.6923,200,
1790456505889,29.3122,200,
1790456505916,26.562,200,
1790456505944,26.5679,200,
1790456505972,27.1498,200,
1790456506000,26.473,200,
1790456506033,32.4698,200,
1790456506071,35.9421,200,
1790456506098,26.6737,200,
1790456506125,24.6116,200,
1790456506154,28.4928,200,
1790456506182,27.545,200,
1790456506214,30.3351,200,
1790456506239,25.4865,200,
1790456506270,30.1018,200,
1790456506303,30.3832,200,
1790456506347,43.4762,200,
1790456506379,31.0471,200,
1790456506406,26.574,200,
1790456506432,24.3467,200,
1790456506458,24.7171,200,
1790456506482,24.3374,200,
1790456506511,26.7381,200,
1790456506537,24.7361,200,
1790456506566,27.655,200,
1790456506593,26.518,200,
1790456506631,35.8572,200,
1790456506662,29.7077,200,
1790456506694,30.3168,200,
1790456506720,25.4847,200,
1790456506749,27.9217,200,
1790456506784,33.5043,200,
1790456506815,30.8795,200,
1790456506848,31.2976,200,
1790456506895,45.7692,200,
1790456506941,44.5904,200,
1790456507184,242.321,200,
1790456507281,96.1497,200,
1790456507313,30.7149,200,
1790456507389,74.689,200,
1790456507416,26.3573,200,
1790456507483,65.9659,200,
1790456507511,26.3255,200,
1790456507542,29.5912,200,
1790456507573,30.1468,200,
1790456507599,24.9295,200,
1790456507624,23.9666,200,
1790456507652,26.3662,200,
1790456507681,28.3397,200,
1790456507721,39.058,200,
1790456507760,37.8443,200,
1790456507792,31.121,200,
1790456507830,35.814,200,
1790456507859,28.9276,200,
1790456507889,27.6546,200,
1790456507920,30.155,200,
1790456507954,33.6148,200,
1790456507994,38.8424,200,
1790456508021,25.689,200,
1790456508057,33.7734,200,
1790456508089,32.1356,200,
1790456508119,28.1274,200,
1790456508146,25.5768,200,
1790456508179,32.0744,200,
1790456508207,26.4097,200,
1790456508233,25.0719,200,
1790456508261,27.4219,200,
1790456508291,29.5951,200,
1790456508320,27.2047,200,
1790456508350,29.0681,200,
1790456508379,28.6623,200,
1790456508413,31.5394,200,
1790456508446,32.0433,200,
1790456508483,35.8537,200,
1790456508522,37.5029,200,
1790456508551,27.7305,200,
1790456508575,23.6841,200,
1790456508608,32.5819,200,
1790456508645,35.2659,200,
1790456508672,26.7009,200,
1790456508706,31.6621,200,
1790456508742,34.7703,200,
1790456508769,26.9219,200,
1790456508804,33.7769,200,
1790456508838,31.9602,200,
1790456508864,25.5405,200,
1790456508891,25.5944,200,
1790456508921,28.9946,200,
1790456508948,26.3573,200,
1790456508984,34.1172,200,
1790456509032,46.7469,200,
1790456509064,31.1595,200,
1790456509096,30.5004,200,
1790456509128,30.638,200,
1790456509162,33.4646,200,
1790456509192,28.4943,200,
1790456509231,36.1088,200,
1790456509263,30.909,200,
1790456509291,28.533,200,
1790456509322,28.4527,200,
1790456509352,29.9911,200,
1790456509390,36.4377,200,
1790456509423,32.0305,200,
1790456509454,29.5996,200,
1790456509484,29.839,200,
1790456509512,26.0234,200,
1790456509544,32.1964,200,
1790456509580,34.7194,200,
1790456509607,25.9132,200,
1790456509636,27.6969,200,
1790456509664,27.2905,200,
1790456509701,35.148,200,
1790456509738,35.5089,200,
1790456509770,30.7726,200,
1790456509801,30.2944,200,
1790456509830,28.4849,200,
1790456509858,26.0892,200,
1790456509893,33.404,200,
1790456509922,27.7246,200,
1790456509990,66.9115,200,
1790456510017,25.9727,200,
1790456510045,27.6405,200,
1790456510085,38.1841,200,
1790456510117,29.7725,200,
1790456510175,56.4586,200,
1790456510221,44.7549,200,
1790456510249,27.5858,200,
1790456510280,29.6933,200,
1790456510311,29.7104,200,
1790456510344,31.8506,200,
1790456510369,25.5142,200,
1790456510402,30.5285,200,
1790456510440,36.788,200,
1790456510475,33.3062,200,
1790456510507,30.4706,200,
1790456510543,35.2129,200,
1790456510590,45.3198,200,
1790456510648,56.6559,200,
1790456510676,27.6347,200,
1790456510716,37.5309,200,
1790456510744,28.4873,200,
1790456510783,36.6231,200,
1790456510822,37.5483,200,
1790456510852,28.727,200,
1790456510880,27.6721,200,
1790456510912,30.524,200,
1790456510938,24.95,200,
1790456510970,30.5523,200,
1790456511001,29.7004,200,
1790456511030,28.1239,200,
1790456511057,26.0642,200,
1790456511090,32.6323,200,
1790456511123,30.6373,200,
1790456511150,25.0183,200,
1790456511184,33.3513,200,
1790456511221,35.8457,200,
1790456511250,27.2747,200,
1790456511277,26.7928,200,
1790456511309,30.0891,200,
1790456511336,27.4579,200,
1790456511366,28.1586,200,
1790456511390,24.0516,200,
1790456511422,30.8097,200,
1790456511449,25.071,200,
1790456511478,28.5901,200,
1790456511507,27.648,200,
1790456511532,23.783,200,
1790456511556,23.5446,200,
1790456511593,35.5019,200,
1790456511625,30.7305,200,
1790456511649,23.1341,200,
1790456511684,34.0706,200,
1790456511714,28.2356,200,
1790456511737,22.3738,200,
1790456511768,29.3638,200,
1790456511799,30.3779,200,
1790456511832,30.3218,200,
1790456511864,31.7611,200,
1790456511897,30.8943,200,
1790456511930,31.4254,200,
1790456511970,38.532,200,
1790456512004,33.0923,200,
1790456512032,27.1647,200,
1790456512060,26.7202,200,
1790456512090,28.9313,200,
1790456512120,27.9104,200,
1790456512145,24.5585,200,
1790456512169,23.5354,200,
1790456512208,36.2349,200,
1790456512235,26.3636,200,
1790456512258,22.6005,200,
1790456512284,24.6648,200,
1790456512318,33.4684,200,
1790456512356,36.3624,200,
1790456512390,31.7853,200,
1790456512420,29.6352,200,
1790456512446,25.5318,200,
1790456512486,38.6275,200,
1790456512520,32.861,200,
1790456512548,26.7922,200,
1790456512573,24.048,200,
1790456512604,29.7046,200,
1790456512628,23.2429,200,
1790456512653,23.8888,200,
1790456512679,26.5021,200,
1790456512709,27.1254,200,
1790456512737,27.2956,200,
1790456512763,25.0563,200,
1790456512795,31.3889,200,
1790456512827,30.7957,200,
1790456512856,28.4287,200,
1790456512884,26.2193,200,
1790456512915,30.1829,200,
1790456512943,27.529,200,
1790456512985,39.961,200,
1790456513017,31.1655,200,
1790456513043,24.7757,200,
1790456513071,25.7773,200,
1790456513100,28.0096,200,
1790456513135,34.2575,200,
1790456513161,24.397,200,
1790456513191,29.7527,200,
1790456513220,28.1285,200,
